Nazwa;KOSZT;KOSZ Z MARŻĄ;Pomiń marże;Opis;Main Flaga;Flaga;ItemCategory;ItemType;ItemGroupType;PLIK;Stackowanie;Instancja[OLD];visualInstance;Instancja [SAGA3];Waga;Tier;adminRank;hideNick;Liczba użyć;Stamina 1 Hit;HP 1 hit;Mana 1 Hit;Stamina;HP;MANA;Rodzaj Obrażeń;DMG;Zasięg;W: Siła;W: Zręczność;W: Inteligencja;healing_tick;efekt czaru;Instancja przemiany;Mob pokojowy;HP przemiany;W: Krąg;W: Mana;runeType;Przedmiot do naprawy;Wytrzymałość;canRob;Podatek Silden %;Podatek Geldern %;expirationTime;foodType;enduranceCost;arrowSpeed;Obuchowa;Pociski;Sieczna;Magia;Ogień;Upadek;Profesja;Kategoria;model nazwa;Craftowalne;Zdobywalne;Dla Gracza;Do katalogu?
Mały zestaw naprawczy;7,20;9,34;FAŁSZ;Umożliwia prowizoryczną naprawę uszkodzonego sprzętu (T1 - T2).;ITEM_CAT_NONE;-;Common;Common;AdminCommon;common;PRAWDA;ItMi_HerbPaket;-;ITMI_GS_COM_24;1;1;Gamemaster;FAŁSZ;BRAK;BRAK;BRAK;BRAK;BRAK;BRAK;BRAK;BRAK;BRAK;BRAK;BRAK;BRAK;BRAK;BRAK;BRAK;BRAK;FAŁSZ;BRAK;BRAK;BRAK;;BRAK;BRAK;PRAWDA;5;5;BRAK;BRAK;BRAK;BRAK;BRAK;BRAK;BRAK;BRAK;BRAK;BRAK;Metalurg;;ItMi_Packet.3ds;TAK;NIE;TAK;PRAWDA
Średni zestaw naprawczy;33,20;45,19;FAŁSZ;Zawiera podstawowe narzędzia i materiały do drobnych napraw (T3 - T4).;ITEM_CAT_NONE;-;Common;Common;AdminCommon;common;PRAWDA;KM_ITMI_PACKET_06;-;ITMI_GS_COM_25;1,2;2;Gamemaster;FAŁSZ;BRAK;BRAK;BRAK;BRAK;BRAK;BRAK;BRAK;BRAK;BRAK;BRAK;BRAK;BRAK;BRAK;BRAK;BRAK;BRAK;FAŁSZ;BRAK;BRAK;BRAK;;BRAK;BRAK;PRAWDA;5;5;BRAK;BRAK;BRAK;BRAK;BRAK;BRAK;BRAK;BRAK;BRAK;BRAK;Metalurg;;KM_ITMI_PACKET_06.3ds;TAK;NIE;TAK;PRAWDA
Duży zestaw naprawczy;61,85;97,78;FAŁSZ;Zawiera wszystko, czego potrzebujesz, aby naprawić nawet najbardziej zniszczony sprzęt (T5).;ITEM_CAT_NONE;-;Common;Common;AdminCommon;common;PRAWDA;KM_ITMI_PACKET_05;-;ITMI_GS_COM_26;1,5;4;Gamemaster;FAŁSZ;BRAK;BRAK;BRAK;BRAK;BRAK;BRAK;BRAK;BRAK;BRAK;BRAK;BRAK;BRAK;BRAK;BRAK;BRAK;BRAK;FAŁSZ;BRAK;BRAK;BRAK;;BRAK;BRAK;PRAWDA;5;5;BRAK;BRAK;BRAK;BRAK;BRAK;BRAK;BRAK;BRAK;BRAK;BRAK;Metalurg;;KM_ITMI_PACKET_05.3ds;TAK;NIE;TAK;PRAWDA
Mały zestaw naprawczy do pancerzy;7,20;9,34;FAŁSZ;Umożliwia prowizoryczną naprawę uszkodzonego sprzętu (T1 - T2).;ITEM_CAT_NONE;-;Common;Common;AdminCommon;common;PRAWDA;ItMi_HerbPaket;ITMI_GS_COM_24;ITMI_GS_COM_24_V1;1;1;Gamemaster;FAŁSZ;BRAK;BRAK;BRAK;BRAK;BRAK;BRAK;BRAK;BRAK;BRAK;BRAK;BRAK;BRAK;BRAK;BRAK;BRAK;BRAK;FAŁSZ;BRAK;BRAK;BRAK;;BRAK;BRAK;PRAWDA;5;5;BRAK;BRAK;BRAK;BRAK;BRAK;BRAK;BRAK;BRAK;BRAK;BRAK;Metalurg;;ItMi_Packet.3ds;TAK;NIE;TAK;PRAWDA
Średni zestaw naprawczy do pancerzy;33,20;45,19;FAŁSZ;Zawiera podstawowe narzędzia i materiały do drobnych napraw (T3 - T4).;ITEM_CAT_NONE;-;Common;Common;AdminCommon;common;PRAWDA;ItMi_HerbPaket;ITMI_GS_COM_25;ITMI_GS_COM_25_V1;1;2;Gamemaster;FAŁSZ;BRAK;BRAK;BRAK;BRAK;BRAK;BRAK;BRAK;BRAK;BRAK;BRAK;BRAK;BRAK;BRAK;BRAK;BRAK;BRAK;FAŁSZ;BRAK;BRAK;BRAK;;BRAK;BRAK;PRAWDA;5;5;BRAK;BRAK;BRAK;BRAK;BRAK;BRAK;BRAK;BRAK;BRAK;BRAK;Metalurg;;KM_ITMI_PACKET_06.3ds;TAK;NIE;TAK;PRAWDA
Duży zestaw naprawczy do pancerzy;61,85;97,78;FAŁSZ;Zawiera wszystko, czego potrzebujesz, aby naprawić nawet najbardziej zniszczony sprzęt (T5).;ITEM_CAT_NONE;-;Common;Common;AdminCommon;common;PRAWDA;ItMi_HerbPaket;ITMI_GS_COM_26;ITMI_GS_COM_26_V1;1;4;Gamemaster;FAŁSZ;BRAK;BRAK;BRAK;BRAK;BRAK;BRAK;BRAK;BRAK;BRAK;BRAK;BRAK;BRAK;BRAK;BRAK;BRAK;BRAK;FAŁSZ;BRAK;BRAK;BRAK;;BRAK;BRAK;PRAWDA;5;5;BRAK;BRAK;BRAK;BRAK;BRAK;BRAK;BRAK;BRAK;BRAK;BRAK;Metalurg;;KM_ITMI_PACKET_05.3ds;TAK;NIE;TAK;PRAWDA
Zestaw do szycia;8,28;10,89;FAŁSZ;Niezbędny do naprawy podartej odzieży, zwłaszcza po spotkaniu z zębaczem (T1 - T2).;ITEM_CAT_NONE;-;Common;Common;AdminCommon;common;PRAWDA;KM_ITMI_PACKET_02;ITMI_GS_COM_24;ITMI_GS_COM_24_V2;0,5;1;Gamemaster;FAŁSZ;BRAK;BRAK;BRAK;BRAK;BRAK;BRAK;BRAK;BRAK;BRAK;BRAK;BRAK;BRAK;BRAK;BRAK;BRAK;BRAK;FAŁSZ;BRAK;BRAK;BRAK;;BRAK;BRAK;PRAWDA;5;5;BRAK;BRAK;BRAK;BRAK;BRAK;BRAK;BRAK;BRAK;BRAK;BRAK;Kaletnik;Inne;KM_ITMI_PACKET_02.3ds;TAK;NIE;TAK;PRAWDA
Wełniany zestaw do szycia;21,98;39,28;FAŁSZ;Zestaw do naprawy i tworzenia ubrań i pancerzy. Przydatny dla krawców i osób dbających o swój wygląd (T3 - T4).;ITEM_CAT_NONE;-;Common;Common;AdminCommon;common;PRAWDA;KM_ITMI_PACKET_01;ITMI_GS_COM_25;ITMI_GS_COM_25_V2;0,6;2;Gamemaster;FAŁSZ;BRAK;BRAK;BRAK;BRAK;BRAK;BRAK;BRAK;BRAK;BRAK;BRAK;BRAK;BRAK;BRAK;BRAK;BRAK;BRAK;FAŁSZ;BRAK;BRAK;BRAK;;BRAK;BRAK;PRAWDA;5;5;BRAK;BRAK;BRAK;BRAK;BRAK;BRAK;BRAK;BRAK;BRAK;BRAK;Kaletnik;Inne;KM_ITMI_PACKET_01.3ds;TAK;NIE;TAK;PRAWDA
Porządny zestaw do szycia;56,25;76,70;FAŁSZ;Zestaw do naprawy i tworzenia ubrań i pancerzy. Przydatny dla krawców i osób dbających o swój wygląd (T5).;ITEM_CAT_NONE;-;Common;Common;AdminCommon;common;PRAWDA;KM_ITMI_PACKET_01;ITMI_GS_COM_26;ITMI_GS_COM_26_V2;0,6;2;Gamemaster;FAŁSZ;BRAK;BRAK;BRAK;BRAK;BRAK;BRAK;BRAK;BRAK;BRAK;BRAK;BRAK;BRAK;BRAK;BRAK;BRAK;BRAK;FAŁSZ;BRAK;BRAK;BRAK;;BRAK;BRAK;PRAWDA;5;5;BRAK;BRAK;BRAK;BRAK;BRAK;BRAK;BRAK;BRAK;BRAK;BRAK;Kaletnik;Inne;KM_ITMI_PACKET_05.3ds;TAK;NIE;TAK;PRAWDA
Mały zestaw naprawczy do narzędzi;7,20;9,34;FAŁSZ;Umożliwia prowizoryczną naprawę uszkodzonego sprzętu (T1 - T2).;ITEM_CAT_NONE;-;Common;Common;AdminCommon;common;PRAWDA;ItMi_HerbPaket;ITMI_GS_COM_24;ITMI_GS_COM_24_V3;1;1;Gamemaster;FAŁSZ;BRAK;BRAK;BRAK;BRAK;BRAK;BRAK;BRAK;BRAK;BRAK;BRAK;BRAK;BRAK;BRAK;BRAK;BRAK;BRAK;FAŁSZ;BRAK;BRAK;BRAK;;BRAK;BRAK;PRAWDA;5;5;BRAK;BRAK;BRAK;BRAK;BRAK;BRAK;BRAK;BRAK;BRAK;BRAK;Metalurg;;ItMi_Packet.3ds;TAK;NIE;TAK;PRAWDA
Pieczona ryba;2,63;3,02;FAŁSZ;Ryba upieczona nad ogniem, gotowa do spożycia.;ITEM_CAT_FOOD;-;Consumable;Food;AdminFood;consumable;PRAWDA;ITFO_FISH;-;ITFO_GS_01;0,3;0;Gamemaster;FAŁSZ;1;5;BRAK;BRAK;5;BRAK;BRAK;BRAK;BRAK;BRAK;BRAK;BRAK;BRAK;BRAK;BRAK;BRAK;FAŁSZ;BRAK;BRAK;BRAK;;BRAK;BRAK;PRAWDA;5;5;43200;baked_food;BRAK;BRAK;BRAK;BRAK;BRAK;BRAK;BRAK;BRAK;Kucharz;Kuchenka;ItFo_Fish.3ds;TAK;NIE;TAK;PRAWDA
Pieczone mięso;3,13;3,44;FAŁSZ;Kawałek upieczonego, soczystego mięsa.;ITEM_CAT_FOOD;-;Consumable;Food;AdminFood;consumable;PRAWDA;"ITFO_ROASTEDRATMEAT			";-;ITFO_GS_02;0,3;0;Gamemaster;FAŁSZ;1;5;BRAK;BRAK;5;BRAK;BRAK;BRAK;BRAK;BRAK;BRAK;BRAK;BRAK;BRAK;BRAK;BRAK;FAŁSZ;BRAK;BRAK;BRAK;;BRAK;BRAK;PRAWDA;5;5;43200;baked_food;BRAK;BRAK;BRAK;BRAK;BRAK;BRAK;BRAK;BRAK;Kucharz;Kuchenka;KM_cooked_meat_02.3ds;TAK;NIE;TAK;PRAWDA
Pieczony chwast;2,47;2,71;FAŁSZ;Wysuszone i upieczone liście ziela.;ITEM_CAT_FOOD;-;Consumable;Food;AdminFood;consumable;PRAWDA;ITPL_WEED;-;ITFO_GS_71;0,3;0;Gamemaster;FAŁSZ;1;5;BRAK;BRAK;4;BRAK;BRAK;BRAK;BRAK;BRAK;BRAK;BRAK;BRAK;BRAK;BRAK;BRAK;FAŁSZ;BRAK;BRAK;BRAK;;BRAK;BRAK;PRAWDA;5;5;43200;baked_food;BRAK;BRAK;BRAK;BRAK;BRAK;BRAK;BRAK;BRAK;Kucharz;Kuchenka;ItPl_Weed.3ds;TAK;NIE;TAK;PRAWDA
Pasztet z resztek;3,63;3,99;FAŁSZ;Wytworzony z wszelakich pozostałości, które nadawały się jeszcze do zjedzenia i zmielenia.;ITEM_CAT_FOOD;-;Consumable;Food;AdminFood;consumable;PRAWDA;ITFO_POORPATE;-;ITFO_GS_03;0,3;0;Gamemaster;FAŁSZ;1;10;BRAK;BRAK;10;BRAK;BRAK;BRAK;BRAK;BRAK;BRAK;BRAK;BRAK;BRAK;BRAK;BRAK;FAŁSZ;BRAK;BRAK;BRAK;;BRAK;BRAK;PRAWDA;5;5;43200;baked_food;BRAK;BRAK;BRAK;BRAK;BRAK;BRAK;BRAK;BRAK;Kucharz;Kuchenka;KM_ITFO_oatmeal.3ds;TAK;NIE;TAK;PRAWDA
Pieczone owady;3,64;4,00;FAŁSZ;Chrupiące, starannie wypieczone insekty stanowiące pożywną przekąskę.;ITEM_CAT_FOOD;-;Consumable;Food;AdminFood;consumable;PRAWDA;ITFO_ROASTEDINSECTS;-;ITFO_GS_04;0,3;0;Gamemaster;FAŁSZ;1;10;BRAK;BRAK;10;BRAK;BRAK;BRAK;BRAK;BRAK;BRAK;BRAK;BRAK;BRAK;BRAK;BRAK;FAŁSZ;BRAK;BRAK;BRAK;;BRAK;BRAK;PRAWDA;5;5;43200;baked_food;BRAK;BRAK;BRAK;BRAK;BRAK;BRAK;BRAK;BRAK;Kucharz;Kuchenka;KM_ITFO_meatbug.3ds;TAK;NIE;TAK;PRAWDA
Chrupkie łuski rybne;4,88;5,44;FAŁSZ;Wytrawne, chrupiące łuski ze świeżo złowionej ryby.;ITEM_CAT_FOOD;-;Consumable;Food;AdminFood;consumable;PRAWDA;ITFO_FRIEDFISHSKINS;-;ITFO_GS_05;0,3;0;Gamemaster;FAŁSZ;1;10;BRAK;BRAK;10;BRAK;BRAK;BRAK;BRAK;BRAK;BRAK;BRAK;BRAK;BRAK;BRAK;BRAK;FAŁSZ;BRAK;BRAK;BRAK;;BRAK;BRAK;PRAWDA;5;5;43200;baked_food;BRAK;BRAK;BRAK;BRAK;BRAK;BRAK;BRAK;BRAK;Kucharz;Kuchenka;ItFo_FriedFishSkins.3ds;TAK;NIE;TAK;PRAWDA
Suszona ryba;3,78;4,32;FAŁSZ;Kawałek ususzonej ryby.;ITEM_CAT_FOOD;-;Consumable;Food;AdminFood;consumable;PRAWDA;ITFO_FISH;ITFO_GS_01;ITFO_GS_01_V1;0,3;1;Gamemaster;FAŁSZ;1;5;BRAK;BRAK;10;BRAK;BRAK;BRAK;BRAK;BRAK;BRAK;BRAK;BRAK;BRAK;BRAK;BRAK;FAŁSZ;BRAK;BRAK;BRAK;;BRAK;BRAK;PRAWDA;5;5;345600;baked_food;BRAK;BRAK;BRAK;BRAK;BRAK;BRAK;BRAK;BRAK;Kucharz;Kuchenka;ItFo_Fish.3ds;TAK;NIE;TAK;PRAWDA
Suszone mięso;4,28;4,70;FAŁSZ;Kawałek upieczonego, soczystego mięsa.;ITEM_CAT_FOOD;-;Consumable;Food;AdminFood;consumable;PRAWDA;"ITFO_ROASTEDRATMEAT			";ITFO_GS_02;ITFO_GS_02_V1;0,3;1;Gamemaster;FAŁSZ;1;5;BRAK;BRAK;10;BRAK;BRAK;BRAK;BRAK;BRAK;BRAK;BRAK;BRAK;BRAK;BRAK;BRAK;FAŁSZ;BRAK;BRAK;BRAK;;BRAK;BRAK;PRAWDA;5;5;345600;baked_food;BRAK;BRAK;BRAK;BRAK;BRAK;BRAK;BRAK;BRAK;Kucharz;Kuchenka;KM_cooked_meat_02.3ds;TAK;NIE;TAK;PRAWDA
Racje żywnościowe;BRAK;BRAK;PRAWDA;Racje żywnościowe, sycące idealne na długie wyprawy.;ITEM_CAT_FOOD;-;Consumable;Food;AdminFood;consumable;PRAWDA;"ITFO_ROASTEDRATMEAT			";ITFO_GS_17;ITFO_GS_17_V1;0,3;0;Gamemaster;FAŁSZ;1;100;BRAK;BRAK;100;BRAK;BRAK;BRAK;BRAK;BRAK;BRAK;BRAK;BRAK;BRAK;BRAK;BRAK;FAŁSZ;BRAK;BRAK;BRAK;;BRAK;BRAK;PRAWDA;5;5;BRAK;baked_food;BRAK;BRAK;BRAK;BRAK;BRAK;BRAK;BRAK;BRAK;Kucharz;Kuchenka;KM_ITFO_BreadMeatVegies.3ds;NIE;NIE;TAK;FAŁSZ
Wiejska jajecznica;5,20;6,40;FAŁSZ;Jajecznica przyrządzona z wiejskich jaj.;ITEM_CAT_FOOD;-;Consumable;Food;AdminFood;consumable;PRAWDA;ITFO_POOREGGS;-;ITFO_GS_06;0,4;1;Gamemaster;FAŁSZ;1;20;BRAK;BRAK;20;BRAK;BRAK;BRAK;BRAK;BRAK;BRAK;BRAK;BRAK;BRAK;BRAK;BRAK;FAŁSZ;BRAK;BRAK;BRAK;;BRAK;BRAK;PRAWDA;5;5;129600;baked_food;BRAK;BRAK;BRAK;BRAK;BRAK;BRAK;BRAK;BRAK;Kucharz;Kuchenka;KM_ITFO_ScrambledEggs.3ds;TAK;NIE;TAK;PRAWDA
Szczur na patyku;5,71;6,61;FAŁSZ;Oskórowany szczur nadziany na drewniany patyk, pieczony na ogniu.;ITEM_CAT_FOOD;-;Consumable;Food;AdminFood;consumable;PRAWDA;ITFO_RATSTICK;-;ITFO_GS_07;0,4;1;Gamemaster;FAŁSZ;1;15;BRAK;BRAK;20;BRAK;BRAK;BRAK;BRAK;BRAK;BRAK;BRAK;BRAK;BRAK;BRAK;BRAK;FAŁSZ;BRAK;BRAK;BRAK;;BRAK;BRAK;PRAWDA;5;5;129600;baked_food;BRAK;BRAK;BRAK;BRAK;BRAK;BRAK;BRAK;BRAK;Kucharz;Kuchenka;KM_ITFO_shashlik.3ds;TAK;NIE;TAK;PRAWDA
Ryba w cieście piwnym;3,23;3,98;FAŁSZ;Kawałki morskiej ryby obtoczone w chrupiącym cieście na bazie piwa.;ITEM_CAT_FOOD;-;Consumable;Food;AdminFood;consumable;PRAWDA;ITFO_BEERFISH;-;ITFO_GS_08;0,4;1;Gamemaster;FAŁSZ;1;20;BRAK;BRAK;14;BRAK;BRAK;BRAK;BRAK;BRAK;BRAK;BRAK;BRAK;BRAK;BRAK;BRAK;FAŁSZ;BRAK;BRAK;BRAK;;BRAK;BRAK;PRAWDA;5;5;129600;baked_food;BRAK;BRAK;BRAK;BRAK;BRAK;BRAK;BRAK;BRAK;Kucharz;Kuchenka;ItFo_BeerFish.3ds;TAK;NIE;TAK;PRAWDA
Bigos z ochłapów;4,48;5,20;FAŁSZ;Gęsty bigos przygotowany z resztek mięsa i kapusty.;ITEM_CAT_FOOD;-;Consumable;Food;AdminFood;consumable;PRAWDA;ITFO_MEATMISHMASH;-;ITFO_GS_09;0,4;1;Gamemaster;FAŁSZ;1;20;BRAK;BRAK;17;BRAK;BRAK;BRAK;BRAK;BRAK;BRAK;BRAK;BRAK;BRAK;BRAK;BRAK;FAŁSZ;BRAK;BRAK;BRAK;;BRAK;BRAK;PRAWDA;5;5;129600;baked_food;BRAK;BRAK;BRAK;BRAK;BRAK;BRAK;BRAK;BRAK;Kucharz;Kuchenka;ITFO_STEW_02.3ds;TAK;NIE;TAK;PRAWDA
Kiszone grzyby;3,12;3,59;FAŁSZ;Grzyby leśne w aromatycznej solance, konserwowane tradycyjną metodą.;ITEM_CAT_FOOD;-;Consumable;Food;AdminFood;consumable;PRAWDA;ITFO_PICKLEDMUSHROOMS;-;ITFO_GS_10;0,4;1;Gamemaster;FAŁSZ;1;10;BRAK;BRAK;12;BRAK;BRAK;BRAK;BRAK;BRAK;BRAK;BRAK;BRAK;BRAK;BRAK;BRAK;FAŁSZ;BRAK;BRAK;BRAK;;BRAK;BRAK;PRAWDA;5;5;129600;baked_food;BRAK;BRAK;BRAK;BRAK;BRAK;BRAK;BRAK;BRAK;Kucharz;Kuchenka;KM_ITFO_mushrooms.3ds;TAK;NIE;TAK;PRAWDA
Kwaśna rzepa;3,61;4,15;FAŁSZ;Kwaśna, chrupiąca rzepa, którą można znaleźć na polach i farmach.;ITEM_CAT_FOOD;-;Consumable;Food;AdminFood;consumable;PRAWDA;ITFO_PICKLEDBEET;-;ITFO_GS_11;0,4;1;Gamemaster;FAŁSZ;1;10;BRAK;BRAK;12;BRAK;BRAK;BRAK;BRAK;BRAK;BRAK;BRAK;BRAK;BRAK;BRAK;BRAK;FAŁSZ;BRAK;BRAK;BRAK;;BRAK;BRAK;PRAWDA;5;5;129600;baked_food;BRAK;BRAK;BRAK;BRAK;BRAK;BRAK;BRAK;BRAK;Kucharz;Kuchenka;KM_ITFO_PickledTurnips.3ds;TAK;NIE;TAK;PRAWDA
Szaszłyk ze ścierwojada i dyni;6,24;7,55;FAŁSZ;Kawałki mięsa ścierwojada i dyni nadziane na patyk.;ITEM_CAT_FOOD;-;Consumable;Food;AdminFood;consumable;PRAWDA;ITFO_RATSTICK;-;ITFO_GS_12;0,5;2;Gamemaster;FAŁSZ;1;25;BRAK;BRAK;30;BRAK;BRAK;BRAK;BRAK;BRAK;BRAK;BRAK;BRAK;BRAK;BRAK;BRAK;FAŁSZ;BRAK;BRAK;BRAK;;BRAK;BRAK;PRAWDA;5;5;151200;baked_food;BRAK;BRAK;BRAK;BRAK;BRAK;BRAK;BRAK;BRAK;Kucharz;Kuchenka;KM_ITFO_shashlik.3ds;TAK;NIE;TAK;PRAWDA
Ryba w occie z ognistym zielem;5,48;6,76;FAŁSZ;Ryba marynowana w kwaśnej zalewie, doprawiona ostrymi ziołami.;ITEM_CAT_FOOD;-;Consumable;Food;AdminFood;consumable;PRAWDA;ITFO_FISHVINEGAR;-;ITFO_GS_13;0,5;2;Gamemaster;FAŁSZ;1;25;BRAK;BRAK;30;BRAK;BRAK;BRAK;BRAK;BRAK;BRAK;BRAK;BRAK;BRAK;BRAK;BRAK;FAŁSZ;BRAK;BRAK;BRAK;;BRAK;BRAK;PRAWDA;5;5;151200;baked_food;BRAK;BRAK;BRAK;BRAK;BRAK;BRAK;BRAK;BRAK;Kucharz;Kuchenka;ItFo_FishSoup.3ds;TAK;NIE;TAK;PRAWDA
Wędzona ryba ziołowa;5,93;7,25;FAŁSZ;Ryba wędzona aromatycznymi ziołami.;ITEM_CAT_FOOD;-;Consumable;Food;AdminFood;consumable;PRAWDA;ITFO_SMOKEDHERBFISH;-;ITFO_GS_14;0,5;2;Gamemaster;FAŁSZ;1;25;BRAK;BRAK;30;BRAK;BRAK;BRAK;BRAK;BRAK;BRAK;BRAK;BRAK;BRAK;BRAK;BRAK;FAŁSZ;BRAK;BRAK;BRAK;;BRAK;BRAK;PRAWDA;5;5;151200;baked_food;BRAK;BRAK;BRAK;BRAK;BRAK;BRAK;BRAK;BRAK;Kucharz;Kuchenka;KM_ITFO_Fish01.3ds;TAK;NIE;TAK;PRAWDA
Garnek mięsny;6,38;7,71;FAŁSZ;Naczynie gliniane wypełnione duszonym mięsem.;ITEM_CAT_FOOD;-;Consumable;Food;AdminFood;consumable;PRAWDA;ITFO_MARTHSOUP3;-;ITFO_GS_15;0,5;2;Gamemaster;FAŁSZ;1;25;BRAK;BRAK;30;BRAK;BRAK;BRAK;BRAK;BRAK;BRAK;BRAK;BRAK;BRAK;BRAK;BRAK;FAŁSZ;BRAK;BRAK;BRAK;;BRAK;BRAK;PRAWDA;5;5;151200;baked_food;BRAK;BRAK;BRAK;BRAK;BRAK;BRAK;BRAK;BRAK;Kucharz;Kuchenka;KM_ITFO_FoodPot.3ds;TAK;NIE;TAK;PRAWDA
Pieczone ostrygi;5,46;7,09;FAŁSZ;Owoce morza, które zostały poddane obróbce termicznej w piecu, często doprawione serem i przyprawami.;ITEM_CAT_FOOD;-;Consumable;Food;AdminFood;consumable;PRAWDA;ITFO_SIMPLEOYSTERS;-;ITFO_GS_16;0,5;2;Gamemaster;FAŁSZ;1;25;BRAK;BRAK;30;BRAK;BRAK;BRAK;BRAK;BRAK;BRAK;BRAK;BRAK;BRAK;BRAK;BRAK;FAŁSZ;BRAK;BRAK;BRAK;;BRAK;BRAK;PRAWDA;5;5;151200;baked_food;BRAK;BRAK;BRAK;BRAK;BRAK;BRAK;BRAK;BRAK;Kucharz;Kuchenka;KM_ITFO_SeaFruit.3ds;TAK;NIE;TAK;PRAWDA
Mięsne paczuszki;6,40;8,12;FAŁSZ;Kawałki suszonego i wędzonego mięsa, zapakowane w niewielkie, poręczne pakiety.;ITEM_CAT_FOOD;-;Consumable;Food;AdminFood;consumable;PRAWDA;ITFO_MEATPACKS;-;ITFO_GS_17;0,5;2;Gamemaster;FAŁSZ;1;25;BRAK;BRAK;30;BRAK;BRAK;BRAK;BRAK;BRAK;BRAK;BRAK;BRAK;BRAK;BRAK;BRAK;FAŁSZ;BRAK;BRAK;BRAK;;BRAK;BRAK;PRAWDA;5;5;151200;baked_food;BRAK;BRAK;BRAK;BRAK;BRAK;BRAK;BRAK;BRAK;Kucharz;Kuchenka;KM_ITFO_BreadMeatVegies.3ds;TAK;NIE;TAK;PRAWDA
Zapiekanka farmerska;9,46;14,23;FAŁSZ;Mieszanka wszystkiego, co rośnie na farmie, i co można zapiec.;ITEM_CAT_FOOD;-;Consumable;Food;AdminFood;consumable;PRAWDA;ITFO_MEATANDCHEESE;-;ITFO_GS_18;0,6;3;Gamemaster;FAŁSZ;1;35;BRAK;BRAK;40;BRAK;BRAK;BRAK;BRAK;BRAK;BRAK;BRAK;BRAK;BRAK;BRAK;BRAK;FAŁSZ;BRAK;BRAK;BRAK;;BRAK;BRAK;PRAWDA;5;5;172800;baked_food;BRAK;BRAK;BRAK;BRAK;BRAK;BRAK;BRAK;BRAK;Kucharz;Kuchenka;ItFo_MeatAndBread.3ds;TAK;NIE;TAK;PRAWDA
Pieczeń pasterska w miodzie;10,58;13,28;FAŁSZ;Sycące danie z mięsa i warzyw, pokryte delikatną warstwą miodu.;ITEM_CAT_FOOD;-;Consumable;Food;AdminFood;consumable;PRAWDA;ITFO_SHEPARDROAST;-;ITFO_GS_19;0,6;3;Gamemaster;FAŁSZ;1;35;BRAK;BRAK;40;BRAK;BRAK;BRAK;BRAK;BRAK;BRAK;BRAK;BRAK;BRAK;BRAK;BRAK;FAŁSZ;BRAK;BRAK;BRAK;;BRAK;BRAK;PRAWDA;5;5;172800;baked_food;BRAK;BRAK;BRAK;BRAK;BRAK;BRAK;BRAK;BRAK;Kucharz;Kuchenka;ItFo_ShepardRoast.3ds;TAK;NIE;TAK;PRAWDA
Specjalność łowcy;8,68;10,90;FAŁSZ;Pyszna potrawa sporządzona ze świeżego mięsa, doskonale przyrządzona przez doświadczonego łowcę.;ITEM_CAT_FOOD;-;Consumable;Food;AdminFood;consumable;PRAWDA;ITFO_HUNTERSPECIAL;-;ITFO_GS_20;0,6;3;Gamemaster;FAŁSZ;1;35;BRAK;BRAK;35;BRAK;BRAK;BRAK;BRAK;BRAK;BRAK;BRAK;BRAK;BRAK;BRAK;BRAK;FAŁSZ;BRAK;BRAK;BRAK;;BRAK;BRAK;PRAWDA;5;5;172800;baked_food;BRAK;BRAK;BRAK;BRAK;BRAK;BRAK;BRAK;BRAK;Kucharz;Kuchenka;ITFO_STEW_01.3ds;TAK;NIE;TAK;PRAWDA
Filet rybny ze szczawiem królewskim;7,06;8,92;FAŁSZ;Filet z ryby, zapieczony z rzadkim, królewskim szczawiem.;ITEM_CAT_FOOD;-;Consumable;Food;AdminFood;consumable;PRAWDA;ITFO_FISHFILLETPERM;-;ITFO_GS_21;0,6;3;Gamemaster;FAŁSZ;1;35;BRAK;BRAK;35;BRAK;BRAK;BRAK;BRAK;BRAK;BRAK;BRAK;BRAK;BRAK;BRAK;BRAK;FAŁSZ;BRAK;BRAK;BRAK;;BRAK;BRAK;PRAWDA;5;5;172800;baked_food;BRAK;BRAK;BRAK;BRAK;BRAK;BRAK;BRAK;BRAK;Kucharz;Kuchenka;ItFo_FishFilletPerm.3ds;TAK;NIE;TAK;PRAWDA
Dziczyzna w rumie;7,10;9,34;FAŁSZ;Kawałek mięsa dzikiego zwierzęcia zamarynowany i upieczony z dodatkiem rumu.;ITEM_CAT_FOOD;-;Consumable;Food;AdminFood;consumable;PRAWDA;ITFO_MEATMISHMASH;-;ITFO_GS_22;0,6;3;Gamemaster;FAŁSZ;1;35;BRAK;BRAK;35;BRAK;BRAK;BRAK;BRAK;BRAK;BRAK;BRAK;BRAK;BRAK;BRAK;BRAK;FAŁSZ;BRAK;BRAK;BRAK;;BRAK;BRAK;PRAWDA;5;5;172800;baked_food;BRAK;BRAK;BRAK;BRAK;BRAK;BRAK;BRAK;BRAK;Kucharz;Kuchenka;ITFO_STEW_02.3ds;TAK;NIE;TAK;PRAWDA
Kebab;BRAK;BRAK;PRAWDA;Dokładnie posmarowany pastą szefa.;ITEM_CAT_FOOD;-;Consumable;Food;AdminFood;consumable;PRAWDA;ITFO_MEATMISHMASH;-;ITFO_GS_72;0,6;3;Gamemaster;FAŁSZ;1;50;BRAK;BRAK;50;BRAK;BRAK;BRAK;BRAK;BRAK;BRAK;BRAK;BRAK;BRAK;BRAK;BRAK;FAŁSZ;BRAK;BRAK;BRAK;;BRAK;BRAK;PRAWDA;5;5;172800;baked_food;BRAK;BRAK;BRAK;BRAK;BRAK;BRAK;BRAK;BRAK;Kucharz;Kuchenka;;TAK;NIE;TAK;FAŁSZ
Wodzianka;5,19;6,19;FAŁSZ;Skromna zupa z chleba i wody.;ITEM_CAT_FOOD;-;Consumable;Food;AdminFood;consumable;PRAWDA;ITFO_BREADSOUP;-;ITFO_GS_23;0,4;1;Gamemaster;FAŁSZ;1;20;BRAK;BRAK;20;BRAK;BRAK;BRAK;BRAK;BRAK;BRAK;BRAK;BRAK;BRAK;BRAK;BRAK;FAŁSZ;BRAK;BRAK;BRAK;;BRAK;BRAK;PRAWDA;5;5;129600;soup;BRAK;BRAK;BRAK;BRAK;BRAK;BRAK;BRAK;BRAK;Kucharz;Garnek;KM_ITFO_soup01.3ds;TAK;NIE;TAK;PRAWDA
Pokrzepiający rosół z resztek;5,29;6,08;FAŁSZ;Zupa przyrządzona z tego, co zostało po uczcie.;ITEM_CAT_FOOD;-;Consumable;Food;AdminFood;consumable;PRAWDA;ITFO_BREADSOUP;-;ITFO_GS_24;0,4;1;Gamemaster;FAŁSZ;1;20;BRAK;BRAK;15;BRAK;BRAK;BRAK;BRAK;BRAK;BRAK;BRAK;BRAK;BRAK;BRAK;BRAK;FAŁSZ;BRAK;BRAK;BRAK;;BRAK;BRAK;PRAWDA;5;5;129600;soup;BRAK;BRAK;BRAK;BRAK;BRAK;BRAK;BRAK;BRAK;Kucharz;Garnek;KM_ITFO_soup01.3ds;TAK;NIE;TAK;PRAWDA
Flaczki z ciemnych grzybów;4,46;5,13;FAŁSZ;Pikantna potrawa przygotowana z wnętrzności oraz rzadkich, ciemnych grzybów leśnych.;ITEM_CAT_FOOD;-;Consumable;Food;AdminFood;consumable;PRAWDA;ITFO_HUNTERSPECIAL;-;ITFO_GS_25;0,4;1;Gamemaster;FAŁSZ;1;20;BRAK;BRAK;15;BRAK;BRAK;BRAK;BRAK;BRAK;BRAK;BRAK;BRAK;BRAK;BRAK;BRAK;FAŁSZ;BRAK;BRAK;BRAK;;BRAK;BRAK;PRAWDA;5;5;129600;soup;BRAK;BRAK;BRAK;BRAK;BRAK;BRAK;BRAK;BRAK;Kucharz;Garnek;ITFO_STEW_01.3ds;TAK;NIE;TAK;PRAWDA
Polewka z rdestu;4,19;4,82;FAŁSZ;Gęsta zupa zrobiona na bazie rdestu, gotowana na wolnym ogniu.;ITEM_CAT_FOOD;-;Consumable;Food;AdminFood;consumable;PRAWDA;ITFO_RIVERMIRTSOUP;-;ITFO_GS_26;0,4;1;Gamemaster;FAŁSZ;1;20;BRAK;BRAK;15;BRAK;BRAK;BRAK;BRAK;BRAK;BRAK;BRAK;BRAK;BRAK;BRAK;BRAK;FAŁSZ;BRAK;BRAK;BRAK;;BRAK;BRAK;PRAWDA;5;5;129600;soup;BRAK;BRAK;BRAK;BRAK;BRAK;BRAK;BRAK;BRAK;Kucharz;Garnek;ITFO_STEW_03.3ds;TAK;NIE;TAK;PRAWDA
Zupa rybna z ziołami;5,07;5,93;FAŁSZ;Aromatyczna zupa przygotowana z różnych ryb i mieszanki świeżych ziół.;ITEM_CAT_FOOD;-;Consumable;Food;AdminFood;consumable;PRAWDA;ITFO_BREADSOUP;-;ITFO_GS_27;0,4;1;Gamemaster;FAŁSZ;1;20;BRAK;BRAK;15;BRAK;BRAK;BRAK;BRAK;BRAK;BRAK;BRAK;BRAK;BRAK;BRAK;BRAK;FAŁSZ;BRAK;BRAK;BRAK;;BRAK;BRAK;PRAWDA;5;5;129600;soup;BRAK;BRAK;BRAK;BRAK;BRAK;BRAK;BRAK;BRAK;Kucharz;Garnek;KM_ITFO_soup01.3ds;TAK;NIE;TAK;PRAWDA
Potrawka szybkości;6,23;7,47;FAŁSZ;Pożywna, ale prosta potrawka, przygotowana z rzadkich składników, która pobudza ciało.;ITEM_CAT_FOOD;-;Consumable;Food;AdminFood;consumable;PRAWDA;ITFO_MEATMISHMASH;-;ITFO_GS_28;0,5;2;Gamemaster;FAŁSZ;1;25;BRAK;BRAK;30;BRAK;BRAK;BRAK;BRAK;BRAK;BRAK;BRAK;BRAK;BRAK;BRAK;BRAK;FAŁSZ;BRAK;BRAK;BRAK;;BRAK;BRAK;PRAWDA;5;5;151200;soup;BRAK;BRAK;BRAK;BRAK;BRAK;BRAK;BRAK;BRAK;Kucharz;Garnek;ITFO_STEW_02.3ds;TAK;NIE;TAK;PRAWDA
Kociołek rybaka;5,43;6,62;FAŁSZ;Obfita porcja zupy przyrządzona ze świeżych ryb i warzyw.;ITEM_CAT_FOOD;-;Consumable;Food;AdminFood;consumable;PRAWDA;ITFO_MARTHSOUP3;-;ITFO_GS_29;0,5;2;Gamemaster;FAŁSZ;1;25;BRAK;BRAK;30;BRAK;BRAK;BRAK;BRAK;BRAK;BRAK;BRAK;BRAK;BRAK;BRAK;BRAK;FAŁSZ;BRAK;BRAK;BRAK;;BRAK;BRAK;PRAWDA;5;5;151200;soup;BRAK;BRAK;BRAK;BRAK;BRAK;BRAK;BRAK;BRAK;Kucharz;Garnek;KM_ITFO_FoodPot.3ds;TAK;NIE;TAK;PRAWDA
Wywar z grzybów i ziół;6,80;8,16;FAŁSZ;Wywar zrobiony z grzybów i różnych ziół.;ITEM_CAT_FOOD;-;Consumable;Food;AdminFood;consumable;PRAWDA;ITFO_RIVERMIRTSOUP;-;ITFO_GS_30;0,5;2;Gamemaster;FAŁSZ;1;25;BRAK;BRAK;30;BRAK;BRAK;BRAK;BRAK;BRAK;BRAK;BRAK;BRAK;BRAK;BRAK;BRAK;FAŁSZ;BRAK;BRAK;BRAK;;BRAK;BRAK;PRAWDA;5;5;151200;soup;BRAK;BRAK;BRAK;BRAK;BRAK;BRAK;BRAK;BRAK;Kucharz;Garnek;ITFO_STEW_03.3ds;TAK;NIE;TAK;PRAWDA
Zupa serowa;15,78;25,57;FAŁSZ;Gęsta, pożywna zupa przyrządzona z wykwintnego sera i aromatycznych ziół.;ITEM_CAT_FOOD;-;Consumable;Food;AdminFood;consumable;PRAWDA;ITFO_BREADSOUP;-;ITFO_GS_31;0,6;3;Gamemaster;FAŁSZ;1;35;BRAK;BRAK;40;BRAK;BRAK;BRAK;BRAK;BRAK;BRAK;BRAK;BRAK;BRAK;BRAK;BRAK;FAŁSZ;BRAK;BRAK;BRAK;;BRAK;BRAK;PRAWDA;5;5;172800;soup;BRAK;BRAK;BRAK;BRAK;BRAK;BRAK;BRAK;BRAK;Kucharz;Garnek;KM_ITFO_soup01.3ds;TAK;NIE;TAK;PRAWDA
Zupa z młodego szczawiu;13,04;17,71;FAŁSZ;Pożywna zupa przyrządzona z młodego szczawiu (zbieżność imion z Game Advisorem przypadkowa).;ITEM_CAT_FOOD;-;Consumable;Food;AdminFood;consumable;PRAWDA;ITFO_MANAPERMSOUP;-;ITFO_GS_32;0,6;3;Gamemaster;FAŁSZ;1;35;BRAK;BRAK;40;BRAK;BRAK;BRAK;BRAK;BRAK;BRAK;BRAK;BRAK;BRAK;BRAK;BRAK;FAŁSZ;BRAK;BRAK;BRAK;;BRAK;BRAK;PRAWDA;5;5;172800;soup;BRAK;BRAK;BRAK;BRAK;BRAK;BRAK;BRAK;BRAK;Kucharz;Garnek;KM_ITFO_soup02.3ds;TAK;NIE;TAK;PRAWDA
Ziołowa zupa z trolla;6,61;8,27;FAŁSZ;Pożywna zupa przyrządzona z rzadkich ziół i mięsa trolla.;ITEM_CAT_FOOD;-;Consumable;Food;AdminFood;consumable;PRAWDA;ITFO_MANAPERMSOUP;-;ITFO_GS_33;0,6;3;Gamemaster;FAŁSZ;1;35;BRAK;BRAK;35;BRAK;BRAK;BRAK;BRAK;BRAK;BRAK;BRAK;BRAK;BRAK;BRAK;BRAK;FAŁSZ;BRAK;BRAK;BRAK;;BRAK;BRAK;PRAWDA;5;5;172800;soup;BRAK;BRAK;BRAK;BRAK;BRAK;BRAK;BRAK;BRAK;Kucharz;Garnek;KM_ITFO_soup02.3ds;TAK;NIE;TAK;PRAWDA
Zupa korzenna z kapustą;7,45;9,31;FAŁSZ;Gęsta zupa z dodatkiem korzeni i kapusty, ciepły posiłek dla każdego.;ITEM_CAT_FOOD;-;Consumable;Food;AdminFood;consumable;PRAWDA;ITFO_RIVERMIRTSOUP;-;ITFO_GS_34;0,6;3;Gamemaster;FAŁSZ;1;35;BRAK;BRAK;35;BRAK;BRAK;BRAK;BRAK;BRAK;BRAK;BRAK;BRAK;BRAK;BRAK;BRAK;FAŁSZ;BRAK;BRAK;BRAK;;BRAK;BRAK;PRAWDA;5;5;172800;soup;BRAK;BRAK;BRAK;BRAK;BRAK;BRAK;BRAK;BRAK;Kucharz;Garnek;ITFO_STEW_03.3ds;TAK;NIE;TAK;PRAWDA
Chleb;2,09;2,59;FAŁSZ;Pieczywo otrzymane z mąki i wody.;ITEM_CAT_FOOD;-;Consumable;Food;AdminFood;consumable;PRAWDA;ITFO_BREAD;-;ITFO_GS_35;0,4;1;Gamemaster;FAŁSZ;1;15;BRAK;BRAK;10;BRAK;BRAK;BRAK;BRAK;BRAK;BRAK;BRAK;BRAK;BRAK;BRAK;BRAK;FAŁSZ;BRAK;BRAK;BRAK;;BRAK;BRAK;PRAWDA;5;5;129600;cake;BRAK;BRAK;BRAK;BRAK;BRAK;BRAK;BRAK;BRAK;Kucharz;Piec;ItFo_Bread.3ds;TAK;NIE;TAK;PRAWDA
Jabłka w cieście;4,74;6,18;FAŁSZ;Kawałki jabłek zanurzone w słodkim cieście i usmażone na złoty kolor.;ITEM_CAT_FOOD;-;Consumable;Food;AdminFood;consumable;PRAWDA;ITFO_APPLEPIE;-;ITFO_GS_36;0,4;1;Gamemaster;FAŁSZ;1;20;BRAK;BRAK;15;BRAK;BRAK;BRAK;BRAK;BRAK;BRAK;BRAK;BRAK;BRAK;BRAK;BRAK;FAŁSZ;BRAK;BRAK;BRAK;;BRAK;BRAK;PRAWDA;5;5;129600;cake;BRAK;BRAK;BRAK;BRAK;BRAK;BRAK;BRAK;BRAK;Kucharz;Piec;ItFo_ApplePie.3ds;TAK;NIE;TAK;PRAWDA
Placek warzywno grzybowy;5,31;6,27;FAŁSZ;Pikantny placek z jesiennymi warzywami i leśnymi grzybami.;ITEM_CAT_FOOD;-;Consumable;Food;AdminFood;consumable;PRAWDA;ITFO_VEGEPIE;-;ITFO_GS_37;0,4;1;Gamemaster;FAŁSZ;1;20;BRAK;BRAK;15;BRAK;BRAK;BRAK;BRAK;BRAK;BRAK;BRAK;BRAK;BRAK;BRAK;BRAK;FAŁSZ;BRAK;BRAK;BRAK;;BRAK;BRAK;PRAWDA;5;5;129600;cake;BRAK;BRAK;BRAK;BRAK;BRAK;BRAK;BRAK;BRAK;Kucharz;Piec;KM_ITFO_Pie02.3ds;TAK;NIE;TAK;PRAWDA
Słodka drożdżówka;4,82;6,07;FAŁSZ;Wypiek przygotowany z mąki, cukru i drożdży, idealny jako przekąska.;ITEM_CAT_FOOD;-;Consumable;Food;AdminFood;consumable;PRAWDA;ITFO_SWEETBUN;-;ITFO_GS_38;0,4;1;Gamemaster;FAŁSZ;1;20;BRAK;BRAK;15;BRAK;BRAK;BRAK;BRAK;BRAK;BRAK;BRAK;BRAK;BRAK;BRAK;BRAK;FAŁSZ;BRAK;BRAK;BRAK;;BRAK;BRAK;PRAWDA;5;5;129600;cake;BRAK;BRAK;BRAK;BRAK;BRAK;BRAK;BRAK;BRAK;Kucharz;Piec;ItFo_SweetBun.3ds;TAK;NIE;TAK;PRAWDA
Placek z mięsem;4,02;5,08;FAŁSZ;Skromny, sycący placek wypełniony kawałkami mięsa. Idealny posiłek dla wędrowca.;ITEM_CAT_FOOD;-;Consumable;Food;AdminFood;consumable;PRAWDA;ITFO_VEGEPIE;-;ITFO_GS_39;0,4;1;Gamemaster;FAŁSZ;1;20;BRAK;BRAK;15;BRAK;BRAK;BRAK;BRAK;BRAK;BRAK;BRAK;BRAK;BRAK;BRAK;BRAK;FAŁSZ;BRAK;BRAK;BRAK;;BRAK;BRAK;PRAWDA;5;5;129600;cake;BRAK;BRAK;BRAK;BRAK;BRAK;BRAK;BRAK;BRAK;Kucharz;Piec;KM_ITFO_Pie02.3ds;TAK;NIE;TAK;PRAWDA
Słodka bułka;7,38;9,77;FAŁSZ;Niech zgadnę, ktoś Ci ukradł słodką bułkę…;ITEM_CAT_FOOD;-;Consumable;Food;AdminFood;consumable;PRAWDA;ITFO_SWEETBUN;-;ITFO_GS_40;0,5;2;Gamemaster;FAŁSZ;1;25;BRAK;BRAK;20;BRAK;BRAK;BRAK;BRAK;BRAK;BRAK;BRAK;BRAK;BRAK;BRAK;BRAK;FAŁSZ;BRAK;BRAK;BRAK;;BRAK;BRAK;PRAWDA;5;5;151200;cake;BRAK;BRAK;BRAK;BRAK;BRAK;BRAK;BRAK;BRAK;Kucharz;Piec;ItFo_SweetBun.3ds;TAK;NIE;TAK;PRAWDA
Pierogi z mięsem i grzybami;6,38;7,89;FAŁSZ;Pierożki nadziewane mieszanką mięsa i leśnych grzybów, zawinięte w delikatne ciasto.;ITEM_CAT_FOOD;-;Consumable;Food;AdminFood;consumable;PRAWDA;ITFO_MARTHSOUP3;-;ITFO_GS_41;0,5;2;Gamemaster;FAŁSZ;1;25;BRAK;BRAK;20;BRAK;BRAK;BRAK;BRAK;BRAK;BRAK;BRAK;BRAK;BRAK;BRAK;BRAK;FAŁSZ;BRAK;BRAK;BRAK;;BRAK;BRAK;PRAWDA;5;5;151200;cake;BRAK;BRAK;BRAK;BRAK;BRAK;BRAK;BRAK;BRAK;Kucharz;Piec;KM_ITFO_FoodPot.3ds;TAK;NIE;TAK;PRAWDA
Ciasto dyniowe;8,49;11,77;FAŁSZ;Słodkie ciasto pieczone z miąższu dojrzałej dyni.;ITEM_CAT_FOOD;-;Consumable;Food;AdminFood;consumable;PRAWDA;ITFO_VEGEPIE;-;ITFO_GS_42;0,5;2;Gamemaster;FAŁSZ;1;25;BRAK;BRAK;20;BRAK;BRAK;BRAK;BRAK;BRAK;BRAK;BRAK;BRAK;BRAK;BRAK;BRAK;FAŁSZ;BRAK;BRAK;BRAK;;BRAK;BRAK;PRAWDA;5;5;151200;cake;BRAK;BRAK;BRAK;BRAK;BRAK;BRAK;BRAK;BRAK;Kucharz;Piec;KM_ITFO_Pie02.3ds;TAK;NIE;TAK;PRAWDA
Wiejska szarlotka;11,06;16,54;FAŁSZ;Ciasto kruche wypełnione warstwą tartych jabłek.;ITEM_CAT_FOOD;-;Consumable;Food;AdminFood;consumable;PRAWDA;ITFO_POORAPPLEPIE;-;ITFO_GS_43;0,6;2;Gamemaster;FAŁSZ;1;35;BRAK;BRAK;30;BRAK;BRAK;BRAK;BRAK;BRAK;BRAK;BRAK;BRAK;BRAK;BRAK;BRAK;FAŁSZ;BRAK;BRAK;BRAK;;BRAK;BRAK;PRAWDA;5;5;172800;cake;BRAK;BRAK;BRAK;BRAK;BRAK;BRAK;BRAK;BRAK;Kucharz;Piec;KM_ITFO_Pie01.3ds;TAK;NIE;TAK;PRAWDA
Pajda z serowym smarowidłem;12,90;22,90;FAŁSZ;Kawałek chleba posmarowany kremowym serowym smarowidłem.;ITEM_CAT_FOOD;-;Consumable;Food;AdminFood;consumable;PRAWDA;ITFO_MEATANDCHEESE;-;ITFO_GS_44;0,6;3;Gamemaster;FAŁSZ;1;35;BRAK;BRAK;35;BRAK;BRAK;BRAK;BRAK;BRAK;BRAK;BRAK;BRAK;BRAK;BRAK;BRAK;FAŁSZ;BRAK;BRAK;BRAK;;BRAK;BRAK;PRAWDA;5;5;172800;cake;BRAK;BRAK;BRAK;BRAK;BRAK;BRAK;BRAK;BRAK;Kucharz;Piec;ItFo_MeatAndBread.3ds;TAK;NIE;TAK;PRAWDA
Ciastka z miodem;6,48;9,13;FAŁSZ;Wypiek zrobiony z mąki i miodu. Jest słodki i klejący.;ITEM_CAT_FOOD;-;Consumable;Food;AdminFood;consumable;PRAWDA;ITFO_HONEYCOOKIES;-;ITFO_GS_45;0,6;3;Gamemaster;FAŁSZ;1;20;BRAK;BRAK;20;BRAK;BRAK;BRAK;BRAK;BRAK;BRAK;BRAK;BRAK;BRAK;BRAK;BRAK;FAŁSZ;BRAK;BRAK;BRAK;;BRAK;BRAK;PRAWDA;5;5;172800;cake;BRAK;BRAK;BRAK;BRAK;BRAK;BRAK;BRAK;BRAK;Kucharz;Piec;ItFo_HoneyCookies.3ds;TAK;NIE;TAK;PRAWDA
Drożdżówka cynamonowa;8,80;11,59;FAŁSZ;Słodka bułeczka pieczona z ciasta drożdżowego z dodatkiem aromatycznego cynamonu.;ITEM_CAT_FOOD;-;Consumable;Food;AdminFood;consumable;PRAWDA;ITFO_POORAPPLEPIE;-;ITFO_GS_46;0,6;3;Gamemaster;FAŁSZ;1;35;BRAK;BRAK;25;BRAK;BRAK;BRAK;BRAK;BRAK;BRAK;BRAK;BRAK;BRAK;BRAK;BRAK;FAŁSZ;BRAK;BRAK;BRAK;;BRAK;BRAK;PRAWDA;5;5;172800;cake;BRAK;BRAK;BRAK;BRAK;BRAK;BRAK;BRAK;BRAK;Kucharz;Piec;KM_ITFO_Pie01.3ds;TAK;NIE;TAK;PRAWDA
Brudna miska;0,00;0,00;PRAWDA;Miseczka pokryta zaschniętymi resztkami jedzenia.;ITEM_CAT_NONE;-;Materials;Materials;AdminMaterials;materials;PRAWDA;miska_brudne;-;ITMI_GS_MAT_01;0,3;0;Gamemaster;FAŁSZ;BRAK;BRAK;BRAK;BRAK;BRAK;BRAK;BRAK;BRAK;BRAK;BRAK;BRAK;BRAK;BRAK;BRAK;BRAK;BRAK;FAŁSZ;BRAK;BRAK;BRAK;;BRAK;BRAK;FAŁSZ;5;5;BRAK;BRAK;BRAK;BRAK;BRAK;BRAK;BRAK;BRAK;BRAK;BRAK;Kucharz;Garnek;;NIE;TAK;TAK;FAŁSZ
Brudna butelka;0,00;0,00;PRAWDA;Butelka, na której dnie widać resztki jakiegoś płynu.;ITEM_CAT_NONE;-;Materials;Materials;AdminMaterials;materials;PRAWDA;ITFO_WATER_brudne;-;ITMI_GS_MAT_02;0,1;0;Gamemaster;FAŁSZ;BRAK;BRAK;BRAK;BRAK;BRAK;BRAK;BRAK;BRAK;BRAK;BRAK;BRAK;BRAK;BRAK;BRAK;BRAK;BRAK;FAŁSZ;BRAK;BRAK;BRAK;;BRAK;BRAK;FAŁSZ;5;5;BRAK;BRAK;BRAK;BRAK;BRAK;BRAK;BRAK;BRAK;BRAK;BRAK;Kucharz;Garnek;;NIE;TAK;TAK;FAŁSZ
Rzepa;3,00;3,00;PRAWDA;Wykopane z ziemi warzywo o ostrym smaku.;ITEM_CAT_FOOD;-;Consumable;Food;AdminFood;consumable;PRAWDA;ITPL_BEET;-;ITFO_GS_47;0,3;0;Gamemaster;FAŁSZ;1;1;BRAK;BRAK;1;BRAK;BRAK;BRAK;BRAK;BRAK;BRAK;BRAK;BRAK;BRAK;BRAK;BRAK;FAŁSZ;BRAK;BRAK;BRAK;;BRAK;BRAK;PRAWDA;5;5;259200;BRAK;BRAK;BRAK;BRAK;BRAK;BRAK;BRAK;BRAK;BRAK;Rolnik;;ItPl_Beet.3ds;NIE;TAK;TAK;PRAWDA
Marchew;3,00;3,00;PRAWDA;Korzeń chrupiący i soczysty, o charakterystycznej pomarańczowej barwie.;ITEM_CAT_FOOD;-;Consumable;Food;AdminFood;consumable;PRAWDA;itfo_SDRP_food_21;-;ITFO_GS_48;0,3;1;Gamemaster;FAŁSZ;1;1;BRAK;BRAK;1;BRAK;BRAK;BRAK;BRAK;BRAK;BRAK;BRAK;BRAK;BRAK;BRAK;BRAK;FAŁSZ;BRAK;BRAK;BRAK;;BRAK;BRAK;PRAWDA;5;5;259200;BRAK;BRAK;BRAK;BRAK;BRAK;BRAK;BRAK;BRAK;BRAK;Rolnik;;ITFO_CARROT.3ds;NIE;TAK;TAK;PRAWDA
Len;2,50;2,50;PRAWDA;Roślina uprawna, z której włókien można wytwarzać tkaniny.;ITEM_CAT_NONE;-;Materials;Materials;AdminMaterials;materials;PRAWDA;GS_NATURE_FLAX_03_GALI;-;ITMI_GS_MAT_03;0,3;1;Gamemaster;FAŁSZ;BRAK;BRAK;BRAK;BRAK;BRAK;BRAK;BRAK;BRAK;BRAK;BRAK;BRAK;BRAK;BRAK;BRAK;BRAK;BRAK;FAŁSZ;BRAK;BRAK;BRAK;;BRAK;BRAK;PRAWDA;5;5;BRAK;BRAK;BRAK;BRAK;BRAK;BRAK;BRAK;BRAK;BRAK;BRAK;Rolnik;;GS_NATURE_FLAX_03_GALI.3ds;NIE;TAK;TAK;PRAWDA
Pszenica;2,50;2,50;PRAWDA;Zboże powszechnie uprawiane w Myrtanie, podstawowy składnik wypieków.;ITEM_CAT_NONE;-;Materials;Materials;AdminMaterials;materials;PRAWDA;GS_NATURE_WHEAT_03_GALI;-;ITMI_GS_MAT_04;0,3;1;Gamemaster;FAŁSZ;BRAK;BRAK;BRAK;BRAK;BRAK;BRAK;BRAK;BRAK;BRAK;BRAK;BRAK;BRAK;BRAK;BRAK;BRAK;BRAK;FAŁSZ;BRAK;BRAK;BRAK;;BRAK;BRAK;PRAWDA;5;5;BRAK;BRAK;BRAK;BRAK;BRAK;BRAK;BRAK;BRAK;BRAK;BRAK;Rolnik;;GS_NATURE_WHEAT_03_GALI.3ds;NIE;TAK;TAK;PRAWDA
Dynia;4,50;4,50;PRAWDA;Pomarańczowy, okrągły owoc dyni.;ITEM_CAT_FOOD;-;Consumable;Food;AdminFood;consumable;PRAWDA;ITFO_SDRP_KM_09;-;ITFO_GS_49;0,6;2;Gamemaster;FAŁSZ;1;2;BRAK;BRAK;2;BRAK;BRAK;BRAK;BRAK;BRAK;BRAK;BRAK;BRAK;BRAK;BRAK;BRAK;FAŁSZ;BRAK;BRAK;BRAK;;BRAK;BRAK;PRAWDA;5;5;259200;BRAK;BRAK;BRAK;BRAK;BRAK;BRAK;BRAK;BRAK;BRAK;Rolnik;;KM_vob_pumpkin_01.3ds;NIE;TAK;TAK;PRAWDA
Kapusta;5,00;5,00;PRAWDA;Składa się z wielu liści, często używana jako składnik bigosu.;ITEM_CAT_FOOD;-;Consumable;Food;AdminFood;consumable;PRAWDA;ITFO_GS_Kapusta;-;ITFO_GS_50;0,6;3;Gamemaster;FAŁSZ;1;3;BRAK;BRAK;3;BRAK;BRAK;BRAK;BRAK;BRAK;BRAK;BRAK;BRAK;BRAK;BRAK;BRAK;FAŁSZ;BRAK;BRAK;BRAK;;BRAK;BRAK;PRAWDA;5;5;259200;BRAK;BRAK;BRAK;BRAK;BRAK;BRAK;BRAK;BRAK;BRAK;Rolnik;;Kapusta.3ds;NIE;TAK;TAK;PRAWDA
Ziarno pszenicy;1,00;1,00;FAŁSZ;Niewielkie ziarenka zboża.;ITEM_CAT_NONE;-;Common;Common;AdminCommon;common;PRAWDA;itpl_SDRP_herb_37;-;ITMI_GS_COM_01;0,05;1;Gamemaster;FAŁSZ;BRAK;BRAK;BRAK;BRAK;BRAK;BRAK;BRAK;BRAK;BRAK;BRAK;BRAK;BRAK;BRAK;BRAK;BRAK;BRAK;FAŁSZ;BRAK;BRAK;BRAK;;BRAK;BRAK;FAŁSZ;5;5;BRAK;BRAK;BRAK;BRAK;BRAK;BRAK;BRAK;BRAK;BRAK;BRAK;Rolnik;;NASIONO18.3ds;NIE;TAK;TAK;PRAWDA
Nasiono marchwi;1,00;1,00;FAŁSZ;Drobne ziarno, z którego w odpowiednich warunkach wyrasta korzeń marchwi.;ITEM_CAT_NONE;-;Common;Common;AdminCommon;common;PRAWDA;itpl_SDRP_herb_48;-;ITMI_GS_COM_02;0,05;1;Gamemaster;FAŁSZ;BRAK;BRAK;BRAK;BRAK;BRAK;BRAK;BRAK;BRAK;BRAK;BRAK;BRAK;BRAK;BRAK;BRAK;BRAK;BRAK;FAŁSZ;BRAK;BRAK;BRAK;;BRAK;BRAK;FAŁSZ;5;5;BRAK;BRAK;BRAK;BRAK;BRAK;BRAK;BRAK;BRAK;BRAK;BRAK;Rolnik;;NASIONO29.3ds;NIE;TAK;TAK;PRAWDA
Wiązka słomy;24,00;27,60;FAŁSZ;Słoma spleciona w zgrabny, łatwy do przenoszenia snopek.;ITEM_CAT_ACSR2;-;AccessorySlot2;Accessory;AdminAccessory;acsr2;PRAWDA;LINK;-;ITAC_GS_ACSR2_02;0,05;1;Gamemaster;FAŁSZ;BRAK;BRAK;BRAK;BRAK;BRAK;BRAK;BRAK;BRAK;BRAK;BRAK;BRAK;BRAK;BRAK;BRAK;BRAK;BRAK;FAŁSZ;BRAK;BRAK;BRAK;;BRAK;BRAK;FAŁSZ;5;5;BRAK;BRAK;BRAK;BRAK;BRAK;BRAK;BRAK;BRAK;BRAK;BRAK;Rolnik;;STATIC_KOZA_KLOSO_01.3ds;NIE;TAK;TAK;PRAWDA
Paczka lnu;4,17;4,79;FAŁSZ;Włókna roślinne, surowiec do wytwarzania tkanin.;ITEM_CAT_NONE;-;Materials;Materials;AdminMaterials;materials;PRAWDA;KM_ITMI_PACKET_03;-;ITMI_GS_MAT_05;0,25;1;Gamemaster;FAŁSZ;BRAK;BRAK;BRAK;BRAK;BRAK;BRAK;BRAK;BRAK;BRAK;BRAK;BRAK;BRAK;BRAK;BRAK;BRAK;BRAK;FAŁSZ;BRAK;BRAK;BRAK;;BRAK;BRAK;PRAWDA;5;5;BRAK;BRAK;BRAK;BRAK;BRAK;BRAK;BRAK;BRAK;BRAK;BRAK;Rolnik;;KM_ITMI_PACKET_03.3ds;NIE;TAK;TAK;PRAWDA
Lina;6,25;7,19;FAŁSZ;Elastyczne cięgno splecione z pojedynczych włókien.;ITEM_CAT_NONE;-;Materials;Materials;AdminMaterials;materials;PRAWDA;ITMI_NACPANY;-;ITMI_GS_MAT_06;0,25;1;Gamemaster;FAŁSZ;BRAK;BRAK;BRAK;BRAK;BRAK;BRAK;BRAK;BRAK;BRAK;BRAK;BRAK;BRAK;BRAK;BRAK;BRAK;BRAK;FAŁSZ;BRAK;BRAK;BRAK;;BRAK;BRAK;PRAWDA;5;5;BRAK;BRAK;BRAK;BRAK;BRAK;BRAK;BRAK;BRAK;BRAK;BRAK;Rolnik;;IT_SlaveRope.3ds;NIE;TAK;TAK;PRAWDA
Ziarno lnu;1,00;1,00;FAŁSZ;Nasiona lnu zwyczajnego. Płaskie, szarobrązowe ziarenka, które po namoczeniu pęcznieją.;ITEM_CAT_NONE;-;Common;Common;AdminCommon;common;PRAWDA;itpl_SDRP_herb_50;-;ITMI_GS_COM_03;0,05;1;Gamemaster;FAŁSZ;BRAK;BRAK;BRAK;BRAK;BRAK;BRAK;BRAK;BRAK;BRAK;BRAK;BRAK;BRAK;BRAK;BRAK;BRAK;BRAK;FAŁSZ;BRAK;BRAK;BRAK;;BRAK;BRAK;FAŁSZ;5;5;BRAK;BRAK;BRAK;BRAK;BRAK;BRAK;BRAK;BRAK;BRAK;BRAK;Rolnik;;NASIONO30.3ds;NIE;TAK;TAK;PRAWDA
Pasza;11,50;13,23;FAŁSZ;Wysokiej jakości mieszanka, idealna do karmienia zwierząt hodowlanych.;ITEM_CAT_NONE;-;Common;Common;AdminCommon;common;PRAWDA;PASZA;-;ITMI_GS_COM_04;1;1;Gamemaster;FAŁSZ;BRAK;BRAK;BRAK;BRAK;BRAK;BRAK;BRAK;BRAK;BRAK;BRAK;BRAK;BRAK;BRAK;BRAK;BRAK;BRAK;FAŁSZ;BRAK;BRAK;BRAK;;BRAK;BRAK;PRAWDA;5;5;BRAK;BRAK;BRAK;BRAK;BRAK;BRAK;BRAK;BRAK;BRAK;BRAK;Rolnik;;PASZA.3ds;NIE;TAK;TAK;PRAWDA
Nasiono rzepy;1,00;1,00;FAŁSZ;Niewielkie nasiono rzepy. Można je posadzić, aby wyrosła z niego duża, jadalna rzepa.;ITEM_CAT_NONE;-;Common;Common;AdminCommon;common;PRAWDA;itpl_SDRP_herb_31;-;ITMI_GS_COM_05;0,05;1;Gamemaster;FAŁSZ;BRAK;BRAK;BRAK;BRAK;BRAK;BRAK;BRAK;BRAK;BRAK;BRAK;BRAK;BRAK;BRAK;BRAK;BRAK;BRAK;FAŁSZ;BRAK;BRAK;BRAK;;BRAK;BRAK;FAŁSZ;5;5;BRAK;BRAK;BRAK;BRAK;BRAK;BRAK;BRAK;BRAK;BRAK;BRAK;Rolnik;;NASIONO12.3ds;NIE;TAK;TAK;PRAWDA
Pestka dyni;1,00;1,00;FAŁSZ;Niewielkie, płaskie nasiono wydobyte z wnętrza dojrzałej dyni.;ITEM_CAT_NONE;-;Common;Common;AdminCommon;common;PRAWDA;itpl_SDRP_herb_69;-;ITMI_GS_COM_06;0,05;2;Gamemaster;FAŁSZ;BRAK;BRAK;BRAK;BRAK;BRAK;BRAK;BRAK;BRAK;BRAK;BRAK;BRAK;BRAK;BRAK;BRAK;BRAK;BRAK;FAŁSZ;BRAK;BRAK;BRAK;;BRAK;BRAK;FAŁSZ;5;5;BRAK;BRAK;BRAK;BRAK;BRAK;BRAK;BRAK;BRAK;BRAK;BRAK;Rolnik;;NASIONO28.3ds;NIE;TAK;TAK;PRAWDA
Paczka wełny;8,30;13,08;FAŁSZ;Włókna z sierści owcy, starannie zwinięte w poręczny pakunek.;ITEM_CAT_NONE;-;Materials;Materials;AdminMaterials;materials;PRAWDA;KM_ITMI_PACKET_07;-;ITMI_GS_MAT_07;0,4;2;Gamemaster;FAŁSZ;BRAK;BRAK;BRAK;BRAK;BRAK;BRAK;BRAK;BRAK;BRAK;BRAK;BRAK;BRAK;BRAK;BRAK;BRAK;BRAK;FAŁSZ;BRAK;BRAK;BRAK;;BRAK;BRAK;PRAWDA;5;5;BRAK;BRAK;BRAK;BRAK;BRAK;BRAK;BRAK;BRAK;BRAK;BRAK;Rolnik;;KM_ITMI_PACKET_07.3ds;NIE;TAK;TAK;PRAWDA
Nasiono kapusty;1,00;1,00;FAŁSZ;Nasiono, z którego może wyrosnąć kapusta.;ITEM_CAT_NONE;-;Common;Common;AdminCommon;common;PRAWDA;itpl_SDRP_herb_21;-;ITMI_GS_COM_07;0,05;3;Gamemaster;FAŁSZ;BRAK;BRAK;BRAK;BRAK;BRAK;BRAK;BRAK;BRAK;BRAK;BRAK;BRAK;BRAK;BRAK;BRAK;BRAK;BRAK;FAŁSZ;BRAK;BRAK;BRAK;;BRAK;BRAK;FAŁSZ;5;5;BRAK;BRAK;BRAK;BRAK;BRAK;BRAK;BRAK;BRAK;BRAK;BRAK;Rolnik;;NASIONO2.3ds;NIE;TAK;TAK;PRAWDA
Mączka kostna;2,17;2,49;FAŁSZ;Drobno zmielone szczątki kości.;ITEM_CAT_NONE;-;Common;Common;AdminCommon;common;PRAWDA;ITCR_SDRP_INGR_21;-;ITMI_GS_COM_08;0,5;1;Gamemaster;FAŁSZ;BRAK;BRAK;BRAK;BRAK;BRAK;BRAK;BRAK;BRAK;BRAK;BRAK;BRAK;BRAK;BRAK;BRAK;BRAK;BRAK;FAŁSZ;BRAK;BRAK;BRAK;;BRAK;BRAK;FAŁSZ;5;5;BRAK;BRAK;BRAK;BRAK;BRAK;BRAK;BRAK;BRAK;BRAK;BRAK;Rolnik;;ItMi_Pocket.3ds;NIE;TAK;TAK;PRAWDA
Mąka;5,00;5,75;FAŁSZ;Podstawowy składnik potrzebny do wypieku chleba lub innych potraw.;ITEM_CAT_NONE;-;Materials;Materials;AdminMaterials;materials;PRAWDA;ITCR_SDRP_INGR_24;-;ITMI_GS_MAT_08;0,5;1;Gamemaster;FAŁSZ;BRAK;BRAK;BRAK;BRAK;BRAK;BRAK;BRAK;BRAK;BRAK;BRAK;BRAK;BRAK;BRAK;BRAK;BRAK;BRAK;FAŁSZ;BRAK;BRAK;BRAK;;BRAK;BRAK;FAŁSZ;5;5;BRAK;BRAK;BRAK;BRAK;BRAK;BRAK;BRAK;BRAK;BRAK;BRAK;Rolnik;;ItMi_Alchemy_Salt_01.3ds;NIE;TAK;TAK;PRAWDA
Jajko;2,80;3,62;FAŁSZ;Produkt pochodzenia zwierzęcego, przydatny do gotowania.;ITEM_CAT_NONE;-;Materials;Materials;AdminMaterials;materials;PRAWDA;ITCR_SDRP_DROP_10;-;ITMI_GS_MAT_09;0,1;1;Gamemaster;FAŁSZ;1;1;BRAK;BRAK;1;BRAK;BRAK;BRAK;BRAK;BRAK;BRAK;BRAK;BRAK;BRAK;BRAK;BRAK;FAŁSZ;BRAK;BRAK;BRAK;;BRAK;BRAK;PRAWDA;5;5;86400;BRAK;BRAK;BRAK;BRAK;BRAK;BRAK;BRAK;BRAK;BRAK;Rolnik;;TOD_HUEHNEREI01.3ds;NIE;TAK;TAK;PRAWDA
Wełna;5,60;7,55;FAŁSZ;Miękka i ciepła sierść, często używana do produkcji odzieży lub wypełnienia.;ITEM_CAT_NONE;-;Materials;Materials;AdminMaterials;materials;PRAWDA;ITFO_GS_Bawelna;-;ITMI_GS_MAT_10;0,5;2;Gamemaster;FAŁSZ;BRAK;BRAK;BRAK;BRAK;BRAK;BRAK;BRAK;BRAK;BRAK;BRAK;BRAK;BRAK;BRAK;BRAK;BRAK;BRAK;FAŁSZ;BRAK;BRAK;BRAK;;BRAK;BRAK;PRAWDA;5;5;BRAK;BRAK;BRAK;BRAK;BRAK;BRAK;BRAK;BRAK;BRAK;BRAK;Rolnik;;ITFO_GS_Bawelna.3ds;NIE;TAK;TAK;PRAWDA
Mleko;7,90;10,72;FAŁSZ;Biały, pożywny napój prosto od krowy.;ITEM_CAT_FOOD;ITEM_FLAG_DRINK;Consumable;Food;AdminFood;consumable;PRAWDA;ITFO_MILK;-;ITFO_GS_51;0,2;2;Gamemaster;FAŁSZ;1;2;BRAK;BRAK;2;BRAK;BRAK;BRAK;BRAK;BRAK;BRAK;BRAK;BRAK;BRAK;BRAK;BRAK;FAŁSZ;BRAK;BRAK;BRAK;;BRAK;BRAK;PRAWDA;5;5;43200;BRAK;BRAK;BRAK;BRAK;BRAK;BRAK;BRAK;BRAK;BRAK;Rolnik;;ItFo_Milk.3ds;NIE;TAK;TAK;PRAWDA
Ser;14,35;23,23;FAŁSZ;Wytwór z mleka, ceniony za smak i prostotę.;ITEM_CAT_FOOD;-;Consumable;Food;AdminFood;consumable;PRAWDA;ITFO_CHEESE;-;ITFO_GS_52;0,5;3;Gamemaster;FAŁSZ;1;4;BRAK;BRAK;4;BRAK;BRAK;BRAK;BRAK;BRAK;BRAK;BRAK;BRAK;BRAK;BRAK;BRAK;FAŁSZ;BRAK;BRAK;BRAK;;BRAK;BRAK;PRAWDA;5;5;43200;BRAK;BRAK;BRAK;BRAK;BRAK;BRAK;BRAK;BRAK;BRAK;Rolnik;;ItFo_Cheese.3ds;NIE;TAK;TAK;PRAWDA
Moneta;1,00;1,00;PRAWDA;Pieniądze szczęścia nie dają... Ale lepiej je mieć niż nie mieć.;ITEM_CAT_NONE;-;Common;Common;AdminCommon;common;PRAWDA;ITMI_GOLD;-;ITMI_GS_COM_09;0,05;1;Gamemaster;FAŁSZ;BRAK;BRAK;BRAK;BRAK;BRAK;BRAK;BRAK;BRAK;BRAK;BRAK;BRAK;BRAK;BRAK;BRAK;BRAK;BRAK;FAŁSZ;BRAK;BRAK;BRAK;;BRAK;BRAK;FAŁSZ;100;100;BRAK;BRAK;BRAK;BRAK;BRAK;BRAK;BRAK;BRAK;BRAK;BRAK;Metalurg;;ItMi_Gold.3ds;TAK;TAK;TAK;PRAWDA
Moneta senatu;1,00;1,00;PRAWDA;Na rewersie wyryty pentagram.;ITEM_CAT_NONE;-;Common;Common;AdminCommon;common;PRAWDA;ITMI_GOLD;ITMI_GS_COM_09;ITMI_GS_COM_09_V1;0,05;1;Gamemaster;FAŁSZ;BRAK;BRAK;BRAK;BRAK;BRAK;BRAK;BRAK;BRAK;BRAK;BRAK;BRAK;BRAK;BRAK;BRAK;BRAK;BRAK;FAŁSZ;BRAK;BRAK;BRAK;;BRAK;BRAK;FAŁSZ;100;100;BRAK;BRAK;BRAK;BRAK;BRAK;BRAK;BRAK;BRAK;BRAK;BRAK;Metalurg;;ItMi_Gold.3ds;TAK;NIE;TAK;FAŁSZ
Złoty kielich;25,00;25,00;PRAWDA;Ciężki, bogato zdobiony kielich. Złoto, z którego został wykuty, lśni ciepłym blaskiem w świetle świec, sprawiając, że nawet najtańsze wino wygląda w nim jak trunek godny króla.;ITEM_CAT_NONE;-;Common;Common;AdminCommon;common;PRAWDA;GS_MISC_GOLDGOBLET_01.3DS;-;ITMI_GS_COM_34;0,5;1;Gamemaster;FAŁSZ;BRAK;BRAK;BRAK;BRAK;BRAK;BRAK;BRAK;BRAK;BRAK;BRAK;BRAK;BRAK;BRAK;BRAK;BRAK;BRAK;FAŁSZ;BRAK;BRAK;BRAK;;BRAK;BRAK;PRAWDA;5;5;BRAK;BRAK;BRAK;BRAK;BRAK;BRAK;BRAK;BRAK;BRAK;BRAK;Metalurg;;GS_MISC_GOLDGOBLET_01.3DS;TAK;NIE;TAK;PRAWDA
Złoty talerz;50,00;50,00;PRAWDA;Masywny talerz o misternie grawerowanych krawędziach. Powierzchnia czystego złota nosi drobne rysy - milczące świadectwo niezliczonych, wystawnych uczt zapomnianych arystokratów.;ITEM_CAT_NONE;-;Common;Common;AdminCommon;common;PRAWDA;GS_MISC_GOLDPLATE_01.3DS;-;ITMI_GS_COM_35;0,5;1;Gamemaster;FAŁSZ;BRAK;BRAK;BRAK;BRAK;BRAK;BRAK;BRAK;BRAK;BRAK;BRAK;BRAK;BRAK;BRAK;BRAK;BRAK;BRAK;FAŁSZ;BRAK;BRAK;BRAK;;BRAK;BRAK;PRAWDA;5;5;BRAK;BRAK;BRAK;BRAK;BRAK;BRAK;BRAK;BRAK;BRAK;BRAK;Metalurg;;GS_MISC_GOLDPLATE_01.3DS;TAK;NIE;TAK;PRAWDA
Złota misa;100,00;100,00;PRAWDA;Okazała, głęboka naczynie o nieskazitelnym połysku i imponującej wadze. Jej kunsztowne wykonanie przyciąga wzrok, obiecując luksus z dawnych lat, czy to jako ozdoba stołu, czy relikt w sakwie poszukiwacza przygód.;ITEM_CAT_NONE;-;Common;Common;AdminCommon;common;PRAWDA;GS_MISC_GOLDBOWL_01.3DS;-;ITMI_GS_COM_36;1;1;Gamemaster;FAŁSZ;BRAK;BRAK;BRAK;BRAK;BRAK;BRAK;BRAK;BRAK;BRAK;BRAK;BRAK;BRAK;BRAK;BRAK;BRAK;BRAK;FAŁSZ;BRAK;BRAK;BRAK;;BRAK;BRAK;PRAWDA;5;5;BRAK;BRAK;BRAK;BRAK;BRAK;BRAK;BRAK;BRAK;BRAK;BRAK;Metalurg;;GS_MISC_GOLDBOWL_01.3DS;TAK;NIE;TAK;PRAWDA
Duża bryła węgla;3,00;3,00;PRAWDA;Duża bryła, z której można zrobić dużo małych.;ITEM_CAT_NONE;-;Materials;Materials;AdminMaterials;materials;PRAWDA;BIG_BRYLKA_WEGIEL;-;ITMI_GS_MAT_11;1,5;1;Gamemaster;FAŁSZ;BRAK;BRAK;BRAK;BRAK;BRAK;BRAK;BRAK;BRAK;BRAK;BRAK;BRAK;BRAK;BRAK;BRAK;BRAK;BRAK;FAŁSZ;BRAK;BRAK;BRAK;;BRAK;BRAK;PRAWDA;5;5;BRAK;BRAK;BRAK;BRAK;BRAK;BRAK;BRAK;BRAK;BRAK;BRAK;Górnik;;BIG_BRYLKA_WEGIEL.3ds;TAK;TAK;TAK;PRAWDA
Duża bryła złota;30,00;30,00;PRAWDA;Wielki, ciężki kawał cennego kruszcu.;ITEM_CAT_NONE;-;Materials;Materials;AdminMaterials;materials;PRAWDA;BIG_BRYLKA_ZLOTO;-;ITMI_GS_MAT_12;1,5;1;Gamemaster;FAŁSZ;BRAK;BRAK;BRAK;BRAK;BRAK;BRAK;BRAK;BRAK;BRAK;BRAK;BRAK;BRAK;BRAK;BRAK;BRAK;BRAK;FAŁSZ;BRAK;BRAK;BRAK;;BRAK;BRAK;PRAWDA;5;5;BRAK;BRAK;BRAK;BRAK;BRAK;BRAK;BRAK;BRAK;BRAK;BRAK;Górnik;;BIG_BRYLKA_ZLOTO.3ds;TAK;TAK;TAK;PRAWDA
Duża bryła żelaza;6,00;6,00;PRAWDA;Surowiec o dużej wadze, niezbędny do kucia narzędzi i broni.;ITEM_CAT_NONE;-;Materials;Materials;AdminMaterials;materials;PRAWDA;BIG_BRYLKA_ZELAZO;-;ITMI_GS_MAT_13;1,5;1;Gamemaster;FAŁSZ;BRAK;BRAK;BRAK;BRAK;BRAK;BRAK;BRAK;BRAK;BRAK;BRAK;BRAK;BRAK;BRAK;BRAK;BRAK;BRAK;FAŁSZ;BRAK;BRAK;BRAK;;BRAK;BRAK;PRAWDA;5;5;BRAK;BRAK;BRAK;BRAK;BRAK;BRAK;BRAK;BRAK;BRAK;BRAK;Górnik;;BIG_BRYLKA_ZELAZO.3ds;TAK;TAK;TAK;PRAWDA
Bryłka węgla;2,00;2,00;PRAWDA;Bryła wydobytego węgla, idealna jako paliwo do pieca lub kuźni.;ITEM_CAT_NONE;-;Materials;Materials;AdminMaterials;materials;PRAWDA;ITCR_SDRP_DROP_60;-;ITMI_GS_MAT_14;0,5;1;Gamemaster;FAŁSZ;BRAK;BRAK;BRAK;BRAK;BRAK;BRAK;BRAK;BRAK;BRAK;BRAK;BRAK;BRAK;BRAK;BRAK;BRAK;BRAK;FAŁSZ;BRAK;BRAK;BRAK;;BRAK;BRAK;PRAWDA;5;5;BRAK;BRAK;BRAK;BRAK;BRAK;BRAK;BRAK;BRAK;BRAK;BRAK;Górnik;;kohle_nugget.3ds;TAK;TAK;TAK;PRAWDA
Bryłka kamienia;0,50;0,50;PRAWDA;Mały kawałek kamienia, często wykorzystywany jako podstawowy surowiec.;ITEM_CAT_NONE;-;Materials;Materials;AdminMaterials;materials;PRAWDA;ITCR_SDRP_DROP_85;-;ITMI_GS_MAT_15;0,15;1;Gamemaster;FAŁSZ;BRAK;BRAK;BRAK;BRAK;BRAK;BRAK;BRAK;BRAK;BRAK;BRAK;BRAK;BRAK;BRAK;BRAK;BRAK;BRAK;FAŁSZ;BRAK;BRAK;BRAK;;BRAK;BRAK;PRAWDA;5;5;BRAK;BRAK;BRAK;BRAK;BRAK;BRAK;BRAK;BRAK;BRAK;BRAK;Górnik;;ITAT_STONEGOLEMHEART.3ds;TAK;TAK;TAK;PRAWDA
Bryłka soli;2,00;2,00;PRAWDA;Kryształ mineralny o ostrym smaku. Służy do konserwowania żywności.;ITEM_CAT_NONE;-;Materials;Materials;AdminMaterials;materials;PRAWDA;ITCR_SDRP_DROP_59;-;ITMI_GS_MAT_16;0,5;1;Gamemaster;FAŁSZ;BRAK;BRAK;BRAK;BRAK;BRAK;BRAK;BRAK;BRAK;BRAK;BRAK;BRAK;BRAK;BRAK;BRAK;BRAK;BRAK;FAŁSZ;BRAK;BRAK;BRAK;;BRAK;BRAK;PRAWDA;5;5;BRAK;BRAK;BRAK;BRAK;BRAK;BRAK;BRAK;BRAK;BRAK;BRAK;Górnik;;salz_nugget.3ds;TAK;TAK;TAK;PRAWDA
Kwarcyt;0,50;0,50;PRAWDA;Wysokiej jakości kamień, twardy i odporny na uszkodzenia, powstały z piaskowca.;ITEM_CAT_NONE;-;Materials;Materials;AdminMaterials;materials;PRAWDA;ItMi_Quartz;-;ITMI_GS_MAT_17;0,5;1;Gamemaster;FAŁSZ;BRAK;BRAK;BRAK;BRAK;BRAK;BRAK;BRAK;BRAK;BRAK;BRAK;BRAK;BRAK;BRAK;BRAK;BRAK;BRAK;FAŁSZ;BRAK;BRAK;BRAK;;BRAK;BRAK;PRAWDA;5;5;BRAK;BRAK;BRAK;BRAK;BRAK;BRAK;BRAK;BRAK;BRAK;BRAK;Górnik;;ItMi_Quartz.3ds;TAK;TAK;TAK;PRAWDA
Samorodek złota;10,00;10,00;PRAWDA;Bryła cennego kruszcu, używana do wytwarzania biżuterii lub handlu.;ITEM_CAT_NONE;-;Materials;Materials;AdminMaterials;materials;PRAWDA;ITMI_GOLDNUGGET_ADDON;-;ITMI_GS_MAT_18;0,5;1;Gamemaster;FAŁSZ;BRAK;BRAK;BRAK;BRAK;BRAK;BRAK;BRAK;BRAK;BRAK;BRAK;BRAK;BRAK;BRAK;BRAK;BRAK;BRAK;FAŁSZ;BRAK;BRAK;BRAK;;BRAK;BRAK;PRAWDA;5;5;BRAK;BRAK;BRAK;BRAK;BRAK;BRAK;BRAK;BRAK;BRAK;BRAK;Górnik;;ItMi_GoldNugget_01.3ds;TAK;TAK;TAK;PRAWDA
Bryłka siarki;10,00;10,00;PRAWDA;Skoncentrowana grudka żółtego minerału.;ITEM_CAT_NONE;-;Materials;Materials;AdminMaterials;materials;PRAWDA;CRAFT_BRYLKA_SIARKI;-;ITMI_GS_MAT_19;0,5;1;Gamemaster;FAŁSZ;BRAK;BRAK;BRAK;BRAK;BRAK;BRAK;BRAK;BRAK;BRAK;BRAK;BRAK;BRAK;BRAK;BRAK;BRAK;BRAK;FAŁSZ;BRAK;BRAK;BRAK;;BRAK;BRAK;PRAWDA;5;5;BRAK;BRAK;BRAK;BRAK;BRAK;BRAK;BRAK;BRAK;BRAK;BRAK;Górnik;;CRAFT_BRYLKA_SIARKI.3ds;TAK;TAK;TAK;PRAWDA
Bryłka żelaza;3,00;3,00;PRAWDA;Nieobrobiona ruda żelaza, idealna do kucia prostych broni.;ITEM_CAT_NONE;-;Materials;Materials;AdminMaterials;materials;PRAWDA;ITCR_SDRP_DROP_13;-;ITMI_GS_MAT_20;0,5;1;Gamemaster;FAŁSZ;BRAK;BRAK;BRAK;BRAK;BRAK;BRAK;BRAK;BRAK;BRAK;BRAK;BRAK;BRAK;BRAK;BRAK;BRAK;BRAK;FAŁSZ;BRAK;BRAK;BRAK;;BRAK;BRAK;PRAWDA;5;5;BRAK;BRAK;BRAK;BRAK;BRAK;BRAK;BRAK;BRAK;BRAK;BRAK;Górnik;;CRAFT_BRYLKA_ZELAZO.3ds;TAK;TAK;TAK;PRAWDA
Ametyst;75,00;75,00;PRAWDA;Fioletowy kamień półszlachetny, odmiana kwarcu.;ITEM_CAT_NONE;-;Materials;Materials;AdminMaterials;materials;PRAWDA;AMETHYST_CRYSTAL;-;ITMI_GS_MAT_21;0,5;2;Gamemaster;FAŁSZ;BRAK;BRAK;BRAK;BRAK;BRAK;BRAK;BRAK;BRAK;BRAK;BRAK;BRAK;BRAK;BRAK;BRAK;BRAK;BRAK;FAŁSZ;BRAK;BRAK;BRAK;;BRAK;BRAK;PRAWDA;5;5;BRAK;BRAK;BRAK;BRAK;BRAK;BRAK;BRAK;BRAK;BRAK;BRAK;Górnik;;AMETHYST_CRYSTAL.3ds;TAK;TAK;TAK;PRAWDA
Akwamaryn;75,00;75,00;PRAWDA;Przezroczysta, zielono-niebieska odmiana berylu, cenny kamień szlachetny o wysokiej twardości.;ITEM_CAT_NONE;-;Materials;Materials;AdminMaterials;materials;PRAWDA;AQUAMARIN_CRYSTAL;-;ITMI_GS_MAT_22;0,5;2;Gamemaster;FAŁSZ;BRAK;BRAK;BRAK;BRAK;BRAK;BRAK;BRAK;BRAK;BRAK;BRAK;BRAK;BRAK;BRAK;BRAK;BRAK;BRAK;FAŁSZ;BRAK;BRAK;BRAK;;BRAK;BRAK;PRAWDA;5;5;BRAK;BRAK;BRAK;BRAK;BRAK;BRAK;BRAK;BRAK;BRAK;BRAK;Górnik;;AQUAMARIN_CRYSTAL.3ds;TAK;TAK;TAK;PRAWDA
Rubin;75,00;75,00;PRAWDA;Wspaniały klejnot o głębokiej, czerwonej barwie.;ITEM_CAT_NONE;-;Materials;Materials;AdminMaterials;materials;PRAWDA;RUBIN_CRYSTAL;-;ITMI_GS_MAT_23;0,5;2;Gamemaster;FAŁSZ;BRAK;BRAK;BRAK;BRAK;BRAK;BRAK;BRAK;BRAK;BRAK;BRAK;BRAK;BRAK;BRAK;BRAK;BRAK;BRAK;FAŁSZ;BRAK;BRAK;BRAK;;BRAK;BRAK;PRAWDA;5;5;BRAK;BRAK;BRAK;BRAK;BRAK;BRAK;BRAK;BRAK;BRAK;BRAK;Górnik;;RUBIN_CRYSTAL.3ds;TAK;TAK;TAK;PRAWDA
Bryłka meteorytowego żelaza;4,00;4,00;PRAWDA;Niezwykle rzadki, ciężki kawałek żelaza, który spadł prosto z nieba. Idealny materiał dla doświadczonego kowala.;ITEM_CAT_NONE;-;Materials;Materials;AdminMaterials;materials;PRAWDA;BURSZTYN_CRYSTAL;-;ITMI_GS_MAT_24;1;3;Gamemaster;FAŁSZ;BRAK;BRAK;BRAK;BRAK;BRAK;BRAK;BRAK;BRAK;BRAK;BRAK;BRAK;BRAK;BRAK;BRAK;BRAK;BRAK;FAŁSZ;BRAK;BRAK;BRAK;;BRAK;BRAK;PRAWDA;5;5;BRAK;BRAK;BRAK;BRAK;BRAK;BRAK;BRAK;BRAK;BRAK;BRAK;Górnik;;BURSZTYN_CRYSTAL.3ds;TAK;TAK;TAK;PRAWDA
Sól;3,88;3,88;PRAWDA;Kryształy wydobyte z ziemi, znane jako białe złoto.;ITEM_CAT_NONE;-;Materials;Materials;AdminMaterials;materials;PRAWDA;ITCR_SDRP_INGR_24;-;ITMI_GS_MAT_25;0,5;1;Gamemaster;FAŁSZ;BRAK;BRAK;BRAK;BRAK;BRAK;BRAK;BRAK;BRAK;BRAK;BRAK;BRAK;BRAK;BRAK;BRAK;BRAK;BRAK;FAŁSZ;BRAK;BRAK;BRAK;;BRAK;BRAK;PRAWDA;5;5;BRAK;BRAK;BRAK;BRAK;BRAK;BRAK;BRAK;BRAK;BRAK;BRAK;Górnik;;ItMi_Alchemy_Salt_01.3ds;TAK;TAK;TAK;PRAWDA
Kruszona ruda;20,00;20,00;PRAWDA;Drobno zmielone kawałki rudy.;ITEM_CAT_NONE;-;Materials;Materials;AdminMaterials;materials;PRAWDA;itfo_SDRP_food_93;-;ITMI_GS_MAT_26;0,5;1;Gamemaster;FAŁSZ;BRAK;BRAK;BRAK;BRAK;BRAK;BRAK;BRAK;BRAK;BRAK;BRAK;BRAK;BRAK;BRAK;BRAK;BRAK;BRAK;FAŁSZ;BRAK;BRAK;BRAK;;BRAK;BRAK;PRAWDA;5;5;BRAK;BRAK;BRAK;BRAK;BRAK;BRAK;BRAK;BRAK;BRAK;BRAK;Górnik;;IT_PowderMagicOre.3ds;TAK;TAK;TAK;PRAWDA
Proszek węglowy;5,25;5,25;FAŁSZ;Drobno zmielony węgiel drzewny.;ITEM_CAT_NONE;-;Materials;Materials;AdminMaterials;materials;PRAWDA;ITCR_SDRP_INGR_25;-;ITMI_GS_MAT_27;0,5;1;Gamemaster;FAŁSZ;BRAK;BRAK;BRAK;BRAK;BRAK;BRAK;BRAK;BRAK;BRAK;BRAK;BRAK;BRAK;BRAK;BRAK;BRAK;BRAK;FAŁSZ;BRAK;BRAK;BRAK;;BRAK;BRAK;PRAWDA;5;5;BRAK;BRAK;BRAK;BRAK;BRAK;BRAK;BRAK;BRAK;BRAK;BRAK;Górnik;;ITAC_KOHLEPULVER.3ds;TAK;TAK;TAK;PRAWDA
Wapno;3,75;4,31;FAŁSZ;Zwykłe wapno, używane w budownictwie lub do wytwarzania innych substancji.;ITEM_CAT_NONE;-;Materials;Materials;AdminMaterials;materials;PRAWDA;ITCR_SDRP_INGR_21;-;ITMI_GS_MAT_28;0,1;1;Gamemaster;FAŁSZ;BRAK;BRAK;BRAK;BRAK;BRAK;BRAK;BRAK;BRAK;BRAK;BRAK;BRAK;BRAK;BRAK;BRAK;BRAK;BRAK;FAŁSZ;BRAK;BRAK;BRAK;;BRAK;BRAK;PRAWDA;5;5;BRAK;BRAK;BRAK;BRAK;BRAK;BRAK;BRAK;BRAK;BRAK;BRAK;Metalurg;;ItMi_Pocket.3ds;TAK;TAK;TAK;PRAWDA
Butelka;#N/D;#N/D;FAŁSZ;Pusta szklana butelka, idealna do napełnienia wodą lub innym płynem.;ITEM_CAT_NONE;-;Materials;Materials;AdminMaterials;materials;PRAWDA;ITFO_WATER;-;ITMI_GS_MAT_29;0,1;1;Gamemaster;FAŁSZ;BRAK;BRAK;BRAK;BRAK;BRAK;BRAK;BRAK;BRAK;BRAK;BRAK;BRAK;BRAK;BRAK;BRAK;BRAK;BRAK;FAŁSZ;BRAK;BRAK;BRAK;;BRAK;BRAK;PRAWDA;5;5;BRAK;BRAK;BRAK;BRAK;BRAK;BRAK;BRAK;BRAK;BRAK;BRAK;Metalurg;;ItFo_Water.3ds;TAK;NIE;TAK;FAŁSZ
Menzurka;2,00;2,30;FAŁSZ;Naczynie ze szkła używane przez alchemików do odmierzania i mieszania płynów.;ITEM_CAT_NONE;-;Materials;Materials;AdminMaterials;materials;PRAWDA;ITMI_FLASK;-;ITMI_GS_MAT_30;0,1;1;Gamemaster;FAŁSZ;BRAK;BRAK;BRAK;BRAK;BRAK;BRAK;BRAK;BRAK;BRAK;BRAK;BRAK;BRAK;BRAK;BRAK;BRAK;BRAK;FAŁSZ;BRAK;BRAK;BRAK;;BRAK;BRAK;PRAWDA;5;5;BRAK;BRAK;BRAK;BRAK;BRAK;BRAK;BRAK;BRAK;BRAK;BRAK;Metalurg;;ItMi_Flask.3ds;TAK;TAK;TAK;PRAWDA
Sztaba żelaza;34,00;39,10;FAŁSZ;Blok czystego żelaza, niezbędny do kowalstwa i wytwarzania potężniejszych przedmiotów.;ITEM_CAT_NONE;-;Materials;Materials;AdminMaterials;materials;PRAWDA;SYN_IRON_BAR;-;ITMI_GS_MAT_31;3;1;Gamemaster;FAŁSZ;BRAK;BRAK;BRAK;BRAK;BRAK;BRAK;BRAK;BRAK;BRAK;BRAK;BRAK;BRAK;BRAK;BRAK;BRAK;BRAK;FAŁSZ;BRAK;BRAK;BRAK;;BRAK;BRAK;PRAWDA;5;5;BRAK;BRAK;BRAK;BRAK;BRAK;BRAK;BRAK;BRAK;BRAK;BRAK;Metalurg;;SYN_IRON_BAR.3ds;TAK;TAK;TAK;PRAWDA
Sztaba złota;341,00;409,20;FAŁSZ;Blok czystego złota.;ITEM_CAT_NONE;-;Materials;Materials;AdminMaterials;materials;PRAWDA;-;-;ITMI_GS_MAT_31_1;3;2;Gamemaster;FAŁSZ;BRAK;BRAK;BRAK;BRAK;BRAK;BRAK;BRAK;BRAK;BRAK;BRAK;BRAK;BRAK;BRAK;BRAK;BRAK;BRAK;FAŁSZ;BRAK;BRAK;BRAK;;BRAK;BRAK;PRAWDA;5;5;BRAK;BRAK;BRAK;BRAK;BRAK;BRAK;BRAK;BRAK;BRAK;BRAK;Metalurg;;GS_GOLDEN_BAR.3DS;TAK;TAK;TAK;PRAWDA
Sztabka stali;71,00;88,75;FAŁSZ;Solidny kawałek metalu, niezbędny w kuźni.;ITEM_CAT_NONE;-;Materials;Materials;AdminMaterials;materials;PRAWDA;SYN_SILVER_BAR;-;ITMI_GS_MAT_32;3;3;Gamemaster;FAŁSZ;BRAK;BRAK;BRAK;BRAK;BRAK;BRAK;BRAK;BRAK;BRAK;BRAK;BRAK;BRAK;BRAK;BRAK;BRAK;BRAK;FAŁSZ;BRAK;BRAK;BRAK;;BRAK;BRAK;PRAWDA;5;5;BRAK;BRAK;BRAK;BRAK;BRAK;BRAK;BRAK;BRAK;BRAK;BRAK;Metalurg;;SYN_SILVER_BAR.3ds;TAK;TAK;TAK;PRAWDA
Sztabka meteorytowej stali;85,50;111,15;FAŁSZ;Wykonana z rzadkiej stali meteorytowej, idealna do kucia potężnych ostrzy.;ITEM_CAT_NONE;-;Materials;Materials;AdminMaterials;materials;PRAWDA;SYN_RED_BAR;-;ITMI_GS_MAT_33;3;4;Gamemaster;FAŁSZ;BRAK;BRAK;BRAK;BRAK;BRAK;BRAK;BRAK;BRAK;BRAK;BRAK;BRAK;BRAK;BRAK;BRAK;BRAK;BRAK;FAŁSZ;BRAK;BRAK;BRAK;;BRAK;BRAK;PRAWDA;5;5;BRAK;BRAK;BRAK;BRAK;BRAK;BRAK;BRAK;BRAK;BRAK;BRAK;Metalurg;;SYN_RED_BAR.3ds;TAK;TAK;TAK;PRAWDA
Sztabka magicznej rudy;375,50;506,93;FAŁSZ;Sztabka czystej, przetopionej magicznej rudy. Materiał ten jest niezwykle cenny i wykorzystywany do tworzenia najpotężniejszych broni.;ITEM_CAT_NONE;-;Materials;Materials;AdminMaterials;materials;PRAWDA;SYN_MAGIC_BAR;-;ITMI_GS_MAT_34;3;5;Gamemaster;FAŁSZ;BRAK;BRAK;BRAK;BRAK;BRAK;BRAK;BRAK;BRAK;BRAK;BRAK;BRAK;BRAK;BRAK;BRAK;BRAK;BRAK;FAŁSZ;BRAK;BRAK;BRAK;;BRAK;BRAK;PRAWDA;5;5;BRAK;BRAK;BRAK;BRAK;BRAK;BRAK;BRAK;BRAK;BRAK;BRAK;Metalurg;;SYN_MAGIC_BAR.3ds;TAK;TAK;TAK;PRAWDA
Opał;2,00;2,00;PRAWDA;Kawałki suchego drewna, idealne do rozpalenia ogniska.;ITEM_CAT_NONE;-;Materials;Materials;AdminMaterials;materials;PRAWDA;ITCR_SDRP_DROP_16;-;ITMI_GS_MAT_35;0,5;0;Gamemaster;FAŁSZ;BRAK;BRAK;BRAK;BRAK;BRAK;BRAK;BRAK;BRAK;BRAK;BRAK;BRAK;BRAK;BRAK;BRAK;BRAK;BRAK;FAŁSZ;BRAK;BRAK;BRAK;;BRAK;BRAK;PRAWDA;5;5;BRAK;BRAK;BRAK;BRAK;BRAK;BRAK;BRAK;BRAK;BRAK;BRAK;Drwal;;WOOD.3ds;TAK;TAK;TAK;PRAWDA
Kłoda z miękkiego drzewa;0,00;0,00;PRAWDA;Kawałek miękkiego drewna, idealny do palenia lub budowy.;ITEM_CAT_BACKPACK;-;Materials;Corpse;AdminMaterials;corpse;FAŁSZ;ITCR_SDRP_DROP_62;-;ITMI_GS_ACTIV_01;10;0;Gamemaster;FAŁSZ;BRAK;BRAK;BRAK;BRAK;BRAK;BRAK;BRAK;BRAK;BRAK;BRAK;BRAK;BRAK;BRAK;BRAK;BRAK;BRAK;FAŁSZ;BRAK;BRAK;BRAK;;BRAK;BRAK;FAŁSZ;5;5;BRAK;BRAK;BRAK;BRAK;BRAK;BRAK;BRAK;BRAK;BRAK;BRAK;Drwal;;Bela.3ds;TAK;TAK;TAK;PRAWDA
Kłoda z twardego drzewa;0,00;0,00;PRAWDA;Solidny kawałek drewna, pozyskany z potężnych i wytrzymałych drzew. Idealny materiał do budowy lub wytwarzania trwałych narzędzi.;ITEM_CAT_BACKPACK;-;Materials;Corpse;AdminMaterials;corpse;FAŁSZ;BELA2;-;ITMI_GS_ACTIV_02;10;0;Gamemaster;FAŁSZ;BRAK;BRAK;BRAK;BRAK;BRAK;BRAK;BRAK;BRAK;BRAK;BRAK;BRAK;BRAK;BRAK;BRAK;BRAK;BRAK;FAŁSZ;BRAK;BRAK;BRAK;;BRAK;BRAK;FAŁSZ;5;5;BRAK;BRAK;BRAK;BRAK;BRAK;BRAK;BRAK;BRAK;BRAK;BRAK;Drwal;;BELA2.3ds;TAK;TAK;TAK;PRAWDA
Kłoda ze szlachetnego drzewa;0,00;0,00;PRAWDA;Wysokiej jakości drewno, które idealnie nadaje się do budowy solidnych konstrukcji.;ITEM_CAT_BACKPACK;-;Materials;Corpse;AdminMaterials;corpse;FAŁSZ;BELA3;-;ITMI_GS_ACTIV_03;10;0;Gamemaster;FAŁSZ;BRAK;BRAK;BRAK;BRAK;BRAK;BRAK;BRAK;BRAK;BRAK;BRAK;BRAK;BRAK;BRAK;BRAK;BRAK;BRAK;FAŁSZ;BRAK;BRAK;BRAK;;BRAK;BRAK;FAŁSZ;5;5;BRAK;BRAK;BRAK;BRAK;BRAK;BRAK;BRAK;BRAK;BRAK;BRAK;Drwal;;BELA3.3ds;TAK;TAK;TAK;PRAWDA
Przepiłowany kij;1,90;2,19;FAŁSZ;Drewniany kij, niechlujnie spiłowany.;ITEM_CAT_NONE;-;Materials;Materials;AdminMaterials;materials;PRAWDA;ITCR_SDRP_DROP_17;-;ITMI_GS_MAT_36;0,5;1;Gamemaster;FAŁSZ;BRAK;BRAK;BRAK;BRAK;BRAK;BRAK;BRAK;BRAK;BRAK;BRAK;BRAK;BRAK;BRAK;BRAK;BRAK;BRAK;FAŁSZ;BRAK;BRAK;BRAK;;BRAK;BRAK;PRAWDA;5;5;BRAK;BRAK;BRAK;BRAK;BRAK;BRAK;BRAK;BRAK;BRAK;BRAK;Drwal;;WOODPIECE.3ds;TAK;TAK;TAK;PRAWDA
Miska;#N/D;#N/D;FAŁSZ;Zwykła drewniana miska. Niezbędna w każdej kuchni.;ITEM_CAT_NONE;-;Materials;Materials;AdminMaterials;materials;PRAWDA;Cylinder.003;-;ITMI_GS_MAT_37;0,5;1;Gamemaster;FAŁSZ;BRAK;BRAK;BRAK;BRAK;BRAK;BRAK;BRAK;BRAK;BRAK;BRAK;BRAK;BRAK;BRAK;BRAK;BRAK;BRAK;FAŁSZ;BRAK;BRAK;BRAK;;BRAK;BRAK;PRAWDA;5;5;BRAK;BRAK;BRAK;BRAK;BRAK;BRAK;BRAK;BRAK;BRAK;BRAK;Drwal;;Cylinder_003.3ds;TAK;TAK;TAK;FAŁSZ
Drewno do wyrobu broni;25,67;33,00;FAŁSZ;Twarde drewno, idealne do stworzenia solidnych ostrzy lub rękojeści.;ITEM_CAT_NONE;-;Materials;Materials;AdminMaterials;materials;PRAWDA;CRAFT_DREWNO_SWIERKU;-;ITMI_GS_MAT_38;0,5;1;Gamemaster;FAŁSZ;BRAK;BRAK;BRAK;BRAK;BRAK;BRAK;BRAK;BRAK;BRAK;BRAK;BRAK;BRAK;BRAK;BRAK;BRAK;BRAK;FAŁSZ;BRAK;BRAK;BRAK;;BRAK;BRAK;PRAWDA;5;5;BRAK;BRAK;BRAK;BRAK;BRAK;BRAK;BRAK;BRAK;BRAK;BRAK;Drwal;;CRAFT_DREWNO_SWIERKU.3ds;TAK;TAK;TAK;PRAWDA
Twarde drewno;40,95;65,87;FAŁSZ;Materiał pozyskiwany z najstarszych drzew.;ITEM_CAT_NONE;-;Materials;Materials;AdminMaterials;materials;PRAWDA;CRAFT_DREWNO_BRZOZA;-;ITMI_GS_MAT_39;2;2;Gamemaster;FAŁSZ;BRAK;BRAK;BRAK;BRAK;BRAK;BRAK;BRAK;BRAK;BRAK;BRAK;BRAK;BRAK;BRAK;BRAK;BRAK;BRAK;FAŁSZ;BRAK;BRAK;BRAK;;BRAK;BRAK;PRAWDA;5;5;BRAK;BRAK;BRAK;BRAK;BRAK;BRAK;BRAK;BRAK;BRAK;BRAK;Drwal;;CRAFT_DREWNO_BRZOZA.3ds;TAK;TAK;TAK;PRAWDA
Szlachetne drewno;60,70;93,16;FAŁSZ;Kawałek wysokiej jakości drewna, ceniony za swoją twardość.;ITEM_CAT_NONE;-;Materials;Materials;AdminMaterials;materials;PRAWDA;CRAFT_DREWNO_DEBU;-;ITMI_GS_MAT_40;2;3;Gamemaster;FAŁSZ;BRAK;BRAK;BRAK;BRAK;BRAK;BRAK;BRAK;BRAK;BRAK;BRAK;BRAK;BRAK;BRAK;BRAK;BRAK;BRAK;FAŁSZ;BRAK;BRAK;BRAK;;BRAK;BRAK;PRAWDA;5;5;BRAK;BRAK;BRAK;BRAK;BRAK;BRAK;BRAK;BRAK;BRAK;BRAK;Drwal;;CRAFT_DREWNO_DEBU.3ds;TAK;TAK;TAK;PRAWDA
Gałąź;0,65;0,65;PRAWDA;Dla ciebie patyk, dla dziecka wymarzona broń.;ITEM_CAT_NONE;-;Materials;Materials;AdminMaterials;materials;PRAWDA;ITCR_SDRP_DROP_14;-;ITMI_GS_MAT_41;0,25;0;Gamemaster;FAŁSZ;BRAK;BRAK;BRAK;BRAK;BRAK;BRAK;BRAK;BRAK;BRAK;BRAK;BRAK;BRAK;BRAK;BRAK;BRAK;BRAK;FAŁSZ;BRAK;BRAK;BRAK;;BRAK;BRAK;PRAWDA;5;5;BRAK;BRAK;BRAK;BRAK;BRAK;BRAK;BRAK;BRAK;BRAK;BRAK;Drwal;;CRAFT_DREWNO.3ds;TAK;TAK;TAK;PRAWDA
Pocięte miękkie drewno;2,30;3,00;PRAWDA;Kawałki pociętego miękkiego drewna, idealne do rozpalenia ogniska lub budowy prostych narzędzi.;ITEM_CAT_NONE;-;Materials;Materials;AdminMaterials;materials;PRAWDA;DREWIENKO1;-;ITMI_GS_MAT_42;0,75;1;Gamemaster;FAŁSZ;BRAK;BRAK;BRAK;BRAK;BRAK;BRAK;BRAK;BRAK;BRAK;BRAK;BRAK;BRAK;BRAK;BRAK;BRAK;BRAK;FAŁSZ;BRAK;BRAK;BRAK;;BRAK;BRAK;PRAWDA;5;5;BRAK;BRAK;BRAK;BRAK;BRAK;BRAK;BRAK;BRAK;BRAK;BRAK;Drwal;;DREWIENKO1.3ds;TAK;TAK;TAK;PRAWDA
Pocięte twarde drewno;3,50;4,00;PRAWDA;Wysokiej jakości drewno, idealne do obróbki.;ITEM_CAT_NONE;-;Materials;Materials;AdminMaterials;materials;PRAWDA;ITAT_GS_Udeska;-;ITMI_GS_MAT_43;0,75;2;Gamemaster;FAŁSZ;BRAK;BRAK;BRAK;BRAK;BRAK;BRAK;BRAK;BRAK;BRAK;BRAK;BRAK;BRAK;BRAK;BRAK;BRAK;BRAK;FAŁSZ;BRAK;BRAK;BRAK;;BRAK;BRAK;PRAWDA;5;5;BRAK;BRAK;BRAK;BRAK;BRAK;BRAK;BRAK;BRAK;BRAK;BRAK;Drwal;;DREWIENKO2.3ds;TAK;TAK;TAK;PRAWDA
Pocięte szlachetne drewno;5,00;6,00;PRAWDA;Drewno pozyskane z rzadkich i cennych gatunków, pocięte na użyteczne kawałki.;ITEM_CAT_NONE;-;Materials;Materials;AdminMaterials;materials;PRAWDA;ITAT_GS_Pdeska;-;ITMI_GS_MAT_44;0,75;3;Gamemaster;FAŁSZ;BRAK;BRAK;BRAK;BRAK;BRAK;BRAK;BRAK;BRAK;BRAK;BRAK;BRAK;BRAK;BRAK;BRAK;BRAK;BRAK;FAŁSZ;BRAK;BRAK;BRAK;;BRAK;BRAK;PRAWDA;5;5;BRAK;BRAK;BRAK;BRAK;BRAK;BRAK;BRAK;BRAK;BRAK;BRAK;Drwal;;DREWIENKO1.3ds;TAK;TAK;TAK;PRAWDA
Mokre deski z miękkiego drewna;3,00;3,00;PRAWDA;Deski wykonane z lekkiego, nasiąkniętego wodą drewna.;ITEM_CAT_NONE;-;Materials;Materials;AdminMaterials;materials;PRAWDA;deska1M;-;ITMI_GS_MAT_45;1;1;Gamemaster;FAŁSZ;BRAK;BRAK;BRAK;BRAK;BRAK;BRAK;BRAK;BRAK;BRAK;BRAK;BRAK;BRAK;BRAK;BRAK;BRAK;BRAK;FAŁSZ;BRAK;BRAK;BRAK;;BRAK;BRAK;PRAWDA;5;5;BRAK;BRAK;BRAK;BRAK;BRAK;BRAK;BRAK;BRAK;BRAK;BRAK;Drwal;;deska1M.3ds;TAK;TAK;TAK;PRAWDA
Mokre deski z twardego drewna;7,00;7,00;PRAWDA;Deski z solidnego, twardego drewna, które nasiąknęły wodą.;ITEM_CAT_NONE;-;Materials;Materials;AdminMaterials;materials;PRAWDA;deska2M;-;ITMI_GS_MAT_46;1;2;Gamemaster;FAŁSZ;BRAK;BRAK;BRAK;BRAK;BRAK;BRAK;BRAK;BRAK;BRAK;BRAK;BRAK;BRAK;BRAK;BRAK;BRAK;BRAK;FAŁSZ;BRAK;BRAK;BRAK;;BRAK;BRAK;PRAWDA;5;5;BRAK;BRAK;BRAK;BRAK;BRAK;BRAK;BRAK;BRAK;BRAK;BRAK;Drwal;;deska2M.3ds;TAK;TAK;TAK;PRAWDA
Mokre deski ze szlachetnego drewna;11,00;11,00;PRAWDA;Twarde i ciężkie, lecz szlachetne drewno nasiąknięte wilgocią.;ITEM_CAT_NONE;-;Materials;Materials;AdminMaterials;materials;PRAWDA;deska3M;-;ITMI_GS_MAT_47;1;3;Gamemaster;FAŁSZ;BRAK;BRAK;BRAK;BRAK;BRAK;BRAK;BRAK;BRAK;BRAK;BRAK;BRAK;BRAK;BRAK;BRAK;BRAK;BRAK;FAŁSZ;BRAK;BRAK;BRAK;;BRAK;BRAK;PRAWDA;5;5;BRAK;BRAK;BRAK;BRAK;BRAK;BRAK;BRAK;BRAK;BRAK;BRAK;Drwal;;deska3M.3ds;TAK;TAK;TAK;PRAWDA
Deska z miękiego drewna;3,60;4,00;PRAWDA;Płyta z drewna, często używana do prostych konstrukcji lub jako opał.;ITEM_CAT_NONE;-;Materials;Materials;AdminMaterials;materials;PRAWDA;ITCR_SDRP_DROP_15;-;ITMI_GS_MAT_48;0,75;1;Gamemaster;FAŁSZ;BRAK;BRAK;BRAK;BRAK;BRAK;BRAK;BRAK;BRAK;BRAK;BRAK;BRAK;BRAK;BRAK;BRAK;BRAK;BRAK;FAŁSZ;BRAK;BRAK;BRAK;;BRAK;BRAK;PRAWDA;5;5;BRAK;BRAK;BRAK;BRAK;BRAK;BRAK;BRAK;BRAK;BRAK;BRAK;Drwal;;Craft_Drewno2.3ds;TAK;TAK;TAK;PRAWDA
Deska z twardego drewna;8,00;8,00;PRAWDA;Kawałek wytrzymałego, twardego drewna, idealny do budowy lub naprawy.;ITEM_CAT_NONE;-;Materials;Materials;AdminMaterials;materials;PRAWDA;deska2;-;ITMI_GS_MAT_49;0,75;2;Gamemaster;FAŁSZ;BRAK;BRAK;BRAK;BRAK;BRAK;BRAK;BRAK;BRAK;BRAK;BRAK;BRAK;BRAK;BRAK;BRAK;BRAK;BRAK;FAŁSZ;BRAK;BRAK;BRAK;;BRAK;BRAK;PRAWDA;5;5;BRAK;BRAK;BRAK;BRAK;BRAK;BRAK;BRAK;BRAK;BRAK;BRAK;Drwal;;deska2.3ds;TAK;TAK;TAK;PRAWDA
Deska ze szlachetnego drewna;12,00;12,00;PRAWDA;Wykonana z najwyższej jakości, twardego drewna.;ITEM_CAT_NONE;-;Materials;Materials;AdminMaterials;materials;PRAWDA;deska3;-;ITMI_GS_MAT_50;0,75;3;Gamemaster;FAŁSZ;BRAK;BRAK;BRAK;BRAK;BRAK;BRAK;BRAK;BRAK;BRAK;BRAK;BRAK;BRAK;BRAK;BRAK;BRAK;BRAK;FAŁSZ;BRAK;BRAK;BRAK;;BRAK;BRAK;PRAWDA;5;5;BRAK;BRAK;BRAK;BRAK;BRAK;BRAK;BRAK;BRAK;BRAK;BRAK;Drwal;;deska3.3ds;TAK;TAK;TAK;PRAWDA
Chwast;0,25;0,25;PRAWDA;Zwykły polny chwast, który można znaleźć niemal wszędzie.;ITEM_CAT_NONE;-;Materials;Plants;AdminMaterials;materials;PRAWDA;ITPL_WEED;-;ITMI_GS_MAT_51;0,1;0;Gamemaster;FAŁSZ;BRAK;BRAK;BRAK;BRAK;BRAK;BRAK;BRAK;BRAK;BRAK;BRAK;BRAK;BRAK;BRAK;BRAK;BRAK;BRAK;FAŁSZ;BRAK;BRAK;BRAK;;BRAK;BRAK;PRAWDA;5;5;BRAK;BRAK;BRAK;BRAK;BRAK;BRAK;BRAK;BRAK;BRAK;BRAK;Zbieracz;Rośliny;ItPl_Weed.3ds;TAK;TAK;TAK;PRAWDA
Piekielnik;1,00;1,00;PRAWDA;Grzyb ma brunatny trzon, natomiast jego kapelusz jest barwy białej.;ITEM_CAT_NONE;-;Materials;Plants;AdminMaterials;materials;PRAWDA;itpl_SDRP_herb_18;-;ITMI_GS_MAT_52;0,1;0;Gamemaster;FAŁSZ;BRAK;BRAK;BRAK;BRAK;BRAK;BRAK;BRAK;BRAK;BRAK;BRAK;BRAK;BRAK;BRAK;BRAK;BRAK;BRAK;FAŁSZ;BRAK;BRAK;BRAK;;BRAK;BRAK;PRAWDA;5;5;BRAK;BRAK;BRAK;BRAK;BRAK;BRAK;BRAK;BRAK;BRAK;BRAK;Zbieracz;Rośliny;ItFo_Plants_mushroom_01.3ds;TAK;TAK;TAK;PRAWDA
Ciemny grzyb;1,00;1,00;PRAWDA;Mułowe grzyby są przepełnione magiczną energią.;ITEM_CAT_NONE;-;Materials;Plants;AdminMaterials;materials;PRAWDA;ITPL_MUSHROOM_01;-;ITMI_GS_MAT_53;0,1;0;Gamemaster;FAŁSZ;BRAK;BRAK;BRAK;BRAK;BRAK;BRAK;BRAK;BRAK;BRAK;BRAK;BRAK;BRAK;BRAK;BRAK;BRAK;BRAK;FAŁSZ;BRAK;BRAK;BRAK;;BRAK;BRAK;PRAWDA;5;5;BRAK;BRAK;BRAK;BRAK;BRAK;BRAK;BRAK;BRAK;BRAK;BRAK;Zbieracz;Rośliny;ItPl_Mushroom_01.3ds;TAK;TAK;TAK;PRAWDA
Bagienne ziele;1,00;1,00;PRAWDA;Po odpowiednim ususzeniu rośliny, może znaleźć swoje zastosowanie przy wypoczynku lub medytacji.;ITEM_CAT_NONE;-;Materials;Plants;AdminMaterials;materials;PRAWDA;ITPL_WEED;-;ITMI_GS_MAT_54;0,1;0;Gamemaster;FAŁSZ;BRAK;BRAK;BRAK;BRAK;BRAK;BRAK;BRAK;BRAK;BRAK;BRAK;BRAK;BRAK;BRAK;BRAK;BRAK;BRAK;FAŁSZ;BRAK;BRAK;BRAK;;BRAK;BRAK;PRAWDA;5;5;BRAK;BRAK;BRAK;BRAK;BRAK;BRAK;BRAK;BRAK;BRAK;BRAK;Zbieracz;Rośliny;ItPl_Weed.3ds;TAK;TAK;TAK;PRAWDA
Rdest polny;1,00;1,00;PRAWDA;Rosną przeważnie w ciemnych, podmokłych i trudno dostępnych miejscach.;ITEM_CAT_NONE;-;Materials;Plants;AdminMaterials;materials;PRAWDA;ITPL_TEMP_HERB;-;ITMI_GS_MAT_55;0,1;0;Gamemaster;FAŁSZ;BRAK;BRAK;BRAK;BRAK;BRAK;BRAK;BRAK;BRAK;BRAK;BRAK;BRAK;BRAK;BRAK;BRAK;BRAK;BRAK;FAŁSZ;BRAK;BRAK;BRAK;;BRAK;BRAK;PRAWDA;5;5;BRAK;BRAK;BRAK;BRAK;BRAK;BRAK;BRAK;BRAK;BRAK;BRAK;Zbieracz;Rośliny;ItPl_Temp_Herb.3ds;TAK;TAK;TAK;PRAWDA
Niebieski bez;1,00;1,00;PRAWDA;Ma zielone liście i niebieskie owoce.;ITEM_CAT_NONE;-;Materials;Plants;AdminMaterials;materials;PRAWDA;ITPL_BLUEPLANT;-;ITMI_GS_MAT_56;0,1;0;Gamemaster;FAŁSZ;BRAK;BRAK;BRAK;BRAK;BRAK;BRAK;BRAK;BRAK;BRAK;BRAK;BRAK;BRAK;BRAK;BRAK;BRAK;BRAK;FAŁSZ;BRAK;BRAK;BRAK;;BRAK;BRAK;PRAWDA;5;5;BRAK;BRAK;BRAK;BRAK;BRAK;BRAK;BRAK;BRAK;BRAK;BRAK;Zbieracz;Rośliny;ItPl_Blueplant.3ds;TAK;TAK;TAK;PRAWDA
Roślina lecznicza;1,00;1,00;PRAWDA;Podstawowy skladnik potrzebny do warzenia podstawowych wywarów leczniczych.;ITEM_CAT_NONE;-;Materials;Plants;AdminMaterials;materials;PRAWDA;itpl_SDRP_herb_09;-;ITMI_GS_MAT_57;0,1;0;Gamemaster;FAŁSZ;BRAK;BRAK;BRAK;BRAK;BRAK;BRAK;BRAK;BRAK;BRAK;BRAK;BRAK;BRAK;BRAK;BRAK;BRAK;BRAK;FAŁSZ;BRAK;BRAK;BRAK;;BRAK;BRAK;PRAWDA;5;5;BRAK;BRAK;BRAK;BRAK;BRAK;BRAK;BRAK;BRAK;BRAK;BRAK;Zbieracz;Rośliny;ItFo_Plants_Herb_01.3ds;TAK;TAK;TAK;PRAWDA
Ognista pokrzywa;1,00;1,00;PRAWDA;Podstawowy skladnik potrzebny do warzenia podstawowych wywarów odnawiających manę.;ITEM_CAT_NONE;-;Materials;Plants;AdminMaterials;materials;PRAWDA;ITPL_MANA_HERB_01;-;ITMI_GS_MAT_58;0,1;0;Gamemaster;FAŁSZ;BRAK;BRAK;BRAK;BRAK;BRAK;BRAK;BRAK;BRAK;BRAK;BRAK;BRAK;BRAK;BRAK;BRAK;BRAK;BRAK;FAŁSZ;BRAK;BRAK;BRAK;;BRAK;BRAK;PRAWDA;5;5;BRAK;BRAK;BRAK;BRAK;BRAK;BRAK;BRAK;BRAK;BRAK;BRAK;Zbieracz;Rośliny;ItPl_Mana_Herb_01.3ds;TAK;TAK;TAK;PRAWDA
Ziele lecznicze;2,00;2,00;PRAWDA;Główny składnik ekstraktu leczniczego.;ITEM_CAT_NONE;-;Materials;Plants;AdminMaterials;materials;PRAWDA;ITPL_HEALTH_HERB_02;-;ITMI_GS_MAT_59;0,1;1;Gamemaster;FAŁSZ;BRAK;BRAK;BRAK;BRAK;BRAK;BRAK;BRAK;BRAK;BRAK;BRAK;BRAK;BRAK;BRAK;BRAK;BRAK;BRAK;FAŁSZ;BRAK;BRAK;BRAK;;BRAK;BRAK;PRAWDA;5;5;BRAK;BRAK;BRAK;BRAK;BRAK;BRAK;BRAK;BRAK;BRAK;BRAK;Zbieracz;Rośliny;ItPl_Health_Herb_02.3ds;TAK;TAK;TAK;PRAWDA
Ogniste ziele;2,00;2,00;PRAWDA;Główny składnik ekstraktu many.;ITEM_CAT_NONE;-;Materials;Plants;AdminMaterials;materials;PRAWDA;ITPL_MANA_HERB_02;-;ITMI_GS_MAT_60;0,1;1;Gamemaster;FAŁSZ;BRAK;BRAK;BRAK;BRAK;BRAK;BRAK;BRAK;BRAK;BRAK;BRAK;BRAK;BRAK;BRAK;BRAK;BRAK;BRAK;FAŁSZ;BRAK;BRAK;BRAK;;BRAK;BRAK;PRAWDA;5;5;BRAK;BRAK;BRAK;BRAK;BRAK;BRAK;BRAK;BRAK;BRAK;BRAK;Zbieracz;Rośliny;ItPl_Mana_Herb_02.3ds;TAK;TAK;TAK;PRAWDA
Zębate ziele;4,00;4,00;PRAWDA;Rzadkie zioło o niezwykłych właściwościach, cenione przez alchemików.;ITEM_CAT_NONE;-;Materials;Plants;AdminMaterials;materials;PRAWDA;ITPL_PERM_HERB;-;ITMI_GS_MAT_62;0,1;3;Gamemaster;FAŁSZ;BRAK;BRAK;BRAK;BRAK;BRAK;BRAK;BRAK;BRAK;BRAK;BRAK;BRAK;BRAK;BRAK;BRAK;BRAK;BRAK;FAŁSZ;BRAK;BRAK;BRAK;;BRAK;BRAK;PRAWDA;5;5;BRAK;BRAK;BRAK;BRAK;BRAK;BRAK;BRAK;BRAK;BRAK;BRAK;Zbieracz;Rośliny;ItPl_Speed_Herb_01.3ds;TAK;TAK;TAK;PRAWDA
Szczaw królewski;3,00;3,00;PRAWDA;Roślina będąca składnikiem do najsilniejszych mikstur leczniczych.;ITEM_CAT_NONE;-;Materials;Plants;AdminMaterials;materials;PRAWDA;ITPL_HEALTH_HERB_03;-;ITMI_GS_MAT_63;0,1;3;Gamemaster;FAŁSZ;BRAK;BRAK;BRAK;BRAK;BRAK;BRAK;BRAK;BRAK;BRAK;BRAK;BRAK;BRAK;BRAK;BRAK;BRAK;BRAK;FAŁSZ;BRAK;BRAK;BRAK;;BRAK;BRAK;PRAWDA;5;5;BRAK;BRAK;BRAK;BRAK;BRAK;BRAK;BRAK;BRAK;BRAK;BRAK;Zbieracz;Rośliny;ItPl_Perm_Herb.3ds;TAK;TAK;TAK;PRAWDA
Korzeń leczniczy;3,00;3,00;PRAWDA;Roślina będąca składnikiem do najsilniejszych mikstur many.;ITEM_CAT_NONE;-;Materials;Plants;AdminMaterials;materials;PRAWDA;ITPL_MANA_HERB_03;-;ITMI_GS_MAT_64;0,1;3;Gamemaster;FAŁSZ;BRAK;BRAK;BRAK;BRAK;BRAK;BRAK;BRAK;BRAK;BRAK;BRAK;BRAK;BRAK;BRAK;BRAK;BRAK;BRAK;FAŁSZ;BRAK;BRAK;BRAK;;BRAK;BRAK;PRAWDA;5;5;BRAK;BRAK;BRAK;BRAK;BRAK;BRAK;BRAK;BRAK;BRAK;BRAK;Zbieracz;Rośliny;ItPl_Health_Herb_03.3ds;TAK;TAK;TAK;PRAWDA
Ognisty korzeń;2,00;2,00;PRAWDA;Czerwone owoce rosnące na krzakach.;ITEM_CAT_FOOD;-;Consumable;Food;AdminFood;consumable;PRAWDA;ITPL_FORESTBERRY;-;ITFO_GS_53;0,1;1;Gamemaster;FAŁSZ;1;1;BRAK;BRAK;1;BRAK;BRAK;BRAK;BRAK;BRAK;BRAK;BRAK;BRAK;BRAK;BRAK;BRAK;FAŁSZ;BRAK;BRAK;BRAK;;BRAK;BRAK;PRAWDA;5;5;BRAK;BRAK;BRAK;BRAK;BRAK;BRAK;BRAK;BRAK;BRAK;BRAK;Zbieracz;Rośliny;ItPl_Mana_Herb_03.3ds;TAK;TAK;TAK;PRAWDA
Polna jagoda;3,00;3,00;PRAWDA;Owoc spory jak palec trolla, wykorzystywana jako baza alkoholi.;ITEM_CAT_FOOD;-;Consumable;Food;AdminFood;consumable;PRAWDA;ITPL_DEX_HERB_01;-;ITFO_GS_54;0,1;2;Gamemaster;FAŁSZ;1;1;BRAK;BRAK;1;BRAK;BRAK;BRAK;BRAK;BRAK;BRAK;BRAK;BRAK;BRAK;BRAK;BRAK;FAŁSZ;BRAK;BRAK;BRAK;;BRAK;BRAK;PRAWDA;5;5;BRAK;BRAK;BRAK;BRAK;BRAK;BRAK;BRAK;BRAK;BRAK;BRAK;Zbieracz;Rośliny;ItPl_Forestberry.3ds;TAK;TAK;TAK;PRAWDA
Leśna jagoda;1,00;1,00;PRAWDA;Owoc o dużej liczbie zastosowań. Można robić z niego alkohole czy ciasta.;ITEM_CAT_FOOD;-;Consumable;Food;AdminFood;consumable;PRAWDA;ITFO_APPLE;-;ITFO_GS_55;0,1;1;Gamemaster;FAŁSZ;1;1;BRAK;BRAK;1;BRAK;BRAK;BRAK;BRAK;BRAK;BRAK;BRAK;BRAK;BRAK;BRAK;BRAK;FAŁSZ;BRAK;BRAK;BRAK;;BRAK;BRAK;PRAWDA;5;5;BRAK;BRAK;BRAK;BRAK;BRAK;BRAK;BRAK;BRAK;BRAK;BRAK;Zbieracz;Rośliny;ItPl_Dex_Herb_01.3ds;TAK;TAK;TAK;PRAWDA
Jabłko;3,00;3,00;PRAWDA;Jest składnikiem alchemicznym służącym do wytworzenia mikstury szybkości.;ITEM_CAT_NONE;-;Materials;Plants;AdminMaterials;materials;PRAWDA;ITPL_SPEED_HERB_01;-;ITMI_GS_MAT_61;0,1;1;Gamemaster;FAŁSZ;BRAK;BRAK;BRAK;BRAK;BRAK;BRAK;BRAK;BRAK;BRAK;BRAK;BRAK;BRAK;BRAK;BRAK;BRAK;BRAK;FAŁSZ;BRAK;BRAK;BRAK;;BRAK;BRAK;PRAWDA;5;5;BRAK;BRAK;BRAK;BRAK;BRAK;BRAK;BRAK;BRAK;BRAK;BRAK;Zbieracz;Dary lasu;ItFo_Apple.3ds;TAK;TAK;TAK;PRAWDA
Kora drzewna;3,00;3,00;PRAWDA;Kora używana, do tworzenia papirusu, a także najeefektywniejszy element do tworzenie odwarów garbarskich.;ITEM_CAT_NONE;-;Materials;Materials;AdminMaterials;materials;PRAWDA;kora;-;ITMI_GS_MAT_65;0,2;2;Gamemaster;FAŁSZ;BRAK;BRAK;BRAK;BRAK;BRAK;BRAK;BRAK;BRAK;BRAK;BRAK;BRAK;BRAK;BRAK;BRAK;BRAK;BRAK;FAŁSZ;BRAK;BRAK;BRAK;;BRAK;BRAK;PRAWDA;5;5;BRAK;BRAK;BRAK;BRAK;BRAK;BRAK;BRAK;BRAK;BRAK;BRAK;Zbieracz;Dary lasu;kora.3ds;TAK;TAK;TAK;PRAWDA
Pajęczyna;5,00;5,00;PRAWDA;Delikatna, lepka struktura pozostawiona przez pająki.;ITEM_CAT_NONE;-;Materials;Materials;AdminMaterials;materials;PRAWDA;ITCR_SDRP_DROP_86;-;ITMI_GS_MAT_66;0,1;1;Gamemaster;FAŁSZ;BRAK;BRAK;BRAK;BRAK;BRAK;BRAK;BRAK;BRAK;BRAK;BRAK;BRAK;BRAK;BRAK;BRAK;BRAK;BRAK;FAŁSZ;BRAK;BRAK;BRAK;;BRAK;BRAK;PRAWDA;5;5;BRAK;BRAK;BRAK;BRAK;BRAK;BRAK;BRAK;BRAK;BRAK;BRAK;Zbieracz;Dary lasu;HK_ITEM_PAJECZYNA.3ds;TAK;TAK;TAK;PRAWDA
Wosk pszczeli;5,00;5,00;PRAWDA;Wydzielina gruczołów woskowych pszczół, wykorzystywana do budowania plastrów.;ITEM_CAT_NONE;-;Materials;Materials;AdminMaterials;materials;PRAWDA;ITUS_SDRP_TOOL_34;-;ITMI_GS_MAT_67;0,2;3;Gamemaster;FAŁSZ;BRAK;BRAK;BRAK;BRAK;BRAK;BRAK;BRAK;BRAK;BRAK;BRAK;BRAK;BRAK;BRAK;BRAK;BRAK;BRAK;FAŁSZ;BRAK;BRAK;BRAK;;BRAK;BRAK;PRAWDA;5;5;BRAK;BRAK;BRAK;BRAK;BRAK;BRAK;BRAK;BRAK;BRAK;BRAK;Zbieracz;Dary lasu;ItMi_Bottle_Empty.3ds;TAK;TAK;TAK;PRAWDA
Miód;5,00;5,00;PRAWDA;Gęsty, złocisty nektar wytwarzany przez pszczoły.;ITEM_CAT_FOOD;-;Consumable;Food;AdminFood;consumable;PRAWDA;ITFO_HONEY;-;ITFO_GS_56;0,2;3;Gamemaster;FAŁSZ;1;1;1,5;BRAK;1;1,5;BRAK;BRAK;BRAK;BRAK;BRAK;BRAK;BRAK;BRAK;BRAK;BRAK;FAŁSZ;BRAK;BRAK;BRAK;;BRAK;BRAK;PRAWDA;5;5;BRAK;BRAK;BRAK;BRAK;BRAK;BRAK;BRAK;BRAK;BRAK;BRAK;Zbieracz;Dary lasu;ItFo_Honey.3ds;TAK;TAK;TAK;PRAWDA
Ryba;1,00;1,00;PRAWDA;Wędkarski połów, świeży lub ususzony.;ITEM_CAT_NONE;-;Materials;Materials;AdminMaterials;materials;PRAWDA;ITFO_FISH;-;ITMI_GS_MAT_68;0,3;1;Gamemaster;FAŁSZ;BRAK;BRAK;BRAK;BRAK;BRAK;BRAK;BRAK;BRAK;BRAK;BRAK;BRAK;BRAK;BRAK;BRAK;BRAK;BRAK;FAŁSZ;BRAK;BRAK;BRAK;;BRAK;BRAK;PRAWDA;5;5;43200;BRAK;BRAK;BRAK;BRAK;BRAK;BRAK;BRAK;BRAK;BRAK;Zbieracz;Owoce morza;ItFo_Fish.3ds;TAK;TAK;TAK;PRAWDA
Wypatroszona ryba;0,75;0,86;FAŁSZ;Ryba, której usunięto wnętrzności.;ITEM_CAT_NONE;-;Materials;Materials;AdminMaterials;materials;PRAWDA;itfo_SDRP_food_33;-;ITMI_GS_MAT_69;0,4;1;Gamemaster;FAŁSZ;BRAK;BRAK;BRAK;BRAK;BRAK;BRAK;BRAK;BRAK;BRAK;BRAK;BRAK;BRAK;BRAK;BRAK;BRAK;BRAK;FAŁSZ;BRAK;BRAK;BRAK;;BRAK;BRAK;PRAWDA;5;5;43200;BRAK;BRAK;BRAK;BRAK;BRAK;BRAK;BRAK;BRAK;BRAK;Zbieracz;Owoce morza;SDRP_FISH_04.3ds;TAK;TAK;TAK;PRAWDA
Małż;25,00;25,00;PRAWDA;Cenny skarb wyłowiony z morza.;ITEM_CAT_NONE;-;Materials;Materials;AdminMaterials;materials;PRAWDA;ITMI_ADDON_WHITEPEARL;itmi_addon_shell_01;ITMI_GS_MAT_248_V1;0,1;2;Gamemaster;FAŁSZ;BRAK;BRAK;BRAK;BRAK;BRAK;BRAK;BRAK;BRAK;BRAK;BRAK;BRAK;BRAK;BRAK;BRAK;BRAK;BRAK;FAŁSZ;BRAK;BRAK;BRAK;;BRAK;BRAK;PRAWDA;5;5;BRAK;BRAK;BRAK;BRAK;BRAK;BRAK;BRAK;BRAK;BRAK;BRAK;Zbieracz;Owoce morza;ItMi_Shell_01.3ds;;TAK;TAK;PRAWDA
Perła;25,00;25,00;PRAWDA;Cenny skarb wyłowiony z morza, rzadko spotykany klejnot.;ITEM_CAT_NONE;-;Materials;Materials;AdminMaterials;materials;PRAWDA;ITMI_ADDON_WHITEPEARL;-;ITMI_GS_MAT_70;0,1;2;Gamemaster;FAŁSZ;BRAK;BRAK;BRAK;BRAK;BRAK;BRAK;BRAK;BRAK;BRAK;BRAK;BRAK;BRAK;BRAK;BRAK;BRAK;BRAK;FAŁSZ;BRAK;BRAK;BRAK;;BRAK;BRAK;PRAWDA;5;5;BRAK;BRAK;BRAK;BRAK;BRAK;BRAK;BRAK;BRAK;BRAK;BRAK;Zbieracz;Owoce morza;ItMi_WhitePearl_01.3ds;TAK;TAK;TAK;PRAWDA
Ostryga;3,00;3,00;PRAWDA;Morski przysmak w twardej skorupie.;ITEM_CAT_FOOD;-;Consumable;Food;AdminFood;consumable;PRAWDA;ItFo_Addon_Shellflesh;-;ITFO_GS_57;0,1;2;Gamemaster;FAŁSZ;1;1;BRAK;BRAK;1;BRAK;BRAK;BRAK;BRAK;BRAK;BRAK;BRAK;BRAK;BRAK;BRAK;BRAK;FAŁSZ;BRAK;BRAK;BRAK;;BRAK;BRAK;PRAWDA;5;5;BRAK;BRAK;BRAK;BRAK;BRAK;BRAK;BRAK;BRAK;BRAK;BRAK;Zbieracz;Owoce morza;ItAt_Meatbugflesh.3ds;TAK;TAK;TAK;PRAWDA
Błyszczący małż;25,00;25,00;PRAWDA;Prawdziwy skarb wyłowiony z morza.;ITEM_CAT_NONE;-;Materials;Materials;AdminMaterials;materials;PRAWDA;ITMI_ADDON_WHITEPEARL;itmi_addon_shell_01;ITMI_GS_MAT_249_V1;0,1;2;Gamemaster;FAŁSZ;BRAK;BRAK;BRAK;BRAK;BRAK;BRAK;BRAK;BRAK;BRAK;BRAK;BRAK;BRAK;BRAK;BRAK;BRAK;BRAK;FAŁSZ;BRAK;BRAK;BRAK;;BRAK;BRAK;PRAWDA;5;5;BRAK;BRAK;BRAK;BRAK;BRAK;BRAK;BRAK;BRAK;BRAK;BRAK;Zbieracz;Owoce morza;ItMi_Shell_01.3ds;;TAK;TAK;PRAWDA
Czarna perła;50,00;50,00;PRAWDA;Ciemny klejnot, dzielący nazwę ze statkiem legendarnego Jacka Wróbla.;ITEM_CAT_NONE;-;Materials;Materials;AdminMaterials;materials;PRAWDA;ItMi_DarkPearl;-;ITMI_GS_MAT_71;0,1;3;Gamemaster;FAŁSZ;BRAK;BRAK;BRAK;BRAK;BRAK;BRAK;BRAK;BRAK;BRAK;BRAK;BRAK;BRAK;BRAK;BRAK;BRAK;BRAK;FAŁSZ;BRAK;BRAK;BRAK;;BRAK;BRAK;PRAWDA;5;5;BRAK;BRAK;BRAK;BRAK;BRAK;BRAK;BRAK;BRAK;BRAK;BRAK;Zbieracz;Owoce morza;ItMi_DarkPearl.3ds;TAK;TAK;TAK;PRAWDA
Spirytus;3,26;3,26;FAŁSZ;Płyn uzyskany w procesie destylacji. Zdecydowanie nie dla słabych głów.;ITEM_CAT_FOOD;ITEM_FLAG_DRINK;Consumable;Food;AdminFood;consumable;PRAWDA;ITFO_SDRP_ALH_01;-;ITFO_GS_58;0,2;0;Gamemaster;FAŁSZ;1;BRAK;-1;BRAK;BRAK;-1;BRAK;BRAK;BRAK;BRAK;BRAK;BRAK;BRAK;BRAK;BRAK;BRAK;FAŁSZ;BRAK;BRAK;BRAK;;BRAK;BRAK;PRAWDA;5;5;BRAK;BRAK;BRAK;BRAK;BRAK;BRAK;BRAK;BRAK;BRAK;BRAK;Alchemik;Alkohole;ITFO_ALCH_NEW.3ds;TAK;TAK;TAK;PRAWDA
Pieprz;1,83;1,83;FAŁSZ;Ziarnka o intensywnym zapachu, dodające smaku każdej potrawie.;ITEM_CAT_NONE;-;Materials;Materials;AdminMaterials;materials;PRAWDA;ITFO_ADDON_PFEFFER_01;-;ITMI_GS_MAT_72;0,2;0;Gamemaster;FAŁSZ;BRAK;BRAK;BRAK;BRAK;BRAK;BRAK;BRAK;BRAK;BRAK;BRAK;BRAK;BRAK;BRAK;BRAK;BRAK;BRAK;FAŁSZ;BRAK;BRAK;BRAK;;BRAK;BRAK;PRAWDA;5;5;BRAK;BRAK;BRAK;BRAK;BRAK;BRAK;BRAK;BRAK;BRAK;BRAK;Alchemik;Alkohole;ItMi_Pocket.3ds;TAK;TAK;TAK;PRAWDA
Cukier;1,63;1,63;FAŁSZ;Sproszkowana substancja o słodkim smaku, często wykorzystywana do wyrobu deserów i słodzenia napojów.;ITEM_CAT_NONE;-;Materials;Materials;AdminMaterials;materials;PRAWDA;ITCR_SDRP_INGR_24;-;ITMI_GS_MAT_73;0,2;0;Gamemaster;FAŁSZ;BRAK;BRAK;BRAK;BRAK;BRAK;BRAK;BRAK;BRAK;BRAK;BRAK;BRAK;BRAK;BRAK;BRAK;BRAK;BRAK;FAŁSZ;BRAK;BRAK;BRAK;;BRAK;BRAK;PRAWDA;5;5;BRAK;BRAK;BRAK;BRAK;BRAK;BRAK;BRAK;BRAK;BRAK;BRAK;Alchemik;Alkohole;ItMi_Alchemy_Salt_01.3ds;TAK;TAK;TAK;PRAWDA
Drożdze;4,30;4,68;FAŁSZ;Niezbędny składnik do warzenia trunków i pieczenia chleba.;ITEM_CAT_NONE;-;Materials;Materials;AdminMaterials;materials;PRAWDA;ITCR_SDRP_DROP_75;-;ITMI_GS_MAT_74;0,2;0;Gamemaster;FAŁSZ;BRAK;BRAK;BRAK;BRAK;BRAK;BRAK;BRAK;BRAK;BRAK;BRAK;BRAK;BRAK;BRAK;BRAK;BRAK;BRAK;FAŁSZ;BRAK;BRAK;BRAK;;BRAK;BRAK;PRAWDA;5;5;BRAK;BRAK;BRAK;BRAK;BRAK;BRAK;BRAK;BRAK;BRAK;BRAK;Alchemik;Alkohole;ItMi_Alchemy_Moleratlubric_01.3ds;TAK;TAK;TAK;PRAWDA
Portowy browar;0,65;0,75;FAŁSZ;Tani sikacz, wystarczający by zrobić burdę.;ITEM_CAT_FOOD;ITEM_FLAG_DRINK;Consumable;Food;AdminFood;consumable;PRAWDA;ITFO_SDRP_KM_57;ITFO_GS_59;ITFO_GS_59_V1;0,2;0;Gamemaster;FAŁSZ;1;1;BRAK;BRAK;1;BRAK;BRAK;BRAK;BRAK;BRAK;BRAK;BRAK;BRAK;BRAK;BRAK;BRAK;FAŁSZ;BRAK;BRAK;BRAK;;BRAK;BRAK;PRAWDA;5;5;BRAK;alcohol;BRAK;BRAK;BRAK;BRAK;BRAK;BRAK;BRAK;BRAK;Alchemik;Alkohole;ItFo_Lakomy_Beer_01.3ds;TAK;TAK;TAK;PRAWDA
Piwo portowe;1,48;1,78;FAŁSZ;Tani sikacz, wystarczający by zrobić burdę.;ITEM_CAT_FOOD;ITEM_FLAG_DRINK;Consumable;Food;AdminFood;consumable;PRAWDA;ITFO_SDRP_KM_57;-;ITFO_GS_59;0,2;1;Gamemaster;FAŁSZ;1;5;BRAK;BRAK;2;BRAK;BRAK;BRAK;BRAK;BRAK;BRAK;BRAK;BRAK;BRAK;BRAK;BRAK;FAŁSZ;BRAK;BRAK;BRAK;;BRAK;BRAK;PRAWDA;5;5;BRAK;alcohol;BRAK;BRAK;BRAK;BRAK;BRAK;BRAK;BRAK;BRAK;Alchemik;Alkohole;ItFo_Lakomy_Beer_01.3ds;TAK;TAK;TAK;PRAWDA
Jabol;3,72;4,27;FAŁSZ;Potrzebuję na skok kogoś.. na hurtownie jaboli.;ITEM_CAT_FOOD;ITEM_FLAG_DRINK;Consumable;Food;AdminFood;consumable;PRAWDA;ITFO_SDRP_ALH_03;-;ITFO_GS_60;0,2;1;Gamemaster;FAŁSZ;1;12;BRAK;BRAK;7;BRAK;BRAK;BRAK;BRAK;BRAK;BRAK;BRAK;BRAK;BRAK;BRAK;BRAK;FAŁSZ;BRAK;BRAK;BRAK;;BRAK;BRAK;PRAWDA;5;5;BRAK;alcohol;BRAK;BRAK;BRAK;BRAK;BRAK;BRAK;BRAK;BRAK;Alchemik;Alkohole;APFELSAFT.3ds;TAK;TAK;TAK;PRAWDA
Nalewka jagodowa;5,53;6,64;FAŁSZ;Trunek przygotowany z leśnych jagód macerowanych w mocnym alkoholu.;ITEM_CAT_FOOD;ITEM_FLAG_DRINK;Consumable;Food;AdminFood;consumable;PRAWDA;ITFO_SDRP_ALH_06;-;ITFO_GS_61;0,2;2;Gamemaster;FAŁSZ;1;18;BRAK;BRAK;9;BRAK;5;BRAK;BRAK;BRAK;BRAK;BRAK;BRAK;BRAK;BRAK;BRAK;FAŁSZ;BRAK;BRAK;BRAK;;BRAK;BRAK;PRAWDA;5;5;BRAK;alcohol;BRAK;BRAK;BRAK;BRAK;BRAK;BRAK;BRAK;BRAK;Alchemik;Alkohole;BEERENLIKOER.3ds;TAK;TAK;TAK;PRAWDA
Piwo pszeniczne;2,99;3,67;FAŁSZ;Lekki napój alkoholowy warzony ze słodu pszenicznego.;ITEM_CAT_FOOD;ITEM_FLAG_DRINK;Consumable;Food;AdminFood;consumable;PRAWDA;ITFO_SDRP_KM_14;-;ITFO_GS_62;0,2;2;Gamemaster;FAŁSZ;1;10;BRAK;BRAK;6;BRAK;5;BRAK;BRAK;BRAK;BRAK;BRAK;BRAK;BRAK;BRAK;BRAK;FAŁSZ;BRAK;BRAK;BRAK;;BRAK;BRAK;PRAWDA;5;5;BRAK;alcohol;BRAK;BRAK;BRAK;BRAK;BRAK;BRAK;BRAK;BRAK;Alchemik;Alkohole;KM_vob_darkbeer.3ds;TAK;TAK;TAK;PRAWDA
Wino;4,97;5,96;FAŁSZ;Otwieram wino ze swoją dziewczyną...;ITEM_CAT_FOOD;ITEM_FLAG_DRINK;Consumable;Food;AdminFood;consumable;PRAWDA;ITFO_WINE;-;ITFO_GS_63;0,2;2;Gamemaster;FAŁSZ;1;16;BRAK;BRAK;8;BRAK;5;BRAK;BRAK;BRAK;BRAK;BRAK;BRAK;BRAK;BRAK;BRAK;FAŁSZ;BRAK;BRAK;BRAK;;BRAK;BRAK;PRAWDA;5;5;BRAK;alcohol;BRAK;BRAK;BRAK;BRAK;BRAK;BRAK;BRAK;BRAK;Alchemik;Alkohole;ItFo_Wine.3ds;TAK;TAK;TAK;PRAWDA
Wóda ziołowa;7,47;9,33;FAŁSZ;Niezbyt mocny napój destylowany z ziół, popularny wśród myśliwych i chłopów.;ITEM_CAT_FOOD;ITEM_FLAG_DRINK;Consumable;Food;AdminFood;consumable;PRAWDA;ITFO_SDRP_KM_59;-;ITFO_GS_64;0,2;3;Gamemaster;FAŁSZ;1;25;BRAK;BRAK;12;BRAK;10;BRAK;BRAK;BRAK;BRAK;BRAK;BRAK;BRAK;BRAK;BRAK;FAŁSZ;BRAK;BRAK;BRAK;;BRAK;BRAK;PRAWDA;5;5;BRAK;alcohol;BRAK;BRAK;BRAK;BRAK;BRAK;BRAK;BRAK;BRAK;Alchemik;Alkohole;KM_new_bottle_02.3ds;TAK;TAK;TAK;PRAWDA
Piwo miodowe;5,64;7,14;FAŁSZ;Piwo powstałe w wyniku fermentacji brzeczki słodowej i miodu z dodatkiem chmielu.;ITEM_CAT_FOOD;ITEM_FLAG_DRINK;Consumable;Food;AdminFood;consumable;PRAWDA;ITFO_SDRP_KM_08;-;ITFO_GS_65;0,2;3;Gamemaster;FAŁSZ;1;20;BRAK;BRAK;10;BRAK;10;BRAK;BRAK;BRAK;BRAK;BRAK;BRAK;BRAK;BRAK;BRAK;FAŁSZ;BRAK;BRAK;BRAK;;BRAK;BRAK;PRAWDA;5;5;BRAK;alcohol;BRAK;BRAK;BRAK;BRAK;BRAK;BRAK;BRAK;BRAK;Alchemik;Alkohole;KM_new_bottle_09.3ds;TAK;TAK;TAK;PRAWDA
Gin;9,55;12,42;FAŁSZ;Wysokoprocentowy alkohol destylowany ze spirytusu i jagód jałowca.;ITEM_CAT_FOOD;ITEM_FLAG_DRINK;Consumable;Food;AdminFood;consumable;PRAWDA;ITFO_SDRP_ALH_13;-;ITFO_GS_66;0,2;4;Gamemaster;FAŁSZ;1;35;BRAK;BRAK;15;BRAK;15;BRAK;BRAK;BRAK;BRAK;BRAK;BRAK;BRAK;BRAK;BRAK;FAŁSZ;BRAK;BRAK;BRAK;;BRAK;BRAK;PRAWDA;5;5;BRAK;alcohol;BRAK;BRAK;BRAK;BRAK;BRAK;BRAK;BRAK;BRAK;Alchemik;Alkohole;TRAUBENSAFT.3ds;TAK;TAK;TAK;PRAWDA
Rum;6,73;8,75;FAŁSZ;Jo, ho, ho i butelka rumu.;ITEM_CAT_FOOD;ITEM_FLAG_DRINK;Consumable;Food;AdminFood;consumable;PRAWDA;ITFO_ADDON_RUM;-;ITFO_GS_67;0,2;4;Gamemaster;FAŁSZ;1;25;BRAK;BRAK;12;BRAK;15;BRAK;BRAK;BRAK;BRAK;BRAK;BRAK;BRAK;BRAK;BRAK;FAŁSZ;BRAK;BRAK;BRAK;;BRAK;BRAK;PRAWDA;5;5;BRAK;alcohol;BRAK;BRAK;BRAK;BRAK;BRAK;BRAK;BRAK;BRAK;Alchemik;Alkohole;ItMi_Rum_02.3ds;TAK;TAK;TAK;PRAWDA
Szybki śledź;12,23;19,24;FAŁSZ;Trunek, który nadaje tempo.;ITEM_CAT_FOOD;ITEM_FLAG_DRINK;Consumable;Food;AdminFood;consumable;PRAWDA;ITFO_ADDON_SCHNELLERHERING;-;ITFO_GS_68;0,2;5;Gamemaster;FAŁSZ;1;40;BRAK;BRAK;20;BRAK;25;BRAK;BRAK;BRAK;BRAK;BRAK;BRAK;BRAK;BRAK;BRAK;FAŁSZ;BRAK;BRAK;BRAK;;BRAK;BRAK;PRAWDA;5;5;BRAK;alcohol;BRAK;BRAK;BRAK;BRAK;BRAK;BRAK;BRAK;BRAK;Alchemik;Alkohole;ItMi_Rum_01.3ds;TAK;TAK;TAK;PRAWDA
Młot Lou;12,23;19,24;FAŁSZ;Uderza jak młot w kowadło, a kolejnego dnia zostaje tylko studzenie.;ITEM_CAT_FOOD;ITEM_FLAG_DRINK;Consumable;Food;AdminFood;consumable;PRAWDA;ITFO_ADDON_SCHNELLERHERING;-;ITFO_GS_69;0,2;5;Gamemaster;FAŁSZ;1;40;BRAK;BRAK;20;BRAK;25;BRAK;BRAK;BRAK;BRAK;BRAK;BRAK;BRAK;BRAK;BRAK;FAŁSZ;BRAK;BRAK;BRAK;;BRAK;BRAK;PRAWDA;5;5;BRAK;alcohol;BRAK;BRAK;BRAK;BRAK;BRAK;BRAK;BRAK;BRAK;Alchemik;Alkohole;ItMi_Rum_01.3ds;TAK;TAK;TAK;PRAWDA
Skręt z suszonego ziela;0,70;0,70;FAŁSZ;Ręcznie zwinięty skręt z suszonej ognistej pokrzywy.;ITEM_CAT_POTION;?;Consumable;Food;AdminPotion;consumable;PRAWDA;ITMI_JOINT;ITPO_GS_01;ITPO_GS_01_V1;0,05;0;Gamemaster;FAŁSZ;1;BRAK;BRAK;0;BRAK;BRAK;1;BRAK;BRAK;BRAK;BRAK;BRAK;BRAK;BRAK;BRAK;BRAK;FAŁSZ;BRAK;BRAK;BRAK;;BRAK;BRAK;PRAWDA;5;5;BRAK;BRAK;BRAK;BRAK;BRAK;BRAK;BRAK;BRAK;BRAK;BRAK;Alchemik;Alchemia;ItMi_Joint_US.3ds;TAK;TAK;TAK;PRAWDA
Skręt z bagiennego ziela;3,49;3,67;FAŁSZ;Ręcznie zwinięty skręt z suszonego bagiennego ziela.;ITEM_CAT_POTION;?;Consumable;Food;AdminPotion;consumable;PRAWDA;ITMI_JOINT;-;ITPO_GS_01;0,05;1;Gamemaster;FAŁSZ;1;BRAK;BRAK;15;BRAK;BRAK;15;BRAK;BRAK;BRAK;BRAK;BRAK;BRAK;BRAK;BRAK;BRAK;FAŁSZ;BRAK;BRAK;BRAK;;BRAK;BRAK;PRAWDA;5;5;BRAK;BRAK;BRAK;BRAK;BRAK;BRAK;BRAK;BRAK;BRAK;BRAK;Alchemik;Alchemia;ItMi_Joint_US.3ds;TAK;TAK;TAK;PRAWDA
Skręt za ucho;10,95;11,70;FAŁSZ;Ręcznie zwinięty skręt z suszonego bagiennego ziela idealny do wsadzenia za ucho.;ITEM_CAT_ACSR1;-;AccessorySlot1;Accessory;AdminAccessory;acsr1;FAŁSZ;ITUS_SDRP_ACS_17;-;ITAC_GS_ACSR1_01;0,05;1;Gamemaster;FAŁSZ;BRAK;BRAK;BRAK;BRAK;BRAK;BRAK;BRAK;BRAK;BRAK;BRAK;BRAK;BRAK;BRAK;BRAK;BRAK;BRAK;FAŁSZ;BRAK;BRAK;BRAK;;BRAK;BRAK;FAŁSZ;5;5;BRAK;BRAK;BRAK;BRAK;BRAK;BRAK;BRAK;BRAK;BRAK;BRAK;Alchemik;Alchemia;STATIC_joint_zauchem.3ds;TAK;TAK;TAK;PRAWDA
Skręt w ustach;10,95;11,70;FAŁSZ;Dla tych co nie palą, ale chcą wyglądać jakby palili.;ITEM_CAT_ACSR2;-;AccessorySlot2;Accessory;AdminAccessory;acsr2;FAŁSZ;ITUS_SDRP_ACS_18;-;ITAC_GS_ACSR2_01;0,05;1;Gamemaster;FAŁSZ;BRAK;BRAK;BRAK;BRAK;BRAK;BRAK;BRAK;BRAK;BRAK;BRAK;BRAK;BRAK;BRAK;BRAK;BRAK;BRAK;FAŁSZ;BRAK;BRAK;BRAK;;BRAK;BRAK;FAŁSZ;5;5;BRAK;BRAK;BRAK;BRAK;BRAK;BRAK;BRAK;BRAK;BRAK;BRAK;Alchemik;Alchemia;STATIC_skret_usta1.3ds;TAK;TAK;TAK;PRAWDA
Grzybowy skręt;4,36;4,55;FAŁSZ;Ręcznie zwinięty skręt z suszonego bagiennego ziela z dodatkiem mułowych grzybów.;ITEM_CAT_POTION;?;Consumable;Food;AdminPotion;consumable;PRAWDA;faja2;-;ITPO_GS_02;0,05;2;Gamemaster;FAŁSZ;1;BRAK;BRAK;25;BRAK;BRAK;25;BRAK;BRAK;BRAK;BRAK;BRAK;BRAK;BRAK;BRAK;BRAK;FAŁSZ;BRAK;BRAK;BRAK;;BRAK;BRAK;PRAWDA;5;5;BRAK;BRAK;BRAK;BRAK;BRAK;BRAK;BRAK;BRAK;BRAK;BRAK;Alchemik;Alchemia;faja2.3ds;TAK;TAK;TAK;PRAWDA
Jabłkowy skręt;4,36;4,55;FAŁSZ;Ręcznie zwinięty skręt z suszonego bagiennego ziela z dodatkiem kwaśnych jabłek.;ITEM_CAT_POTION;?;Consumable;Food;AdminPotion;consumable;PRAWDA;faja3;-;ITPO_GS_03;0,05;2;Gamemaster;FAŁSZ;1;BRAK;BRAK;25;BRAK;BRAK;25;BRAK;BRAK;BRAK;BRAK;BRAK;BRAK;BRAK;BRAK;BRAK;FAŁSZ;BRAK;BRAK;BRAK;;BRAK;BRAK;PRAWDA;5;5;BRAK;BRAK;BRAK;BRAK;BRAK;BRAK;BRAK;BRAK;BRAK;BRAK;Alchemik;Alchemia;faja3.3ds;TAK;TAK;TAK;PRAWDA
Miodowy skręt;5,24;5,42;FAŁSZ;Ręcznie zwinięty skręt z suszonego bagiennego ziela z dodatkiem słodkiego miodu.;ITEM_CAT_POTION;?;Consumable;Food;AdminPotion;consumable;PRAWDA;GS_URNALESTERA;-;ITPO_GS_04;0,05;3;Gamemaster;FAŁSZ;1;BRAK;BRAK;25;BRAK;BRAK;25;BRAK;BRAK;BRAK;BRAK;BRAK;BRAK;BRAK;BRAK;BRAK;FAŁSZ;BRAK;BRAK;BRAK;;BRAK;BRAK;PRAWDA;5;5;BRAK;BRAK;BRAK;BRAK;BRAK;BRAK;BRAK;BRAK;BRAK;BRAK;Alchemik;Alchemia;GS_URNALESTERA.3ds;TAK;TAK;TAK;PRAWDA
Krwawy proch;8,59;8,69;FAŁSZ;Grudki mrocznego proszku pachnącego rdzą i żelazem. Mówią, że jedna szczypta pozwala poczuć tętno bitwy w skroniach i zapomnieć o własnej śmiertelności... przynajmniej dopóki starczy ci sił na kolejne zaczerpnięcie tchu.;ITEM_CAT_POTION;?;Consumable;Food;AdminPotion;consumable;PRAWDA;-;-;ITPO_GS_20;0,05;1;Gamemaster;FAŁSZ;1;25;-10;BRAK;25;-10;BRAK;BRAK;BRAK;BRAK;BRAK;BRAK;BRAK;BRAK;BRAK;BRAK;FAŁSZ;BRAK;BRAK;BRAK;;BRAK;BRAK;PRAWDA;5;5;BRAK;BRAK;BRAK;BRAK;BRAK;BRAK;BRAK;BRAK;BRAK;BRAK;Alchemik;Alchemia;GS_KRWAWY_PROCH.3DS;TAK;TAK;TAK;PRAWDA
Robotnik;8,15;8,21;FAŁSZ;Szarawy specyfik o cierpkim, metalicznym posmaku. Obiecuje niespożytą energię i całkowite odcięcie od bólu zmęczonych mięśni, zamieniając ciało w niestrudzoną maszynę. Wabi ucieczką od trudu, powoli wymazując z umysłu wszystko, co nie jest mechanicznym posłuszeństwem.;ITEM_CAT_POTION;?;Consumable;Food;AdminPotion;consumable;PRAWDA;-;-;ITPO_GS_21;0,05;1;Gamemaster;FAŁSZ;1;BRAK;BRAK;BRAK;BRAK;BRAK;BRAK;BRAK;BRAK;BRAK;BRAK;BRAK;BRAK;BRAK;BRAK;BRAK;FAŁSZ;BRAK;BRAK;BRAK;;BRAK;BRAK;PRAWDA;5;5;BRAK;BRAK;BRAK;BRAK;BRAK;BRAK;BRAK;BRAK;BRAK;BRAK;Alchemik;Alchemia;GS_ROBOTNIK.3DS;TAK;TAK;TAK;PRAWDA
Mnich;7,39;7,54;FAŁSZ;Klarowny, chłodny płyn, który spowija umysł nienaturalnym, lodowatym spokojem. Ponoć pozwala odciąć się od ziemskich żądz i dostrzec ukryty kształt rzeczywistości. Daje ciszę, której tak bardzo pragniemy, lecz kto wejdzie w tę pustkę zbyt głęboko, może już nigdy niczego nie poczuć.;ITEM_CAT_POTION;?;Consumable;Food;AdminPotion;consumable;PRAWDA;-;ITPO_GS_02;ITPO_GS_02_V1;0,05;1;Gamemaster;FAŁSZ;1;5;-5;25;5;-5;25;BRAK;BRAK;BRAK;BRAK;BRAK;BRAK;BRAK;BRAK;BRAK;FAŁSZ;BRAK;BRAK;BRAK;;BRAK;BRAK;PRAWDA;5;5;BRAK;BRAK;BRAK;BRAK;BRAK;BRAK;BRAK;BRAK;BRAK;BRAK;Alchemik;Alchemia;faja2.3ds;TAK;TAK;TAK;PRAWDA
Bóg;7,28;7,52;FAŁSZ;Fiołkowa, opalizująca substancja, która zdaje się pulsować własnym światłem. Płynna iluzja wszechmocy, dająca fałszywe poczucie absolutnej kontroli nad losem. Ta chwila boskiego uniesienia jest nieopisana, ale upadek ze szczytu boli potrójnie, gdy rzeczywistość w końcu upomina się o swoje.;ITEM_CAT_POTION;?;Consumable;Food;AdminPotion;consumable;PRAWDA;-;-;ITPO_GS_22;0,05;2;Gamemaster;FAŁSZ;1;BRAK;BRAK;BRAK;BRAK;BRAK;BRAK;BRAK;BRAK;BRAK;BRAK;BRAK;BRAK;BRAK;BRAK;BRAK;FAŁSZ;BRAK;BRAK;BRAK;;BRAK;BRAK;PRAWDA;5;5;BRAK;BRAK;BRAK;BRAK;BRAK;BRAK;BRAK;BRAK;BRAK;BRAK;Alchemik;Alchemia;GS_BOG_NARCO.3DS;TAK;TAK;TAK;PRAWDA
Kwas snów;7,83;8,07;FAŁSZ;Kropla tego eliksiru roztapia cienką granicę między jawą a urojeniem. Kusi obietnicą wspaniałych wizji i bezpiecznej ucieczki od szarego świata, wciągając duszę w kolorowe labirynty wyobraźni. Nie każdy jednak potrafi znaleźć z nich drogę powrotną.;ITEM_CAT_POTION;?;Consumable;Food;AdminPotion;consumable;PRAWDA;-;-;ITPO_GS_23;0,05;2;Gamemaster;FAŁSZ;1;BRAK;BRAK;BRAK;BRAK;BRAK;BRAK;BRAK;BRAK;BRAK;BRAK;BRAK;BRAK;BRAK;BRAK;BRAK;FAŁSZ;BRAK;BRAK;BRAK;;BRAK;BRAK;PRAWDA;5;5;BRAK;BRAK;BRAK;BRAK;BRAK;BRAK;BRAK;BRAK;BRAK;BRAK;Alchemik;Alchemia;GS_KWAS_SNOW.3DS;TAK;TAK;TAK;PRAWDA
Berseker;36,33;36,33;FAŁSZ;Wyjątkowo drogi, buzujący, mętny wywar o odrażającym zapachu dymu. To obietnica wybuchu pierwotnej, nieokiełznanej furii, w której nie ma miejsca na strach, ból ani litość. Rozpala we krwi ogień, który pochłania wrogów, ale często zżera od środka również samego nosiciela.;ITEM_CAT_POTION;?;Consumable;Food;AdminPotion;consumable;PRAWDA;-;-;ITPO_GS_24;0,05;3;Gamemaster;FAŁSZ;1;BRAK;BRAK;BRAK;BRAK;BRAK;BRAK;BRAK;BRAK;BRAK;BRAK;BRAK;BRAK;BRAK;BRAK;BRAK;FAŁSZ;BRAK;BRAK;BRAK;;BRAK;BRAK;PRAWDA;5;5;BRAK;BRAK;BRAK;BRAK;BRAK;BRAK;BRAK;BRAK;BRAK;BRAK;Alchemik;Alchemia;GS_BERSERKER_NARCO.3DS;TAK;TAK;TAK;PRAWDA
Trucizna;BRAK;BRAK;FAŁSZ;Ciekła substancja destylowana z rzadkich i toksycznych roślin. Potężna trucizna.;ITEM_CAT_POTION;-;Potion;Potion;AdminPotion;potions;PRAWDA;KM_NEW_BOTTLE_06;-;ITPO_GS_19;0,1;0;Gamemaster;FAŁSZ;BRAK;BRAK;BRAK;BRAK;BRAK;BRAK;BRAK;BRAK;BRAK;BRAK;BRAK;BRAK;BRAK;BRAK;BRAK;BRAK;FAŁSZ;BRAK;BRAK;BRAK;;BRAK;BRAK;FAŁSZ;5;5;BRAK;BRAK;BRAK;BRAK;BRAK;BRAK;BRAK;BRAK;BRAK;BRAK;Alchemik;Alchemia;;TAK;TAK;TAK;FAŁSZ
Słaba esencja lecznica;4,63;5,25;FAŁSZ;Esencja początkującego alchemika.;ITEM_CAT_POTION;-;Potion;Potion;AdminPotion;potions;PRAWDA;ITCR_SDRP_MED_25;ITPO_GS_09;ITPO_GS_09_V1;0,2;0;Gamemaster;FAŁSZ;1;BRAK;15;BRAK;BRAK;15;BRAK;BRAK;BRAK;BRAK;BRAK;BRAK;BRAK;BRAK;BRAK;BRAK;FAŁSZ;BRAK;BRAK;BRAK;;BRAK;BRAK;PRAWDA;5;5;BRAK;BRAK;BRAK;BRAK;BRAK;BRAK;BRAK;BRAK;BRAK;BRAK;Alchemik;Alchemia;ITAC_EMPTY_SMALL.3ds;TAK;TAK;TAK;PRAWDA
Papirus;7,45;8,20;FAŁSZ;Materiał piśmienny, używany do sporządzania magicznych zwojów i pisania listów miłosnych.;ITEM_CAT_NONE;-;Materials;Materials;AdminMaterials;materials;PRAWDA;FAKESCROLL_ADDON;-;ITMI_GS_MAT_75;0,1;0;Gamemaster;FAŁSZ;BRAK;BRAK;BRAK;BRAK;BRAK;BRAK;BRAK;BRAK;BRAK;BRAK;BRAK;BRAK;BRAK;BRAK;BRAK;BRAK;FAŁSZ;BRAK;BRAK;BRAK;;BRAK;BRAK;PRAWDA;5;5;BRAK;BRAK;BRAK;BRAK;BRAK;BRAK;BRAK;BRAK;BRAK;BRAK;Alchemik;Alchemia;Fakescroll.3ds;TAK;TAK;TAK;PRAWDA
Esencja lecznicza;6,58;7,91;FAŁSZ;Napar alchemiczny stworzony z roślin leczniczych i rdestu polnego.;ITEM_CAT_POTION;-;Potion;Potion;AdminPotion;potions;PRAWDA;ItPo_Health_01;-;ITPO_GS_05;0,2;1;Gamemaster;FAŁSZ;1;BRAK;20;BRAK;BRAK;20;BRAK;BRAK;BRAK;BRAK;BRAK;BRAK;BRAK;BRAK;BRAK;BRAK;FAŁSZ;BRAK;BRAK;BRAK;;BRAK;BRAK;PRAWDA;5;5;BRAK;BRAK;BRAK;BRAK;BRAK;BRAK;BRAK;BRAK;BRAK;BRAK;Alchemik;Alchemia;ItPo_Health_01.3ds;TAK;TAK;TAK;PRAWDA
Esencja many;6,58;7,91;FAŁSZ;Skoncentrowana, magiczna substancja w niewielkiej butelce.;ITEM_CAT_POTION;-;Potion;Potion;AdminPotion;potions;PRAWDA;ItPo_Mana_01;-;ITPO_GS_06;0,2;1;Gamemaster;FAŁSZ;1;BRAK;BRAK;15;BRAK;BRAK;15;BRAK;BRAK;BRAK;BRAK;BRAK;BRAK;BRAK;BRAK;BRAK;FAŁSZ;BRAK;BRAK;BRAK;;BRAK;BRAK;PRAWDA;5;5;BRAK;BRAK;BRAK;BRAK;BRAK;BRAK;BRAK;BRAK;BRAK;BRAK;Alchemik;Alchemia;ItPo_Mana_01.3ds;TAK;TAK;TAK;PRAWDA
Odwar garbarski;0,99;1,25;FAŁSZ;Wywar ze specjalnych ziół i korzeni używany do garbowania skór.;ITEM_CAT_NONE;-;Materials;Materials;AdminMaterials;materials;PRAWDA;ITFO_SDRP_DSH_45;-;ITMI_GS_MAT_76;0,2;2;Gamemaster;FAŁSZ;BRAK;BRAK;BRAK;BRAK;BRAK;BRAK;BRAK;BRAK;BRAK;BRAK;BRAK;BRAK;BRAK;BRAK;BRAK;BRAK;FAŁSZ;BRAK;BRAK;BRAK;;BRAK;BRAK;PRAWDA;5;5;BRAK;BRAK;BRAK;BRAK;BRAK;BRAK;BRAK;BRAK;BRAK;BRAK;Alchemik;Alchemia;FRUCHTSCHNAPS.3ds;TAK;TAK;TAK;PRAWDA
Ekstrakt leczniczy;12,46;15,32;FAŁSZ;Napój alchemiczny, stworzony z korzeni leczniczych i rdestu polnego.;ITEM_CAT_POTION;-;Potion;Potion;AdminPotion;potions;PRAWDA;itpo_health_02;-;ITPO_GS_07;0,2;2;Gamemaster;FAŁSZ;1;BRAK;25;BRAK;BRAK;25;BRAK;BRAK;BRAK;BRAK;BRAK;BRAK;BRAK;BRAK;BRAK;BRAK;FAŁSZ;BRAK;BRAK;BRAK;;BRAK;BRAK;PRAWDA;5;5;BRAK;BRAK;BRAK;BRAK;BRAK;BRAK;BRAK;BRAK;BRAK;BRAK;Alchemik;Alchemia;ItPo_Health_02.3ds;TAK;TAK;TAK;PRAWDA
Ekstrakt many;12,46;15,32;FAŁSZ;Wywar z ognistych ziół i rdestu polnego.;ITEM_CAT_POTION;-;Potion;Potion;AdminPotion;potions;PRAWDA;ItPo_Mana_02;-;ITPO_GS_08;0,2;2;Gamemaster;FAŁSZ;1;BRAK;BRAK;25;BRAK;BRAK;25;BRAK;BRAK;BRAK;BRAK;BRAK;BRAK;BRAK;BRAK;BRAK;FAŁSZ;BRAK;BRAK;BRAK;;BRAK;BRAK;PRAWDA;5;5;BRAK;BRAK;BRAK;BRAK;BRAK;BRAK;BRAK;BRAK;BRAK;BRAK;Alchemik;Alchemia;ItPo_Mana_02.3ds;TAK;TAK;TAK;PRAWDA
Odtrutka;10,33;12,76;FAŁSZ;Wytworzona z ziół, neutralizuje efekty silnych trucizn.;ITEM_CAT_POTION;-;Potion;Potion;AdminPotion;potions;PRAWDA;ITCR_SDRP_MED_25;-;ITPO_GS_09;0,2;2;Gamemaster;FAŁSZ;1;BRAK;BRAK;BRAK;BRAK;BRAK;BRAK;BRAK;BRAK;BRAK;BRAK;BRAK;BRAK;BRAK;BRAK;BRAK;FAŁSZ;BRAK;BRAK;BRAK;;BRAK;BRAK;PRAWDA;5;5;BRAK;BRAK;BRAK;BRAK;BRAK;BRAK;BRAK;BRAK;BRAK;BRAK;Alchemik;Alchemia;ITAC_EMPTY_SMALL.3ds;TAK;TAK;TAK;PRAWDA
Barwniki;10,67;12,80;FAŁSZ;Substancje używane do zmiany koloru tkanin lub innych przedmiotów.;ITEM_CAT_NONE;-;Materials;Materials;AdminMaterials;materials;PRAWDA;ITCR_SDRP_MED_14;-;ITMI_GS_MAT_77;0,2;2;Gamemaster;FAŁSZ;BRAK;BRAK;BRAK;BRAK;BRAK;BRAK;BRAK;BRAK;BRAK;BRAK;BRAK;BRAK;BRAK;BRAK;BRAK;BRAK;FAŁSZ;BRAK;BRAK;BRAK;;BRAK;BRAK;PRAWDA;5;5;BRAK;BRAK;BRAK;BRAK;BRAK;BRAK;BRAK;BRAK;BRAK;BRAK;Alchemik;Alchemia;MINZSCHNAPS.3ds;TAK;TAK;TAK;PRAWDA
Eliksir pięściarza;24,93;34,06;FAŁSZ;Używana do fingowania wszelakich walk w Myrtańskim półświatku pięściarskim.;ITEM_CAT_POTION;-;Potion;Potion;AdminPotion;potions;PRAWDA;ITCR_SDRP_MED_10;-;ITPO_GS_10;0,2;3;Gamemaster;FAŁSZ;1;BRAK;BRAK;BRAK;BRAK;BRAK;BRAK;BRAK;BRAK;BRAK;BRAK;BRAK;BRAK;BRAK;BRAK;BRAK;FAŁSZ;BRAK;BRAK;BRAK;;BRAK;BRAK;PRAWDA;5;5;BRAK;BRAK;BRAK;BRAK;BRAK;BRAK;BRAK;BRAK;BRAK;BRAK;Alchemik;Alchemia;itfo_potion_dex_02.3ds;TAK;TAK;TAK;PRAWDA
Eliksir leczniczy;18,09;22,99;FAŁSZ;Lekki płyn o intensywnym, czerwonym zabarwieniu, zamknięty w szklanej fiolce.;ITEM_CAT_POTION;-;Potion;Potion;AdminPotion;potions;PRAWDA;itpo_health_03;-;ITPO_GS_11;0,2;3;Gamemaster;FAŁSZ;1;BRAK;50;BRAK;BRAK;50;BRAK;BRAK;BRAK;BRAK;BRAK;BRAK;BRAK;BRAK;BRAK;BRAK;FAŁSZ;BRAK;BRAK;BRAK;;BRAK;BRAK;PRAWDA;5;5;BRAK;BRAK;BRAK;BRAK;BRAK;BRAK;BRAK;BRAK;BRAK;BRAK;Alchemik;Alchemia;ItPo_Health_03.3ds;TAK;TAK;TAK;PRAWDA
Eliksir many;14,83;18,91;FAŁSZ;Ten magiczny płyn destylowany z rzadkich ziół i esencji zapewnia czarodziejom niezbędną siłę.;ITEM_CAT_POTION;-;Potion;Potion;AdminPotion;potions;PRAWDA;ItPo_Mana_03;-;ITPO_GS_12;0,2;3;Gamemaster;FAŁSZ;1;BRAK;BRAK;50;BRAK;BRAK;50;BRAK;BRAK;BRAK;BRAK;BRAK;BRAK;BRAK;BRAK;BRAK;FAŁSZ;BRAK;BRAK;BRAK;;BRAK;BRAK;PRAWDA;5;5;BRAK;BRAK;BRAK;BRAK;BRAK;BRAK;BRAK;BRAK;BRAK;BRAK;Alchemik;Alchemia;ItPo_Mana_03.3ds;TAK;TAK;TAK;PRAWDA
Mikstura szybkości;15,33;20,32;FAŁSZ;Eliksir alchemiczny, dzięki któremu nogi nabierają niezwykłej lekkości.;ITEM_CAT_POTION;-;Potion;Potion;AdminPotion;potions;PRAWDA;ITPO_SPEED;-;ITPO_GS_13;0,2;4;Gamemaster;FAŁSZ;1;BRAK;BRAK;BRAK;BRAK;BRAK;BRAK;BRAK;BRAK;BRAK;BRAK;BRAK;BRAK;BRAK;BRAK;BRAK;FAŁSZ;BRAK;BRAK;BRAK;;BRAK;BRAK;PRAWDA;5;5;BRAK;BRAK;BRAK;BRAK;BRAK;BRAK;BRAK;BRAK;BRAK;BRAK;Alchemik;Alchemia;ItPo_Speed.3ds;TAK;TAK;TAK;PRAWDA
Pełnia życia;21,80;31,52;FAŁSZ;Potężna esencja alchemiczna, natychmiastowo zasklepiająca rany.;ITEM_CAT_POTION;-;Potion;Potion;AdminPotion;potions;PRAWDA;itpo_health_03;-;ITPO_GS_14;0,2;4;Gamemaster;FAŁSZ;1;BRAK;75;BRAK;BRAK;75;BRAK;BRAK;BRAK;BRAK;BRAK;BRAK;BRAK;BRAK;BRAK;BRAK;FAŁSZ;BRAK;BRAK;BRAK;;BRAK;BRAK;PRAWDA;5;5;BRAK;BRAK;BRAK;BRAK;BRAK;BRAK;BRAK;BRAK;BRAK;BRAK;Alchemik;Alchemia;ItPo_Health_03.3ds;TAK;TAK;TAK;PRAWDA
Pełnia many;20,17;28,87;FAŁSZ;Magiczny eliksir destylowany z rzadkich składników, esencja czystej energii.;ITEM_CAT_POTION;-;Potion;Potion;AdminPotion;potions;PRAWDA;ItPo_Mana_03;-;ITPO_GS_15;0,2;4;Gamemaster;FAŁSZ;1;BRAK;BRAK;50;BRAK;BRAK;50;BRAK;BRAK;BRAK;BRAK;BRAK;BRAK;BRAK;BRAK;BRAK;FAŁSZ;BRAK;BRAK;BRAK;;BRAK;BRAK;PRAWDA;5;5;BRAK;BRAK;BRAK;BRAK;BRAK;BRAK;BRAK;BRAK;BRAK;BRAK;Alchemik;Alchemia;ItPo_Mana_03.3ds;TAK;TAK;TAK;PRAWDA
Mikstura trolla;45,20;61,43;FAŁSZ;Mikstura znana z tego iż zamienia twoją wątłą ludzką skórę, w coś przypominającą skórę trolla.;ITEM_CAT_POTION;-;Potion;Potion;AdminPotion;potions;PRAWDA;ItPo_Addon_Geist_01;-;ITPO_GS_16;0,2;5;Gamemaster;FAŁSZ;1;BRAK;BRAK;BRAK;BRAK;BRAK;BRAK;BRAK;BRAK;BRAK;BRAK;BRAK;BRAK;BRAK;BRAK;BRAK;FAŁSZ;BRAK;BRAK;BRAK;;BRAK;BRAK;FAŁSZ;5;5;BRAK;BRAK;BRAK;BRAK;BRAK;BRAK;BRAK;BRAK;BRAK;BRAK;Alchemik;Alchemia;ItPo_Perm_STR.3ds;TAK;TAK;TAK;PRAWDA
Eliksir ochronny;45,20;61,43;FAŁSZ;Przydatna przy magicznych eksperymentach.;ITEM_CAT_POTION;-;Potion;Potion;AdminPotion;potions;PRAWDA;itpo_perm_health;-;ITPO_GS_17;0,2;5;Gamemaster;FAŁSZ;1;BRAK;BRAK;BRAK;BRAK;BRAK;BRAK;BRAK;BRAK;BRAK;BRAK;BRAK;BRAK;BRAK;BRAK;BRAK;FAŁSZ;BRAK;BRAK;BRAK;;BRAK;BRAK;FAŁSZ;5;5;BRAK;BRAK;BRAK;BRAK;BRAK;BRAK;BRAK;BRAK;BRAK;BRAK;Alchemik;Alchemia;ItPo_Perm_Health.3ds;TAK;TAK;TAK;PRAWDA
Napój z pełzaczy;102,20;138,38;FAŁSZ;Specjalny napój odnawiający energię życiową i duchową. Pozwala wyzwolić wizje.;ITEM_CAT_POTION;-;Potion;Potion;AdminPotion;potions;PRAWDA;ItPo_Perm_Dex;-;ITPO_GS_18;0,2;5;Gamemaster;FAŁSZ;1;BRAK;BRAK;BRAK;BRAK;BRAK;BRAK;BRAK;BRAK;BRAK;BRAK;BRAK;BRAK;BRAK;BRAK;BRAK;FAŁSZ;BRAK;BRAK;BRAK;;BRAK;BRAK;FAŁSZ;5;5;BRAK;BRAK;BRAK;BRAK;BRAK;BRAK;BRAK;BRAK;BRAK;BRAK;Alchemik;Alchemia;ItPo_Perm_DEX.3ds;TAK;TAK;TAK;PRAWDA
Esencja z Polnych Kwiatów;7,95;9,49;FAŁSZ;Smakiem przypomina leśne jagody.;ITEM_CAT_POTION;-;Potion;Potion;AdminPotion;potions;PRAWDA;ItPo_Perm_Dex;ITPO_GS_19;ITPO_GS_25;0,2;1;Gamemaster;FAŁSZ;1;BRAK;BRAK;BRAK;BRAK;15;BRAK;BRAK;BRAK;BRAK;BRAK;BRAK;BRAK;BRAK;BRAK;BRAK;FAŁSZ;BRAK;BRAK;BRAK;;BRAK;BRAK;FAŁSZ;5;5;BRAK;BRAK;BRAK;BRAK;BRAK;BRAK;BRAK;BRAK;BRAK;BRAK;;;;;;;FAŁSZ
Wyciąg z Łodygi Zielnej;13,70;16,80;FAŁSZ;Odurzający, gęsty napój o cierpkim posmaku.;ITEM_CAT_POTION;-;Potion;Potion;AdminPotion;potions;PRAWDA;ItPo_Perm_Dex;ITFO_GS_61;ITPO_GS_26;0,2;2;Gamemaster;FAŁSZ;1;BRAK;BRAK;BRAK;BRAK;40;BRAK;BRAK;BRAK;BRAK;BRAK;BRAK;BRAK;BRAK;BRAK;BRAK;FAŁSZ;BRAK;BRAK;BRAK;;BRAK;BRAK;FAŁSZ;5;5;BRAK;BRAK;BRAK;BRAK;BRAK;BRAK;BRAK;BRAK;BRAK;BRAK;;;;;;;FAŁSZ
Przybornik Podróżnika;5,88;6,87;FAŁSZ;Gliniane naczynie, nafaszerowane mieszanką wysuszonej papki zielnej.;ITEM_CAT_POTION;-;Potion;Potion;AdminPotion;potions;PRAWDA;ItPo_Perm_Dex;ITPO_GS_09;ITPO_GS_27;0,2;0;Gamemaster;FAŁSZ;1;BRAK;BRAK;BRAK;BRAK;10;BRAK;BRAK;BRAK;BRAK;BRAK;BRAK;BRAK;BRAK;BRAK;BRAK;FAŁSZ;BRAK;BRAK;BRAK;;BRAK;BRAK;FAŁSZ;5;5;BRAK;BRAK;BRAK;BRAK;BRAK;BRAK;BRAK;BRAK;BRAK;BRAK;;;;;;;FAŁSZ
 Nalewka Kościelny Płomień;11,83;14,56;FAŁSZ;Alkohol na bazie owoców. Delikatny i aromatyczny.;ITEM_CAT_POTION;-;Potion;Potion;AdminPotion;potions;PRAWDA;ItPo_Perm_Dex;ITFO_GS_63;ITPO_GS_28;0,2;2;Gamemaster;FAŁSZ;1;BRAK;BRAK;BRAK;10;3;10;BRAK;BRAK;BRAK;BRAK;BRAK;BRAK;BRAK;BRAK;BRAK;FAŁSZ;BRAK;BRAK;BRAK;;BRAK;BRAK;FAŁSZ;5;5;BRAK;BRAK;BRAK;BRAK;BRAK;BRAK;BRAK;BRAK;BRAK;BRAK;;;;;;;FAŁSZ
Leśne Kadzidło;0,69;0,83;FAŁSZ;Tlące się przez długi czas, aromatyczne zapachy pod postacią pałeczek.;ITEM_CAT_POTION;-;Potion;Potion;AdminPotion;potions;PRAWDA;ItPo_Perm_Dex;ITMI_GS_MAT_36;ITPO_GS_29;0,2;0;Gamemaster;FAŁSZ;1;BRAK;BRAK;BRAK;BRAK;BRAK;BRAK;BRAK;BRAK;BRAK;BRAK;BRAK;BRAK;BRAK;BRAK;BRAK;FAŁSZ;BRAK;BRAK;BRAK;;BRAK;BRAK;FAŁSZ;5;5;BRAK;BRAK;BRAK;BRAK;BRAK;BRAK;BRAK;BRAK;BRAK;BRAK;;;;;;;FAŁSZ
Receptury alchemiczne cz1;BRAK;BRAK;FAŁSZ;Receptury alchemiczne cz1;ITEM_CAT_NONE;-;Common;Common;AdminCommon;common;FAŁSZ;;ITMI_GS_COM_220;ITMI_GS_COM_184;0,3;0;Gamemaster;FAŁSZ;BRAK;BRAK;BRAK;BRAK;BRAK;BRAK;BRAK;BRAK;BRAK;BRAK;BRAK;BRAK;BRAK;BRAK;BRAK;BRAK;FAŁSZ;BRAK;BRAK;BRAK;;BRAK;BRAK;FAŁSZ;100;100;BRAK;BRAK;BRAK;BRAK;BRAK;BRAK;BRAK;BRAK;BRAK;BRAK;;;;;;;FAŁSZ
Truchło lisa;BRAK;BRAK;FAŁSZ;Martwe ciało młodego lisa, można z niego pozyskać futro.;ITEM_CAT_NONE;-;Materials;AnimalCorpse1;AdminCorpse;materials;PRAWDA;GS_TRUCHLO_LISKA.3DS;-;ITMI_GS_MAT_78;3;0;Gamemaster;FAŁSZ;BRAK;BRAK;BRAK;BRAK;BRAK;BRAK;BRAK;BRAK;BRAK;BRAK;BRAK;BRAK;BRAK;BRAK;BRAK;BRAK;FAŁSZ;BRAK;BRAK;BRAK;;BRAK;BRAK;FAŁSZ;5;5;BRAK;BRAK;BRAK;BRAK;BRAK;BRAK;BRAK;BRAK;BRAK;BRAK;Myśliwy;Truchła;GS_TRUCHLO_LISKA.3ds;TAK;TAK;TAK;PRAWDA
Truchło królika;BRAK;BRAK;FAŁSZ;Zwłoki małego leśnego zwierzęcia.;ITEM_CAT_NONE;-;Materials;AnimalCorpse1;AdminCorpse;materials;PRAWDA;ITCR_SDRP_DROP_81;-;ITMI_GS_MAT_79;3;0;Gamemaster;FAŁSZ;BRAK;BRAK;BRAK;BRAK;BRAK;BRAK;BRAK;BRAK;BRAK;BRAK;BRAK;BRAK;BRAK;BRAK;BRAK;BRAK;FAŁSZ;BRAK;BRAK;BRAK;;BRAK;BRAK;FAŁSZ;5;5;BRAK;BRAK;BRAK;BRAK;BRAK;BRAK;BRAK;BRAK;BRAK;BRAK;Myśliwy;Truchła;ZAIC.3ds;TAK;TAK;TAK;PRAWDA
Truchło zająca;BRAK;BRAK;FAŁSZ;Zostało z niego niewiele, ale to nadal truchło kicaja.;ITEM_CAT_NONE;-;Materials;AnimalCorpse1;AdminCorpse;materials;PRAWDA;ITCR_SDRP_DROP_81;-;ITMI_GS_MAT_80;2;0;Gamemaster;FAŁSZ;BRAK;BRAK;BRAK;BRAK;BRAK;BRAK;BRAK;BRAK;BRAK;BRAK;BRAK;BRAK;BRAK;BRAK;BRAK;BRAK;FAŁSZ;BRAK;BRAK;BRAK;;BRAK;BRAK;FAŁSZ;5;5;BRAK;BRAK;BRAK;BRAK;BRAK;BRAK;BRAK;BRAK;BRAK;BRAK;Myśliwy;Truchła;ZAIC.3ds;TAK;TAK;TAK;PRAWDA
Truchło owcy;BRAK;BRAK;FAŁSZ;Martwe ciało owcy.;ITEM_CAT_BACKPACK;-;Materials;Corpse;AdminCorpse;corpse;FAŁSZ;ITCR_SDRP_DROP_01;-;ITMI_GS_CORPSE_01;10;0;Gamemaster;FAŁSZ;BRAK;BRAK;BRAK;BRAK;BRAK;BRAK;BRAK;BRAK;BRAK;BRAK;BRAK;BRAK;BRAK;BRAK;BRAK;BRAK;FAŁSZ;BRAK;BRAK;BRAK;;BRAK;BRAK;FAŁSZ;5;5;BRAK;BRAK;BRAK;BRAK;BRAK;BRAK;BRAK;BRAK;BRAK;BRAK;Myśliwy;Truchła;static_OWCA.3DS;TAK;TAK;TAK;PRAWDA
Truchło jelenia;BRAK;BRAK;FAŁSZ;Ciało martwego jelenia, z którego można pozyskać cenną skórę i mięso.;ITEM_CAT_BACKPACK;-;Materials;Corpse;AdminCorpse;corpse;FAŁSZ;WOREK_NA_TRUCHLO;-;ITMI_GS_CORPSE_02;10;0;Gamemaster;FAŁSZ;BRAK;BRAK;BRAK;BRAK;BRAK;BRAK;BRAK;BRAK;BRAK;BRAK;BRAK;BRAK;BRAK;BRAK;BRAK;BRAK;FAŁSZ;BRAK;BRAK;BRAK;;BRAK;BRAK;FAŁSZ;5;5;BRAK;BRAK;BRAK;BRAK;BRAK;BRAK;BRAK;BRAK;BRAK;BRAK;Myśliwy;Truchła;static_WOREK_NA_TRUCHLO.3DS;TAK;TAK;TAK;PRAWDA
Truchło żółwia;BRAK;BRAK;FAŁSZ;Zdechły żółw. Można go oskórować i użyć w alchemii.;ITEM_CAT_BACKPACK;-;Materials;Corpse;AdminCorpse;corpse;FAŁSZ;BRAK;-;ITMI_GS_CORPSE_03;6;1;Gamemaster;FAŁSZ;BRAK;BRAK;BRAK;BRAK;BRAK;BRAK;BRAK;BRAK;BRAK;BRAK;BRAK;BRAK;BRAK;BRAK;BRAK;BRAK;FAŁSZ;BRAK;BRAK;BRAK;;BRAK;BRAK;FAŁSZ;5;5;BRAK;BRAK;BRAK;BRAK;BRAK;BRAK;BRAK;BRAK;BRAK;BRAK;Myśliwy;Truchła;static_WOREK_NA_TRUCHLO.3DS;TAK;TAK;TAK;PRAWDA
Truchło kretoszczura;BRAK;BRAK;FAŁSZ;Padlina kretoszczura.;ITEM_CAT_BACKPACK;-;Materials;Corpse;AdminCorpse;corpse;FAŁSZ;ITCR_SDRP_DROP_31;-;ITMI_GS_CORPSE_04;12;1;Gamemaster;FAŁSZ;BRAK;BRAK;BRAK;BRAK;BRAK;BRAK;BRAK;BRAK;BRAK;BRAK;BRAK;BRAK;BRAK;BRAK;BRAK;BRAK;FAŁSZ;BRAK;BRAK;BRAK;;BRAK;BRAK;FAŁSZ;5;5;BRAK;BRAK;BRAK;BRAK;BRAK;BRAK;BRAK;BRAK;BRAK;BRAK;Myśliwy;Truchła;static_Kreto.3DS;TAK;TAK;TAK;PRAWDA
Truchło tłuściocha;BRAK;BRAK;FAŁSZ;Paskudny kawał padliny, resztki po otyłym kretoszczurze.;ITEM_CAT_BACKPACK;-;Materials;Corpse;AdminCorpse;corpse;FAŁSZ;ITCR_SDRP_DROP_31;-;ITMI_GS_CORPSE_05;15;1;Gamemaster;FAŁSZ;BRAK;BRAK;BRAK;BRAK;BRAK;BRAK;BRAK;BRAK;BRAK;BRAK;BRAK;BRAK;BRAK;BRAK;BRAK;BRAK;FAŁSZ;BRAK;BRAK;BRAK;;BRAK;BRAK;FAŁSZ;5;5;BRAK;BRAK;BRAK;BRAK;BRAK;BRAK;BRAK;BRAK;BRAK;BRAK;Myśliwy;Truchła;static_Kreto.3DS;TAK;TAK;TAK;PRAWDA
Truchło młodego dzika;BRAK;BRAK;FAŁSZ;Ciało martwego, młodego dzika. Niesmaczne i twarde.;ITEM_CAT_BACKPACK;-;Materials;Corpse;AdminCorpse;corpse;FAŁSZ;ITCR_SDRP_DROP_33;-;ITMI_GS_CORPSE_06;10;1;Gamemaster;FAŁSZ;BRAK;BRAK;BRAK;BRAK;BRAK;BRAK;BRAK;BRAK;BRAK;BRAK;BRAK;BRAK;BRAK;BRAK;BRAK;BRAK;FAŁSZ;BRAK;BRAK;BRAK;;BRAK;BRAK;FAŁSZ;5;5;BRAK;BRAK;BRAK;BRAK;BRAK;BRAK;BRAK;BRAK;BRAK;BRAK;Myśliwy;Truchła;static_Dzik.3DS;TAK;TAK;TAK;PRAWDA
Truchło młodego wilka;BRAK;BRAK;FAŁSZ;Zwłoki młodego wilka, z których można pozyskać skórę.;ITEM_CAT_BACKPACK;-;Materials;Corpse;AdminCorpse;corpse;FAŁSZ;ITCR_SDRP_DROP_38;-;ITMI_GS_CORPSE_07;10;1;Gamemaster;FAŁSZ;BRAK;BRAK;BRAK;BRAK;BRAK;BRAK;BRAK;BRAK;BRAK;BRAK;BRAK;BRAK;BRAK;BRAK;BRAK;BRAK;FAŁSZ;BRAK;BRAK;BRAK;;BRAK;BRAK;FAŁSZ;5;5;BRAK;BRAK;BRAK;BRAK;BRAK;BRAK;BRAK;BRAK;BRAK;BRAK;Myśliwy;Truchła;static_Wilk.3DS;TAK;TAK;TAK;PRAWDA
Truchło młodego ścierwojada;BRAK;BRAK;FAŁSZ;Jesteś tym, co jesz.;ITEM_CAT_BACKPACK;-;Materials;Corpse;AdminCorpse;corpse;FAŁSZ;ITCR_SDRP_DROP_36;-;ITMI_GS_CORPSE_08;10;1;Gamemaster;FAŁSZ;BRAK;BRAK;BRAK;BRAK;BRAK;BRAK;BRAK;BRAK;BRAK;BRAK;BRAK;BRAK;BRAK;BRAK;BRAK;BRAK;FAŁSZ;BRAK;BRAK;BRAK;;BRAK;BRAK;FAŁSZ;5;5;BRAK;BRAK;BRAK;BRAK;BRAK;BRAK;BRAK;BRAK;BRAK;BRAK;Myśliwy;Truchła;static_Scierwojad.3DS;TAK;TAK;TAK;PRAWDA
Truchło wygłodniałego topielca;BRAK;BRAK;FAŁSZ;Niewiele tu tłuszczu, a jeszcze mniej mięsa.;ITEM_CAT_BACKPACK;-;Materials;Corpse;AdminCorpse;corpse;FAŁSZ;ITCR_SDRP_DROP_63;-;ITMI_GS_CORPSE_09;13,0;1;Gamemaster;FAŁSZ;BRAK;BRAK;BRAK;BRAK;BRAK;BRAK;BRAK;BRAK;BRAK;BRAK;BRAK;BRAK;BRAK;BRAK;BRAK;BRAK;FAŁSZ;BRAK;BRAK;BRAK;;BRAK;BRAK;FAŁSZ;5;5;BRAK;BRAK;BRAK;BRAK;BRAK;BRAK;BRAK;BRAK;BRAK;BRAK;Myśliwy;Truchła;static_Lurker.3DS;TAK;TAK;TAK;PRAWDA
Truchło wilka;BRAK;BRAK;FAŁSZ;Ciało martwego wilka, pokryte futrem i kłami.;ITEM_CAT_BACKPACK;-;Materials;Corpse;AdminCorpse;corpse;FAŁSZ;ITCR_SDRP_DROP_38;-;ITMI_GS_CORPSE_10;11,0;2;Gamemaster;FAŁSZ;BRAK;BRAK;BRAK;BRAK;BRAK;BRAK;BRAK;BRAK;BRAK;BRAK;BRAK;BRAK;BRAK;BRAK;BRAK;BRAK;FAŁSZ;BRAK;BRAK;BRAK;;BRAK;BRAK;FAŁSZ;5;5;BRAK;BRAK;BRAK;BRAK;BRAK;BRAK;BRAK;BRAK;BRAK;BRAK;Myśliwy;Truchła;static_Wilk.3DS;TAK;TAK;TAK;PRAWDA
Truchło bagiennego kretoszczura;BRAK;BRAK;FAŁSZ;Martwe ciało kretoszczura zamieszkującego bagna, pokryte szlamem i błotem.;ITEM_CAT_BACKPACK;-;Materials;Corpse;AdminCorpse;corpse;FAŁSZ;ITCR_SDRP_DROP_51;-;ITMI_GS_CORPSE_11;11,0;2;Gamemaster;FAŁSZ;BRAK;BRAK;BRAK;BRAK;BRAK;BRAK;BRAK;BRAK;BRAK;BRAK;BRAK;BRAK;BRAK;BRAK;BRAK;BRAK;FAŁSZ;BRAK;BRAK;BRAK;;BRAK;BRAK;FAŁSZ;5;5;BRAK;BRAK;BRAK;BRAK;BRAK;BRAK;BRAK;BRAK;BRAK;BRAK;Myśliwy;Truchła;static_KretoZielony.3DS;TAK;TAK;TAK;PRAWDA
Truchło ścierwojada;BRAK;BRAK;FAŁSZ;Ciało martwego ścierwojada, twarde i niezbyt apetyczne.;ITEM_CAT_BACKPACK;-;Materials;Corpse;AdminCorpse;corpse;FAŁSZ;ITCR_SDRP_DROP_36;-;ITMI_GS_CORPSE_12;11,0;2;Gamemaster;FAŁSZ;BRAK;BRAK;BRAK;BRAK;BRAK;BRAK;BRAK;BRAK;BRAK;BRAK;BRAK;BRAK;BRAK;BRAK;BRAK;BRAK;FAŁSZ;BRAK;BRAK;BRAK;;BRAK;BRAK;FAŁSZ;5;5;BRAK;BRAK;BRAK;BRAK;BRAK;BRAK;BRAK;BRAK;BRAK;BRAK;Myśliwy;Truchła;static_Scierwojad.3DS;TAK;TAK;TAK;PRAWDA
Truchło topielca;BRAK;BRAK;FAŁSZ;Zwłoki jednego z potworów zamieszkujących wody.;ITEM_CAT_BACKPACK;-;Materials;Corpse;AdminCorpse;corpse;FAŁSZ;ITCR_SDRP_DROP_63;-;ITMI_GS_CORPSE_13;15,0;2;Gamemaster;FAŁSZ;BRAK;BRAK;BRAK;BRAK;BRAK;BRAK;BRAK;BRAK;BRAK;BRAK;BRAK;BRAK;BRAK;BRAK;BRAK;BRAK;FAŁSZ;BRAK;BRAK;BRAK;;BRAK;BRAK;FAŁSZ;5;5;BRAK;BRAK;BRAK;BRAK;BRAK;BRAK;BRAK;BRAK;BRAK;BRAK;Myśliwy;Truchła;static_Lurker.3DS;TAK;TAK;TAK;PRAWDA
Truchło dzika;BRAK;BRAK;FAŁSZ;Pozostałość po pokonanym dziku.;ITEM_CAT_BACKPACK;-;Materials;Corpse;AdminCorpse;corpse;FAŁSZ;ITCR_SDRP_DROP_33;-;ITMI_GS_CORPSE_14;15,0;2;Gamemaster;FAŁSZ;BRAK;BRAK;BRAK;BRAK;BRAK;BRAK;BRAK;BRAK;BRAK;BRAK;BRAK;BRAK;BRAK;BRAK;BRAK;BRAK;FAŁSZ;BRAK;BRAK;BRAK;;BRAK;BRAK;FAŁSZ;5;5;BRAK;BRAK;BRAK;BRAK;BRAK;BRAK;BRAK;BRAK;BRAK;BRAK;Myśliwy;Truchła;static_Dzik.3DS;TAK;TAK;TAK;PRAWDA
Truchło kraba;BRAK;BRAK;FAŁSZ;Szczątki dużego skorupiaka.;ITEM_CAT_BACKPACK;-;Materials;Corpse;AdminCorpse;corpse;FAŁSZ;WOREK_NA_TRUCHLO;-;ITMI_GS_CORPSE_15;35,0;3;Gamemaster;FAŁSZ;BRAK;BRAK;BRAK;BRAK;BRAK;BRAK;BRAK;BRAK;BRAK;BRAK;BRAK;BRAK;BRAK;BRAK;BRAK;BRAK;FAŁSZ;BRAK;BRAK;BRAK;;BRAK;BRAK;FAŁSZ;5;5;BRAK;BRAK;BRAK;BRAK;BRAK;BRAK;BRAK;BRAK;BRAK;BRAK;Myśliwy;Truchła;static_WOREK_NA_TRUCHLO.3DS;TAK;TAK;TAK;PRAWDA
Truchło kąsacza;BRAK;BRAK;FAŁSZ;Truchło z martwego kąsacza.;ITEM_CAT_BACKPACK;-;Materials;Corpse;AdminCorpse;corpse;FAŁSZ;WOREK_NA_TRUCHLO;-;ITMI_GS_CORPSE_16;18,0;3;Gamemaster;FAŁSZ;BRAK;BRAK;BRAK;BRAK;BRAK;BRAK;BRAK;BRAK;BRAK;BRAK;BRAK;BRAK;BRAK;BRAK;BRAK;BRAK;FAŁSZ;BRAK;BRAK;BRAK;;BRAK;BRAK;FAŁSZ;5;5;BRAK;BRAK;BRAK;BRAK;BRAK;BRAK;BRAK;BRAK;BRAK;BRAK;Myśliwy;Truchła;static_WOREK_NA_TRUCHLO.3DS;TAK;TAK;TAK;PRAWDA
Truchło ognistego ścierwojada;BRAK;BRAK;FAŁSZ;Wstępnie wypieczony.;ITEM_CAT_BACKPACK;-;Materials;Corpse;AdminCorpse;corpse;FAŁSZ;ITCR_SDRP_DROP_35;-;ITMI_GS_CORPSE_17;18,0;3;Gamemaster;FAŁSZ;BRAK;BRAK;BRAK;BRAK;BRAK;BRAK;BRAK;BRAK;BRAK;BRAK;BRAK;BRAK;BRAK;BRAK;BRAK;BRAK;FAŁSZ;BRAK;BRAK;BRAK;;BRAK;BRAK;FAŁSZ;5;5;BRAK;BRAK;BRAK;BRAK;BRAK;BRAK;BRAK;BRAK;BRAK;BRAK;Myśliwy;Truchła;static_Owca.3DS;TAK;TAK;TAK;PRAWDA
Truchło preriowego ścierwojada;BRAK;BRAK;FAŁSZ;Nadzwyczaj ruchliwy ścierwojad... teraz leżący sztywno.;ITEM_CAT_BACKPACK;-;Materials;Corpse;AdminCorpse;corpse;FAŁSZ;ITCR_SDRP_DROP_36;-;ITMI_GS_CORPSE_18;18,0;3;Gamemaster;FAŁSZ;BRAK;BRAK;BRAK;BRAK;BRAK;BRAK;BRAK;BRAK;BRAK;BRAK;BRAK;BRAK;BRAK;BRAK;BRAK;BRAK;FAŁSZ;BRAK;BRAK;BRAK;;BRAK;BRAK;FAŁSZ;5;5;BRAK;BRAK;BRAK;BRAK;BRAK;BRAK;BRAK;BRAK;BRAK;BRAK;Myśliwy;Truchła;static_Scierwojad.3DS;TAK;TAK;TAK;PRAWDA
Truchło aligatora;BRAK;BRAK;FAŁSZ;Truchło z nadzwyczaj twardą skórą, idealną na torbę.;ITEM_CAT_BACKPACK;-;Materials;Corpse;AdminCorpse;corpse;FAŁSZ;WOREK_NA_TRUCHLO;-;ITMI_GS_CORPSE_19;20,0;3;Gamemaster;FAŁSZ;BRAK;BRAK;BRAK;BRAK;BRAK;BRAK;BRAK;BRAK;BRAK;BRAK;BRAK;BRAK;BRAK;BRAK;BRAK;BRAK;FAŁSZ;BRAK;BRAK;BRAK;;BRAK;BRAK;FAŁSZ;5;5;BRAK;BRAK;BRAK;BRAK;BRAK;BRAK;BRAK;BRAK;BRAK;BRAK;Myśliwy;Truchła;static_WOREK_NA_TRUCHLO.3DS;TAK;TAK;TAK;PRAWDA
Truchło czarnego wilka;BRAK;BRAK;FAŁSZ;Ciało rzadziej spotykanego i silniejszego wilka.;ITEM_CAT_BACKPACK;-;Materials;Corpse;AdminCorpse;corpse;FAŁSZ;ITCR_SDRP_DROP_42;-;ITMI_GS_CORPSE_20;18,0;3;Gamemaster;FAŁSZ;BRAK;BRAK;BRAK;BRAK;BRAK;BRAK;BRAK;BRAK;BRAK;BRAK;BRAK;BRAK;BRAK;BRAK;BRAK;BRAK;FAŁSZ;BRAK;BRAK;BRAK;;BRAK;BRAK;FAŁSZ;5;5;BRAK;BRAK;BRAK;BRAK;BRAK;BRAK;BRAK;BRAK;BRAK;BRAK;Myśliwy;Truchła;static_WilkCzerwony3DS.3DS;TAK;TAK;TAK;PRAWDA
Truchło zębacza;BRAK;BRAK;FAŁSZ;Pozostałość po zębaczu, nawet martwy jest z deczka straszny.;ITEM_CAT_BACKPACK;-;Materials;Corpse;AdminCorpse;corpse;FAŁSZ;ITCR_SDRP_DROP_39;-;ITMI_GS_CORPSE_21;20,0;3;Gamemaster;FAŁSZ;BRAK;BRAK;BRAK;BRAK;BRAK;BRAK;BRAK;BRAK;BRAK;BRAK;BRAK;BRAK;BRAK;BRAK;BRAK;BRAK;FAŁSZ;BRAK;BRAK;BRAK;;BRAK;BRAK;FAŁSZ;5;5;BRAK;BRAK;BRAK;BRAK;BRAK;BRAK;BRAK;BRAK;BRAK;BRAK;Myśliwy;Truchła;static_Zebacz.3DS;TAK;TAK;TAK;PRAWDA
Truchło wodnego topielca;BRAK;BRAK;FAŁSZ;Ciało topielca, który za bardzo lubił wodę.;ITEM_CAT_BACKPACK;-;Materials;Corpse;AdminCorpse;corpse;FAŁSZ;ITCR_SDRP_DROP_63;-;ITMI_GS_CORPSE_22;20,0;3;Gamemaster;FAŁSZ;BRAK;BRAK;BRAK;BRAK;BRAK;BRAK;BRAK;BRAK;BRAK;BRAK;BRAK;BRAK;BRAK;BRAK;BRAK;BRAK;FAŁSZ;BRAK;BRAK;BRAK;;BRAK;BRAK;FAŁSZ;5;5;BRAK;BRAK;BRAK;BRAK;BRAK;BRAK;BRAK;BRAK;BRAK;BRAK;Myśliwy;Truchła;static_Lurker.3DS;TAK;TAK;TAK;PRAWDA
Truchło jaszczura;BRAK;BRAK;FAŁSZ;Zostało to, co zostało z jaszczura, którego ubiłeś.;ITEM_CAT_BACKPACK;-;Materials;Corpse;AdminCorpse;corpse;FAŁSZ;ITCR_SDRP_DROP_49;-;ITMI_GS_CORPSE_23;35,0;3;Gamemaster;FAŁSZ;BRAK;BRAK;BRAK;BRAK;BRAK;BRAK;BRAK;BRAK;BRAK;BRAK;BRAK;BRAK;BRAK;BRAK;BRAK;BRAK;FAŁSZ;BRAK;BRAK;BRAK;;BRAK;BRAK;FAŁSZ;5;5;BRAK;BRAK;BRAK;BRAK;BRAK;BRAK;BRAK;BRAK;BRAK;BRAK;Myśliwy;Truchła;static_Jaszczur.3DS;TAK;TAK;TAK;PRAWDA
Truchło pumy;BRAK;BRAK;FAŁSZ;Tej co ma jaja z gumy.;ITEM_CAT_BACKPACK;-;Materials;Corpse;AdminCorpse;corpse;FAŁSZ;WOREK_NA_TRUCHLO;-;ITMI_GS_CORPSE_24;40,0;4;Gamemaster;FAŁSZ;BRAK;BRAK;BRAK;BRAK;BRAK;BRAK;BRAK;BRAK;BRAK;BRAK;BRAK;BRAK;BRAK;BRAK;BRAK;BRAK;FAŁSZ;BRAK;BRAK;BRAK;;BRAK;BRAK;FAŁSZ;5;5;BRAK;BRAK;BRAK;BRAK;BRAK;BRAK;BRAK;BRAK;BRAK;BRAK;Myśliwy;Truchła;static_WOREK_NA_TRUCHLO.3DS;TAK;TAK;TAK;PRAWDA
Truchło kolczastego aligatora;BRAK;BRAK;FAŁSZ;Niosąc uważaj żeby kolce nie wbiły ci się w plecy.;ITEM_CAT_BACKPACK;-;Materials;Corpse;AdminCorpse;corpse;FAŁSZ;WOREK_NA_TRUCHLO;-;ITMI_GS_CORPSE_25;35,0;4;Gamemaster;FAŁSZ;BRAK;BRAK;BRAK;BRAK;BRAK;BRAK;BRAK;BRAK;BRAK;BRAK;BRAK;BRAK;BRAK;BRAK;BRAK;BRAK;FAŁSZ;BRAK;BRAK;BRAK;;BRAK;BRAK;FAŁSZ;5;5;BRAK;BRAK;BRAK;BRAK;BRAK;BRAK;BRAK;BRAK;BRAK;BRAK;Myśliwy;Truchła;static_WOREK_NA_TRUCHLO.3DS;TAK;TAK;TAK;PRAWDA
Truchło brzytwiaka;BRAK;BRAK;FAŁSZ;Wygląda jak zębacz, ale ma jeszcze ostrzejsze zęby. Lepiej upewnij się że nie żyje.;ITEM_CAT_BACKPACK;-;Materials;Corpse;AdminCorpse;corpse;FAŁSZ;ITCR_SDRP_DROP_105;-;ITMI_GS_CORPSE_26;35,0;4;Gamemaster;FAŁSZ;BRAK;BRAK;BRAK;BRAK;BRAK;BRAK;BRAK;BRAK;BRAK;BRAK;BRAK;BRAK;BRAK;BRAK;BRAK;BRAK;FAŁSZ;BRAK;BRAK;BRAK;;BRAK;BRAK;FAŁSZ;5;5;BRAK;BRAK;BRAK;BRAK;BRAK;BRAK;BRAK;BRAK;BRAK;BRAK;Myśliwy;Truchła;static_CIALO_BRZYTWIAKA.3DS;TAK;TAK;TAK;PRAWDA
Truchło warga;BRAK;BRAK;FAŁSZ;Czerwone oczy prześwitujące w lasach, teraz świecą pustką.;ITEM_CAT_BACKPACK;-;Materials;Corpse;AdminCorpse;corpse;FAŁSZ;ITCR_SDRP_DROP_43;-;ITMI_GS_CORPSE_27;40,0;4;Gamemaster;FAŁSZ;BRAK;BRAK;BRAK;BRAK;BRAK;BRAK;BRAK;BRAK;BRAK;BRAK;BRAK;BRAK;BRAK;BRAK;BRAK;BRAK;FAŁSZ;BRAK;BRAK;BRAK;;BRAK;BRAK;FAŁSZ;5;5;BRAK;BRAK;BRAK;BRAK;BRAK;BRAK;BRAK;BRAK;BRAK;BRAK;Myśliwy;Truchła;static_Warg.3DS;TAK;TAK;TAK;PRAWDA
Truchło ogromnego kraba;BRAK;BRAK;FAŁSZ;To pozostałość po pokonanym, olbrzymim skorupiaku.;ITEM_CAT_BACKPACK;-;Materials;Corpse;AdminCorpse;corpse;FAŁSZ;WOREK_NA_TRUCHLO;-;ITMI_GS_CORPSE_28;50,0;4;Gamemaster;FAŁSZ;BRAK;BRAK;BRAK;BRAK;BRAK;BRAK;BRAK;BRAK;BRAK;BRAK;BRAK;BRAK;BRAK;BRAK;BRAK;BRAK;FAŁSZ;BRAK;BRAK;BRAK;;BRAK;BRAK;FAŁSZ;5;5;BRAK;BRAK;BRAK;BRAK;BRAK;BRAK;BRAK;BRAK;BRAK;BRAK;Myśliwy;Truchła;static_WOREK_NA_TRUCHLO.3DS;TAK;TAK;TAK;PRAWDA
Truchło ognistego jaszczura;BRAK;BRAK;FAŁSZ;Ciało martwego, ognistego jaszczura.;ITEM_CAT_BACKPACK;-;Materials;Corpse;AdminCorpse;corpse;FAŁSZ;ITCR_SDRP_DROP_48;-;ITMI_GS_CORPSE_29;45,0;4;Gamemaster;FAŁSZ;BRAK;BRAK;BRAK;BRAK;BRAK;BRAK;BRAK;BRAK;BRAK;BRAK;BRAK;BRAK;BRAK;BRAK;BRAK;BRAK;FAŁSZ;BRAK;BRAK;BRAK;;BRAK;BRAK;FAŁSZ;5;5;BRAK;BRAK;BRAK;BRAK;BRAK;BRAK;BRAK;BRAK;BRAK;BRAK;Myśliwy;Truchła;static_JaszczurCzerwony.3DS;TAK;TAK;TAK;PRAWDA
Truchło bagiennego węża;BRAK;BRAK;FAŁSZ;Ciało martwego węża z bagien.;ITEM_CAT_BACKPACK;-;Materials;Corpse;AdminCorpse;corpse;FAŁSZ;ITCR_SDRP_DROP_83;-;ITMI_GS_CORPSE_30;60,0;4;Gamemaster;FAŁSZ;BRAK;BRAK;BRAK;BRAK;BRAK;BRAK;BRAK;BRAK;BRAK;BRAK;BRAK;BRAK;BRAK;BRAK;BRAK;BRAK;FAŁSZ;BRAK;BRAK;BRAK;;BRAK;BRAK;FAŁSZ;5;5;BRAK;BRAK;BRAK;BRAK;BRAK;BRAK;BRAK;BRAK;BRAK;BRAK;Myśliwy;Truchła;static_worek_z_wezem.3DS;TAK;TAK;TAK;PRAWDA
Truchło trolla;BRAK;BRAK;FAŁSZ;"""Troll! W lochach!""... A nie, czekaj, już padł. Ktoś najwyraźniej zastosował starożytną taktykę ""biegania w kółko i bicia w plecy"", i o dziwo, znowu zadziałała. Śmierdzi tak okrutnie, że od samego zapachu rdzewieją miecze, ale przynajmniej nie rzuca już głazami.";ITEM_CAT_BACKPACK;-;Materials;Corpse;AdminCorpse;corpse;FAŁSZ;ITCR_SDRP_DROP_06;-;ITMI_GS_CORPSE_31;100,0;5;Gamemaster;FAŁSZ;BRAK;BRAK;BRAK;BRAK;BRAK;BRAK;BRAK;BRAK;BRAK;BRAK;BRAK;BRAK;BRAK;BRAK;BRAK;BRAK;FAŁSZ;BRAK;BRAK;BRAK;;BRAK;BRAK;FAŁSZ;5;5;BRAK;BRAK;BRAK;BRAK;BRAK;BRAK;BRAK;BRAK;BRAK;BRAK;Myśliwy;Truchła;static_WOREK_Z_TROLLEM.3DS;TAK;TAK;TAK;PRAWDA
Truchło niedźwiedzia;BRAK;BRAK;FAŁSZ;Wolałbyś w lesie spotkać go czy mężczyznę?;ITEM_CAT_BACKPACK;-;Materials;Corpse;AdminCorpse;corpse;FAŁSZ;ITCR_SDRP_DROP_77;-;ITMI_GS_CORPSE_32;90,0;5;Gamemaster;FAŁSZ;BRAK;BRAK;BRAK;BRAK;BRAK;BRAK;BRAK;BRAK;BRAK;BRAK;BRAK;BRAK;BRAK;BRAK;BRAK;BRAK;FAŁSZ;BRAK;BRAK;BRAK;;BRAK;BRAK;FAŁSZ;5;5;BRAK;BRAK;BRAK;BRAK;BRAK;BRAK;BRAK;BRAK;BRAK;BRAK;Myśliwy;Truchła;static_worek_z_niedzwiedziem.3DS;TAK;TAK;TAK;PRAWDA
Truchło cieniostwora;BRAK;BRAK;FAŁSZ;Ciało martwego cieniostwora. Gratulacje.;ITEM_CAT_BACKPACK;-;Materials;Corpse;AdminCorpse;corpse;FAŁSZ;ITCR_SDRP_DROP_08;-;ITMI_GS_CORPSE_33;85,0;5;Gamemaster;FAŁSZ;BRAK;BRAK;BRAK;BRAK;BRAK;BRAK;BRAK;BRAK;BRAK;BRAK;BRAK;BRAK;BRAK;BRAK;BRAK;BRAK;FAŁSZ;BRAK;BRAK;BRAK;;BRAK;BRAK;FAŁSZ;5;5;BRAK;BRAK;BRAK;BRAK;BRAK;BRAK;BRAK;BRAK;BRAK;BRAK;Myśliwy;Truchła;static_WOREK_Z_CIENOSTWOREM.3DS;TAK;TAK;TAK;PRAWDA
Truchło czarnego trolla;BRAK;BRAK;FAŁSZ;Troll! Jest w lochach! Ta gigantyczna kupa mrocznego futra i smrodu to ostateczny dowód na to, że nie ma takiego bydlaka, którego nie dałoby się zaklikać na śmierć. Przynajmniej teraz można w spokoju pozbierać słoneczny aloes.;ITEM_CAT_BACKPACK;-;Materials;Corpse;AdminCorpse;corpse;FAŁSZ;ITCR_SDRP_DROP_06;ITMI_GS_CORPSE_31;ITMI_GS_CORPSE_39;100,0;5;Gamemaster;FAŁSZ;BRAK;BRAK;BRAK;BRAK;BRAK;BRAK;BRAK;BRAK;BRAK;BRAK;BRAK;BRAK;BRAK;BRAK;BRAK;BRAK;FAŁSZ;BRAK;BRAK;BRAK;;BRAK;BRAK;FAŁSZ;5;5;BRAK;BRAK;BRAK;BRAK;BRAK;BRAK;BRAK;BRAK;BRAK;BRAK;;;;;;;FAŁSZ
Mięso chrząszcza;0,40;0,40;PRAWDA;Kawałek mięsa pozyskany z zabitego chrząszcza.;ITEM_CAT_NONE;-;Materials;Materials;AdminMaterials;materials;PRAWDA;ITCR_SDRP_DROP_19;-;ITMI_GS_MAT_81;0,15;1;Gamemaster;FAŁSZ;BRAK;BRAK;BRAK;BRAK;BRAK;BRAK;BRAK;BRAK;BRAK;BRAK;BRAK;BRAK;BRAK;BRAK;BRAK;BRAK;FAŁSZ;BRAK;BRAK;BRAK;;BRAK;BRAK;PRAWDA;5;5;43200;BRAK;BRAK;BRAK;BRAK;BRAK;BRAK;BRAK;BRAK;BRAK;Myśliwy;Truchła;ItAt_Meatbug_01.3ds;TAK;TAK;TAK;PRAWDA
Surowe mięso;2,00;2,00;PRAWDA;Kawałek zwierzęcego mięsa. Nadaje się do pieczenia.;ITEM_CAT_NONE;-;Materials;Materials;AdminMaterials;materials;PRAWDA;ITFOMUTTONRAW;-;ITMI_GS_MAT_82;0,3;1;Gamemaster;FAŁSZ;BRAK;BRAK;BRAK;BRAK;BRAK;BRAK;BRAK;BRAK;BRAK;BRAK;BRAK;BRAK;BRAK;BRAK;BRAK;BRAK;FAŁSZ;BRAK;BRAK;BRAK;;BRAK;BRAK;PRAWDA;5;5;43200;BRAK;BRAK;BRAK;BRAK;BRAK;BRAK;BRAK;BRAK;BRAK;Myśliwy;Materiały z zwierzyny;ItFoMuttonRaw.3ds;TAK;TAK;TAK;PRAWDA
Kości;0,50;0,50;PRAWDA;Szczątki zwierząt.;ITEM_CAT_NONE;-;Materials;Materials;AdminMaterials;materials;PRAWDA;ITAT_GOBLINBONE;-;ITMI_GS_MAT_83;0,15;1;Gamemaster;FAŁSZ;BRAK;BRAK;BRAK;BRAK;BRAK;BRAK;BRAK;BRAK;BRAK;BRAK;BRAK;BRAK;BRAK;BRAK;BRAK;BRAK;FAŁSZ;BRAK;BRAK;BRAK;;BRAK;BRAK;PRAWDA;5;5;BRAK;BRAK;BRAK;BRAK;BRAK;BRAK;BRAK;BRAK;BRAK;BRAK;Myśliwy;Materiały z zwierzyny;ItAt_GoblinBone.3ds;TAK;TAK;TAK;PRAWDA
Tłuszcz;1,50;1,73;FAŁSZ;Część zwierzęcego ciała, ceniona w kuchni.;ITEM_CAT_NONE;-;Materials;Materials;AdminMaterials;materials;PRAWDA;ITCR_SDRP_DROP_21;-;ITMI_GS_MAT_84;0,25;1;Gamemaster;FAŁSZ;BRAK;BRAK;BRAK;BRAK;BRAK;BRAK;BRAK;BRAK;BRAK;BRAK;BRAK;BRAK;BRAK;BRAK;BRAK;BRAK;FAŁSZ;BRAK;BRAK;BRAK;;BRAK;BRAK;PRAWDA;5;5;BRAK;BRAK;BRAK;BRAK;BRAK;BRAK;BRAK;BRAK;BRAK;BRAK;Zbieracz;Materiały z zwierzyny;ItMi_Alchemy_Moleratlubric_01.3ds;TAK;TAK;TAK;PRAWDA
Cienka skóra;2,00;2,00;PRAWDA;Ten delikatny materiał garbarski pochodzi ze skór mniejszych zwierząt.;ITEM_CAT_NONE;-;Materials;Materials;AdminMaterials;materials;PRAWDA;ITCR_SDRP_DROP_80;-;ITMI_GS_MAT_85;0,2;1;Gamemaster;FAŁSZ;BRAK;BRAK;BRAK;BRAK;BRAK;BRAK;BRAK;BRAK;BRAK;BRAK;BRAK;BRAK;BRAK;BRAK;BRAK;BRAK;FAŁSZ;BRAK;BRAK;BRAK;;BRAK;BRAK;PRAWDA;5;5;BRAK;BRAK;BRAK;BRAK;BRAK;BRAK;BRAK;BRAK;BRAK;BRAK;Myśliwy;Materiały z zwierzyny;ZAIC_FUR.3ds;TAK;TAK;TAK;PRAWDA
Skorupa żółwia;6,00;6,00;PRAWDA;Twarda powłoka chroniąca żółwia.;ITEM_CAT_NONE;-;Materials;Materials;AdminMaterials;materials;PRAWDA;ITAT_GIANTTURTLESHELL;-;ITMI_GS_MAT_86;0,5;1;Gamemaster;FAŁSZ;BRAK;BRAK;BRAK;BRAK;BRAK;BRAK;BRAK;BRAK;BRAK;BRAK;BRAK;BRAK;BRAK;BRAK;BRAK;BRAK;FAŁSZ;BRAK;BRAK;BRAK;;BRAK;BRAK;PRAWDA;5;5;BRAK;BRAK;BRAK;BRAK;BRAK;BRAK;BRAK;BRAK;BRAK;BRAK;Myśliwy;Materiały z zwierzyny;ITAT_GIANTTURTLESHELL.3ds;TAK;TAK;TAK;PRAWDA
Smukła niewygarbowana skóra;6,00;6,00;PRAWDA;Skóra jest tak cienka, że nadaje się tylko do produkcji najdelikatniejszych wyrobów skórzanych.;ITEM_CAT_NONE;-;Materials;Materials;AdminMaterials;materials;PRAWDA;ITCR_SDRP_DROP_23;-;ITMI_GS_MAT_87;0,5;1;Gamemaster;FAŁSZ;BRAK;BRAK;BRAK;BRAK;BRAK;BRAK;BRAK;BRAK;BRAK;BRAK;BRAK;BRAK;BRAK;BRAK;BRAK;BRAK;FAŁSZ;BRAK;BRAK;BRAK;;BRAK;BRAK;PRAWDA;5;5;BRAK;BRAK;BRAK;BRAK;BRAK;BRAK;BRAK;BRAK;BRAK;BRAK;Myśliwy;Materiały z zwierzyny;SHEEP_FUR_GARB.3ds;TAK;TAK;TAK;PRAWDA
Smukła niewygarbowana skóra gada;6,00;6,00;PRAWDA;Wąski kawałek świeżo zdjętej skóry z jakiegoś gada.;ITEM_CAT_NONE;-;Materials;Materials;AdminMaterials;materials;PRAWDA;ITCR_SDRP_DROP_87;-;ITMI_GS_MAT_88;0,5;1;Gamemaster;FAŁSZ;BRAK;BRAK;BRAK;BRAK;BRAK;BRAK;BRAK;BRAK;BRAK;BRAK;BRAK;BRAK;BRAK;BRAK;BRAK;BRAK;FAŁSZ;BRAK;BRAK;BRAK;;BRAK;BRAK;PRAWDA;5;5;BRAK;BRAK;BRAK;BRAK;BRAK;BRAK;BRAK;BRAK;BRAK;BRAK;Myśliwy;Materiały z zwierzyny;ITAT_LURKERSKIN.3ds;TAK;TAK;TAK;PRAWDA
Żądło krwiopijcy;4,00;4,00;PRAWDA;Trujące żądło, odcięte z ciała krwiopijcy.;ITEM_CAT_NONE;-;Materials;Materials;AdminMaterials;materials;PRAWDA;ITAT_STING;-;ITMI_GS_MAT_89;0,15;2;Gamemaster;FAŁSZ;BRAK;BRAK;BRAK;BRAK;BRAK;BRAK;BRAK;BRAK;BRAK;BRAK;BRAK;BRAK;BRAK;BRAK;BRAK;BRAK;FAŁSZ;BRAK;BRAK;BRAK;;BRAK;BRAK;PRAWDA;5;5;BRAK;BRAK;BRAK;BRAK;BRAK;BRAK;BRAK;BRAK;BRAK;BRAK;Myśliwy;Materiały z zwierzyny;ItAt_Sting.3ds;TAK;TAK;TAK;PRAWDA
Zwykła niewygarbowana skóra;12,00;12,00;PRAWDA;Surowa skóra, którą można wykorzystać do stworzenia przedmiotów, jeśli dysponuje się odpowiednimi narzędziami.;ITEM_CAT_NONE;-;Materials;Materials;AdminMaterials;materials;PRAWDA;ITAT_WOLFFUR;-;ITMI_GS_MAT_90;1.0;2;Gamemaster;FAŁSZ;BRAK;BRAK;BRAK;BRAK;BRAK;BRAK;BRAK;BRAK;BRAK;BRAK;BRAK;BRAK;BRAK;BRAK;BRAK;BRAK;FAŁSZ;BRAK;BRAK;BRAK;;BRAK;BRAK;PRAWDA;5;5;BRAK;BRAK;BRAK;BRAK;BRAK;BRAK;BRAK;BRAK;BRAK;BRAK;Myśliwy;Materiały z zwierzyny;ItAt_WolfFur.3ds;TAK;TAK;TAK;PRAWDA
Zwykła niewygarbowana gadzia skóra;12,00;12,00;PRAWDA;Surowa skóra gada, która po garbowaniu może posłużyć do stworzenia przydatnych przedmiotów.;ITEM_CAT_NONE;-;Materials;Materials;AdminMaterials;materials;PRAWDA;ITAT_LURKERSKINFIX;-;ITMI_GS_MAT_91;1.0;2;Gamemaster;FAŁSZ;BRAK;BRAK;BRAK;BRAK;BRAK;BRAK;BRAK;BRAK;BRAK;BRAK;BRAK;BRAK;BRAK;BRAK;BRAK;BRAK;FAŁSZ;BRAK;BRAK;BRAK;;BRAK;BRAK;PRAWDA;5;5;BRAK;BRAK;BRAK;BRAK;BRAK;BRAK;BRAK;BRAK;BRAK;BRAK;Myśliwy;Materiały z zwierzyny;ITAT_LURKERSKINFIX.3ds;TAK;TAK;TAK;PRAWDA
Niewygarbowana skóra dzika;10,00;10,00;PRAWDA;Gruba, surowa skóra zdjęta z pokonanego dzika.;ITEM_CAT_NONE;-;Materials;Materials;AdminMaterials;materials;PRAWDA;ITAT_WANTEDPOSTER_FUR_KEILER;-;ITMI_GS_MAT_92;1.0;2;Gamemaster;FAŁSZ;BRAK;BRAK;BRAK;BRAK;BRAK;BRAK;BRAK;BRAK;BRAK;BRAK;BRAK;BRAK;BRAK;BRAK;BRAK;BRAK;FAŁSZ;BRAK;BRAK;BRAK;;BRAK;BRAK;PRAWDA;5;5;BRAK;BRAK;BRAK;BRAK;BRAK;BRAK;BRAK;BRAK;BRAK;BRAK;Myśliwy;Materiały z zwierzyny;ItAt_WantedPoster_Fur_Keiler.3ds;TAK;TAK;TAK;PRAWDA
Serce lodowego wilka;20,00;20,00;PRAWDA;Organ wewnętrzny, który można pozyskać jedynie z potężnego lodowego wilka.;ITEM_CAT_NONE;-;Materials;Materials;AdminMaterials;materials;PRAWDA;itfo_SDRP_food_40;-;ITMI_GS_MAT_93;0,4;3;Gamemaster;FAŁSZ;BRAK;BRAK;BRAK;BRAK;BRAK;BRAK;BRAK;BRAK;BRAK;BRAK;BRAK;BRAK;BRAK;BRAK;BRAK;BRAK;FAŁSZ;BRAK;BRAK;BRAK;;BRAK;BRAK;PRAWDA;5;5;BRAK;BRAK;BRAK;BRAK;BRAK;BRAK;BRAK;BRAK;BRAK;BRAK;Myśliwy;Materiały z zwierzyny;Serce.3ds;TAK;TAK;TAK;PRAWDA
Skorupa kolcogrzbieta;20,00;20,00;PRAWDA;Twarda powłoka pancerza kolcogrzbieta.;ITEM_CAT_NONE;-;Materials;Materials;AdminMaterials;materials;PRAWDA;ITAT_CRAWLERPLATE;-;ITMI_GS_MAT_94;3;3;Gamemaster;FAŁSZ;BRAK;BRAK;BRAK;BRAK;BRAK;BRAK;BRAK;BRAK;BRAK;BRAK;BRAK;BRAK;BRAK;BRAK;BRAK;BRAK;FAŁSZ;BRAK;BRAK;BRAK;;BRAK;BRAK;PRAWDA;5;5;BRAK;BRAK;BRAK;BRAK;BRAK;BRAK;BRAK;BRAK;BRAK;BRAK;Myśliwy;Materiały z zwierzyny;ItAt_CrawlerPlate.3ds;TAK;TAK;TAK;PRAWDA
Twarda niewygarbowana skóra;25,00;25,00;PRAWDA;Skóra zdjęta z potężnego zwierzęcia, wyjątkowo gruba i surowa.;ITEM_CAT_NONE;-;Materials;Materials;AdminMaterials;materials;PRAWDA;ITCR_SDRP_DROP_26;-;ITMI_GS_MAT_95;2;3;Gamemaster;FAŁSZ;BRAK;BRAK;BRAK;BRAK;BRAK;BRAK;BRAK;BRAK;BRAK;BRAK;BRAK;BRAK;BRAK;BRAK;BRAK;BRAK;FAŁSZ;BRAK;BRAK;BRAK;;BRAK;BRAK;PRAWDA;5;5;BRAK;BRAK;BRAK;BRAK;BRAK;BRAK;BRAK;BRAK;BRAK;BRAK;Myśliwy;Materiały z zwierzyny;WOLF_FUR_GARB.3ds;TAK;TAK;TAK;PRAWDA
Twarda niewygarbowana gadzia skóra;25,00;25,00;PRAWDA;Surowy materiał pozyskany z potężnego gada, niezwykle twardy i nieobrobiony.;ITEM_CAT_NONE;-;Materials;Materials;AdminMaterials;materials;PRAWDA;ITAT_GS_Jaszczur;-;ITMI_GS_MAT_96;2;3;Gamemaster;FAŁSZ;BRAK;BRAK;BRAK;BRAK;BRAK;BRAK;BRAK;BRAK;BRAK;BRAK;BRAK;BRAK;BRAK;BRAK;BRAK;BRAK;FAŁSZ;BRAK;BRAK;BRAK;;BRAK;BRAK;PRAWDA;5;5;BRAK;BRAK;BRAK;BRAK;BRAK;BRAK;BRAK;BRAK;BRAK;BRAK;Myśliwy;Materiały z zwierzyny;SKORA_GAD.3ds;TAK;TAK;TAK;PRAWDA
Ognisty język;50,00;50,00;PRAWDA;Jak to jest mieć niewyparzoną gębę?;ITEM_CAT_NONE;-;Materials;Materials;AdminMaterials;materials;PRAWDA;ItAt_WaranFireTongue;-;ITMI_GS_MAT_97;0,2;4;Gamemaster;FAŁSZ;BRAK;BRAK;BRAK;BRAK;BRAK;BRAK;BRAK;BRAK;BRAK;BRAK;BRAK;BRAK;BRAK;BRAK;BRAK;BRAK;FAŁSZ;BRAK;BRAK;BRAK;;BRAK;BRAK;PRAWDA;5;5;BRAK;BRAK;BRAK;BRAK;BRAK;BRAK;BRAK;BRAK;BRAK;BRAK;Myśliwy;Materiały z zwierzyny;ITAT_WARANFIRETONGUE.3ds;TAK;TAK;TAK;PRAWDA
Ścięgno brzytwiaka;50,00;50,00;PRAWDA;Twarde i sprężyste ścięgno.;ITEM_CAT_NONE;-;Materials;Materials;AdminMaterials;materials;PRAWDA;ITAT_BUGMANDIBLES;-;ITMI_GS_MAT_98;0,2;4;Gamemaster;FAŁSZ;BRAK;BRAK;BRAK;BRAK;BRAK;BRAK;BRAK;BRAK;BRAK;BRAK;BRAK;BRAK;BRAK;BRAK;BRAK;BRAK;FAŁSZ;BRAK;BRAK;BRAK;;BRAK;BRAK;PRAWDA;5;5;BRAK;BRAK;BRAK;BRAK;BRAK;BRAK;BRAK;BRAK;BRAK;BRAK;Myśliwy;Materiały z zwierzyny;ItAt_BugMandibles.3ds;TAK;TAK;TAK;PRAWDA
Kieł bagiennego węża;50,00;50,00;PRAWDA;Kieł pochodzący od potężnego węża z bagien, ostry i jadowity.;ITEM_CAT_NONE;-;Materials;Materials;AdminMaterials;materials;PRAWDA;ITAT_SHARKTEETH;-;ITMI_GS_MAT_99;0,5;4;Gamemaster;FAŁSZ;BRAK;BRAK;BRAK;BRAK;BRAK;BRAK;BRAK;BRAK;BRAK;BRAK;BRAK;BRAK;BRAK;BRAK;BRAK;BRAK;FAŁSZ;BRAK;BRAK;BRAK;;BRAK;BRAK;PRAWDA;5;5;BRAK;BRAK;BRAK;BRAK;BRAK;BRAK;BRAK;BRAK;BRAK;BRAK;Myśliwy;Materiały z zwierzyny;ItAt_SharkTeeth.3ds;TAK;TAK;TAK;PRAWDA
Pazur smoczego zębacza;100,00;100,00;PRAWDA;Pazur jest wyjątkowo twardy i ostry, stanowi pamiątkę po walce z potężnym zębaczem.;ITEM_CAT_NONE;-;Materials;Materials;AdminMaterials;materials;PRAWDA;Itat_ClawLeader;-;ITMI_GS_MAT_100;0,5;4;Gamemaster;FAŁSZ;BRAK;BRAK;BRAK;BRAK;BRAK;BRAK;BRAK;BRAK;BRAK;BRAK;BRAK;BRAK;BRAK;BRAK;BRAK;BRAK;FAŁSZ;BRAK;BRAK;BRAK;;BRAK;BRAK;PRAWDA;5;5;BRAK;BRAK;BRAK;BRAK;BRAK;BRAK;BRAK;BRAK;BRAK;BRAK;Myśliwy;Materiały z zwierzyny;ItAt_Claw.3ds;TAK;TAK;TAK;PRAWDA
Płytka pełzacza;50,00;50,00;PRAWDA;Twardy pancerz z chityny pełzacza.;ITEM_CAT_NONE;-;Materials;Materials;AdminMaterials;materials;PRAWDA;ITAT_CRAWLERPLATE;-;ITMI_GS_MAT_101;0,5;4;Gamemaster;FAŁSZ;BRAK;BRAK;BRAK;BRAK;BRAK;BRAK;BRAK;BRAK;BRAK;BRAK;BRAK;BRAK;BRAK;BRAK;BRAK;BRAK;FAŁSZ;BRAK;BRAK;BRAK;;BRAK;BRAK;PRAWDA;5;5;BRAK;BRAK;BRAK;BRAK;BRAK;BRAK;BRAK;BRAK;BRAK;BRAK;Myśliwy;Materiały z zwierzyny;ItAt_CrawlerPlate.3ds;TAK;TAK;TAK;PRAWDA
Gruba niewygarbowana skóra;50,00;50,00;PRAWDA;Surowa, ciężka skóra zdjęta ze zwierzęcia. Idealna do garbowania i dalszej obróbki.;ITEM_CAT_NONE;-;Materials;Materials;AdminMaterials;materials;PRAWDA;ITAT_WARGFUR;-;ITMI_GS_MAT_102;3;4;Gamemaster;FAŁSZ;BRAK;BRAK;BRAK;BRAK;BRAK;BRAK;BRAK;BRAK;BRAK;BRAK;BRAK;BRAK;BRAK;BRAK;BRAK;BRAK;FAŁSZ;BRAK;BRAK;BRAK;;BRAK;BRAK;PRAWDA;5;5;BRAK;BRAK;BRAK;BRAK;BRAK;BRAK;BRAK;BRAK;BRAK;BRAK;Myśliwy;Materiały z zwierzyny;ItAt_WargFur.3ds;TAK;TAK;TAK;PRAWDA
Gruba niewygarbowana gadzia skóra;50,00;50,00;PRAWDA;Surowa, ciężka skóra gada, idealna do obróbki na twardy pancerz.;ITEM_CAT_NONE;-;Materials;Materials;AdminMaterials;materials;PRAWDA;ITAT_SHARKSKIN;-;ITMI_GS_MAT_103;3;4;Gamemaster;FAŁSZ;BRAK;BRAK;BRAK;BRAK;BRAK;BRAK;BRAK;BRAK;BRAK;BRAK;BRAK;BRAK;BRAK;BRAK;BRAK;BRAK;FAŁSZ;BRAK;BRAK;BRAK;;BRAK;BRAK;PRAWDA;5;5;BRAK;BRAK;BRAK;BRAK;BRAK;BRAK;BRAK;BRAK;BRAK;BRAK;Myśliwy;Materiały z zwierzyny;ItAt_SharkSkin.3ds;TAK;TAK;TAK;PRAWDA
Niewygarbowana skóra trolla;250,00;250,00;PRAWDA;Surowa, gruba skóra wielkiego trolla, idealna dla wprawnego myśliwego do obróbki.;ITEM_CAT_NONE;-;Materials;Materials;AdminMaterials;materials;PRAWDA;ITAT_TROLLFUR;-;ITMI_GS_MAT_104;6;5;Gamemaster;FAŁSZ;BRAK;BRAK;BRAK;BRAK;BRAK;BRAK;BRAK;BRAK;BRAK;BRAK;BRAK;BRAK;BRAK;BRAK;BRAK;BRAK;FAŁSZ;BRAK;BRAK;BRAK;;BRAK;BRAK;FAŁSZ;5;5;BRAK;BRAK;BRAK;BRAK;BRAK;BRAK;BRAK;BRAK;BRAK;BRAK;Myśliwy;Materiały z zwierzyny;ItAt_TrollFur.3ds;TAK;TAK;TAK;PRAWDA
Niewygarbowana skóra niedźwiedzia;250,00;250,00;PRAWDA;Surowa skóra potężnego niedźwiedzia, wymaga obróbki, by stać się użyteczna.;ITEM_CAT_NONE;-;Materials;Materials;AdminMaterials;materials;PRAWDA;ITCR_SDRP_DROP_76;-;ITMI_GS_MAT_105;5;5;Gamemaster;FAŁSZ;BRAK;BRAK;BRAK;BRAK;BRAK;BRAK;BRAK;BRAK;BRAK;BRAK;BRAK;BRAK;BRAK;BRAK;BRAK;BRAK;FAŁSZ;BRAK;BRAK;BRAK;;BRAK;BRAK;FAŁSZ;5;5;BRAK;BRAK;BRAK;BRAK;BRAK;BRAK;BRAK;BRAK;BRAK;BRAK;Myśliwy;Materiały z zwierzyny;NIEDZWIEDZ_FUR.3ds;TAK;TAK;TAK;PRAWDA
Niewygarbowana skóra cieniostwora;250,00;250,00;PRAWDA;Surowy materiał pozyskany z potężnego cieniostwora, wymaga garbowania.;ITEM_CAT_NONE;-;Materials;Materials;AdminMaterials;materials;PRAWDA;ITAT_SHADOWFUR;-;ITMI_GS_MAT_106;5;5;Gamemaster;FAŁSZ;BRAK;BRAK;BRAK;BRAK;BRAK;BRAK;BRAK;BRAK;BRAK;BRAK;BRAK;BRAK;BRAK;BRAK;BRAK;BRAK;FAŁSZ;BRAK;BRAK;BRAK;;BRAK;BRAK;FAŁSZ;5;5;BRAK;BRAK;BRAK;BRAK;BRAK;BRAK;BRAK;BRAK;BRAK;BRAK;Myśliwy;Materiały z zwierzyny;ItAt_ShadowFur.3ds;TAK;TAK;TAK;PRAWDA
Jajo pełzacza;15,00;15,00;PRAWDA;Jajko zniesione przez pełzacza, jedno z wielu składników używanych przez alchemików.;ITEM_CAT_NONE;-;Materials;Materials;AdminMaterials;materials;PRAWDA;ITCR_SDRP_DROP_11;-;ITMI_GS_MAT_107;0,35;5;Gamemaster;FAŁSZ;BRAK;BRAK;BRAK;BRAK;BRAK;BRAK;BRAK;BRAK;BRAK;BRAK;BRAK;BRAK;BRAK;BRAK;BRAK;BRAK;FAŁSZ;BRAK;BRAK;BRAK;;BRAK;BRAK;FAŁSZ;5;5;BRAK;BRAK;BRAK;BRAK;BRAK;BRAK;BRAK;BRAK;BRAK;BRAK;Myśliwy;Materiały z zwierzyny;ItAt_Crawlerqueen.3ds;TAK;TAK;TAK;PRAWDA
Róg cieniostwora;150,00;150,00;PRAWDA;Twardy róg, który można zdobyć tylko pokonując cieniostwora.;ITEM_CAT_NONE;-;Materials;Materials;AdminMaterials;materials;PRAWDA;ITAT_SHADOWHORN;-;ITMI_GS_MAT_108;2;5;Gamemaster;FAŁSZ;BRAK;BRAK;BRAK;BRAK;BRAK;BRAK;BRAK;BRAK;BRAK;BRAK;BRAK;BRAK;BRAK;BRAK;BRAK;BRAK;FAŁSZ;BRAK;BRAK;BRAK;;BRAK;BRAK;FAŁSZ;5;5;BRAK;BRAK;BRAK;BRAK;BRAK;BRAK;BRAK;BRAK;BRAK;BRAK;Myśliwy;Materiały z zwierzyny;ItAt_ShadowHorn.3ds;TAK;TAK;TAK;PRAWDA
Sadło niedźwiedzia;150,00;150,00;PRAWDA;Tłusta substancja pozyskiwana ze skóry zabitego niedźwiedzia.;ITEM_CAT_NONE;-;Materials;Materials;AdminMaterials;materials;PRAWDA;ITCR_SDRP_DROP_75;-;ITMI_GS_MAT_109;1;5;Gamemaster;FAŁSZ;BRAK;BRAK;BRAK;BRAK;BRAK;BRAK;BRAK;BRAK;BRAK;BRAK;BRAK;BRAK;BRAK;BRAK;BRAK;BRAK;FAŁSZ;BRAK;BRAK;BRAK;;BRAK;BRAK;FAŁSZ;5;5;BRAK;BRAK;BRAK;BRAK;BRAK;BRAK;BRAK;BRAK;BRAK;BRAK;Myśliwy;Materiały z zwierzyny;ItMi_Alchemy_Moleratlubric_01.3ds;TAK;TAK;TAK;PRAWDA
Serce ognistego golema;250,00;250,00;PRAWDA;Organ pozyskany z ognistego golema, potrzebny w alchemii.;ITEM_CAT_NONE;-;Materials;Materials;AdminMaterials;materials;PRAWDA;ITAT_FIREGOLEMHEART;-;ITMI_GS_MAT_110;1;5;Gamemaster;FAŁSZ;BRAK;BRAK;BRAK;BRAK;BRAK;BRAK;BRAK;BRAK;BRAK;BRAK;BRAK;BRAK;BRAK;BRAK;BRAK;BRAK;FAŁSZ;BRAK;BRAK;BRAK;;BRAK;BRAK;FAŁSZ;5;5;BRAK;BRAK;BRAK;BRAK;BRAK;BRAK;BRAK;BRAK;BRAK;BRAK;Myśliwy;Materiały z zwierzyny;ItAt_FireGolemHeart.3ds;TAK;TAK;TAK;PRAWDA
Serce lodowego golema;250,00;250,00;PRAWDA;Unikatowy i cenny materiał alchemiczny pozyskany z potężnego lodowego golema.;ITEM_CAT_NONE;-;Materials;Materials;AdminMaterials;materials;PRAWDA;ITAT_ICEGOLEMHEART;-;ITMI_GS_MAT_111;1;5;Gamemaster;FAŁSZ;BRAK;BRAK;BRAK;BRAK;BRAK;BRAK;BRAK;BRAK;BRAK;BRAK;BRAK;BRAK;BRAK;BRAK;BRAK;BRAK;FAŁSZ;BRAK;BRAK;BRAK;;BRAK;BRAK;FAŁSZ;5;5;BRAK;BRAK;BRAK;BRAK;BRAK;BRAK;BRAK;BRAK;BRAK;BRAK;Myśliwy;Materiały z zwierzyny;ItAt_IceGolemHeart.3ds;TAK;TAK;TAK;PRAWDA
Serce kamiennego golema;250,00;250,00;PRAWDA;Twardy, kamienny organ golema, niezbędny składnik w alchemii.;ITEM_CAT_NONE;-;Materials;Materials;AdminMaterials;materials;PRAWDA;ITAT_STONEGOLEMHEART;-;ITMI_GS_MAT_112;1;5;Gamemaster;FAŁSZ;BRAK;BRAK;BRAK;BRAK;BRAK;BRAK;BRAK;BRAK;BRAK;BRAK;BRAK;BRAK;BRAK;BRAK;BRAK;BRAK;FAŁSZ;BRAK;BRAK;BRAK;;BRAK;BRAK;FAŁSZ;5;5;BRAK;BRAK;BRAK;BRAK;BRAK;BRAK;BRAK;BRAK;BRAK;BRAK;Myśliwy;Materiały z zwierzyny;ItAt_StoneGolemHeart.3ds;TAK;TAK;TAK;PRAWDA
Kieł trolla;150,00;150,00;PRAWDA;Część potężnej bestii. Kieł jest twardy i ostry, idealny dla alchemika lub kowala.;ITEM_CAT_NONE;-;Materials;Materials;AdminMaterials;materials;PRAWDA;ITAT_TROLLTOOTH;-;ITMI_GS_MAT_113;1;5;Gamemaster;FAŁSZ;BRAK;BRAK;BRAK;BRAK;BRAK;BRAK;BRAK;BRAK;BRAK;BRAK;BRAK;BRAK;BRAK;BRAK;BRAK;BRAK;FAŁSZ;BRAK;BRAK;BRAK;;BRAK;BRAK;FAŁSZ;5;5;BRAK;BRAK;BRAK;BRAK;BRAK;BRAK;BRAK;BRAK;BRAK;BRAK;Myśliwy;Materiały z zwierzyny;ItAt_TrollTooth.3ds;TAK;TAK;TAK;PRAWDA
Smukła skóra;7,00;7,00;PRAWDA;Skóra ściągnięta ze smukłego zwierza.;ITEM_CAT_NONE;-;Materials;Materials;AdminMaterials;materials;PRAWDA;SHEEP_FUR_GARB_G;-;ITMI_GS_MAT_114;0,3;1;Gamemaster;FAŁSZ;BRAK;BRAK;BRAK;BRAK;BRAK;BRAK;BRAK;BRAK;BRAK;BRAK;BRAK;BRAK;BRAK;BRAK;BRAK;BRAK;FAŁSZ;BRAK;BRAK;BRAK;;BRAK;BRAK;PRAWDA;5;5;BRAK;BRAK;BRAK;BRAK;BRAK;BRAK;BRAK;BRAK;BRAK;BRAK;Myśliwy;Materiały z zwierzyny;SHEEP_FUR_GARB_G.3ds;TAK;TAK;TAK;PRAWDA
Smukła skóra gada;7,00;7,00;PRAWDA;Skóra pochodząca z mniejszych, zwinnych gadów.;ITEM_CAT_NONE;-;Materials;Materials;AdminMaterials;materials;PRAWDA;ITAT_LURKERSKIN_G;-;ITMI_GS_MAT_115;0,3;1;Gamemaster;FAŁSZ;BRAK;BRAK;BRAK;BRAK;BRAK;BRAK;BRAK;BRAK;BRAK;BRAK;BRAK;BRAK;BRAK;BRAK;BRAK;BRAK;FAŁSZ;BRAK;BRAK;BRAK;;BRAK;BRAK;PRAWDA;5;5;BRAK;BRAK;BRAK;BRAK;BRAK;BRAK;BRAK;BRAK;BRAK;BRAK;Myśliwy;Materiały z zwierzyny;ITAT_LURKERSKIN_G.3ds;TAK;TAK;TAK;PRAWDA
Zwykła skóra;19,00;19,00;PRAWDA;Wyprawiona skóra zwierzęca, podstawowy materiał rzemieślniczy.;ITEM_CAT_NONE;-;Materials;Materials;AdminMaterials;materials;PRAWDA;ITAT_WOLFFUR_G;-;ITMI_GS_MAT_116;0,5;2;Gamemaster;FAŁSZ;BRAK;BRAK;BRAK;BRAK;BRAK;BRAK;BRAK;BRAK;BRAK;BRAK;BRAK;BRAK;BRAK;BRAK;BRAK;BRAK;FAŁSZ;BRAK;BRAK;BRAK;;BRAK;BRAK;PRAWDA;5;5;BRAK;BRAK;BRAK;BRAK;BRAK;BRAK;BRAK;BRAK;BRAK;BRAK;Myśliwy;Materiały z zwierzyny;ITAT_WOLFFUR_G.3ds;TAK;TAK;TAK;PRAWDA
Zwykła gadzia skóra;19,00;19,00;PRAWDA;Oskórowany fragment gada, używany przez rzemieślników do tworzenia lekkich pancerzy.;ITEM_CAT_NONE;-;Materials;Materials;AdminMaterials;materials;PRAWDA;ITAT_LURKERSKINFIX_G;-;ITMI_GS_MAT_117;0,5;2;Gamemaster;FAŁSZ;BRAK;BRAK;BRAK;BRAK;BRAK;BRAK;BRAK;BRAK;BRAK;BRAK;BRAK;BRAK;BRAK;BRAK;BRAK;BRAK;FAŁSZ;BRAK;BRAK;BRAK;;BRAK;BRAK;PRAWDA;5;5;BRAK;BRAK;BRAK;BRAK;BRAK;BRAK;BRAK;BRAK;BRAK;BRAK;Myśliwy;Materiały z zwierzyny;ITAT_LURKERSKINFIX_G.3ds;TAK;TAK;TAK;PRAWDA
Skóra dzika;18,00;18,00;PRAWDA;Garbarska skóra pozyskana ze zdziczałego knura.;ITEM_CAT_NONE;-;Materials;Materials;AdminMaterials;materials;PRAWDA;ITAT_WANTEDPOSTER_FUR_KEILER_G;-;ITMI_GS_MAT_118;0,5;2;Gamemaster;FAŁSZ;BRAK;BRAK;BRAK;BRAK;BRAK;BRAK;BRAK;BRAK;BRAK;BRAK;BRAK;BRAK;BRAK;BRAK;BRAK;BRAK;FAŁSZ;BRAK;BRAK;BRAK;;BRAK;BRAK;PRAWDA;5;5;BRAK;BRAK;BRAK;BRAK;BRAK;BRAK;BRAK;BRAK;BRAK;BRAK;Myśliwy;Materiały z zwierzyny;ITAT_WANTEDPOSTER_FUR_KEILER_G.3ds;TAK;TAK;TAK;PRAWDA
Twarda skóra;39,00;39,00;PRAWDA;Mały kawałek twardej skóry zwierzęcej, przydatny do tworzenia i ulepszania sprzętu.;ITEM_CAT_NONE;-;Materials;Materials;AdminMaterials;materials;PRAWDA;WOLF_FUR_GARB_G;-;ITMI_GS_MAT_119;1;3;Gamemaster;FAŁSZ;BRAK;BRAK;BRAK;BRAK;BRAK;BRAK;BRAK;BRAK;BRAK;BRAK;BRAK;BRAK;BRAK;BRAK;BRAK;BRAK;FAŁSZ;BRAK;BRAK;BRAK;;BRAK;BRAK;PRAWDA;5;5;BRAK;BRAK;BRAK;BRAK;BRAK;BRAK;BRAK;BRAK;BRAK;BRAK;Myśliwy;Materiały z zwierzyny;WOLF_FUR_GARB_G.3ds;TAK;TAK;TAK;PRAWDA
Twarda gadzia skóra;39,00;39,00;PRAWDA;Skóra z potężnego gada, niezwykle wytrzymała i twarda, idealna do wytwarzania solidnych pancerzy.;ITEM_CAT_NONE;-;Materials;Materials;AdminMaterials;materials;PRAWDA;ITAT_GS_Jaszczur_G;-;ITMI_GS_MAT_120;1;3;Gamemaster;FAŁSZ;BRAK;BRAK;BRAK;BRAK;BRAK;BRAK;BRAK;BRAK;BRAK;BRAK;BRAK;BRAK;BRAK;BRAK;BRAK;BRAK;FAŁSZ;BRAK;BRAK;BRAK;;BRAK;BRAK;PRAWDA;5;5;BRAK;BRAK;BRAK;BRAK;BRAK;BRAK;BRAK;BRAK;BRAK;BRAK;Myśliwy;Materiały z zwierzyny;ITAT_GS_Jaszczur_G.3ds;TAK;TAK;TAK;PRAWDA
Gruba skóra;72,00;72,00;PRAWDA;Twarda i wytrzymała skóra, pozyskana ze zwierzęcia o niezwykłej odporności.;ITEM_CAT_NONE;-;Materials;Materials;AdminMaterials;materials;PRAWDA;ITAT_WARGFUR_G;-;ITMI_GS_MAT_121;2,5;4;Gamemaster;FAŁSZ;BRAK;BRAK;BRAK;BRAK;BRAK;BRAK;BRAK;BRAK;BRAK;BRAK;BRAK;BRAK;BRAK;BRAK;BRAK;BRAK;FAŁSZ;BRAK;BRAK;BRAK;;BRAK;BRAK;PRAWDA;5;5;BRAK;BRAK;BRAK;BRAK;BRAK;BRAK;BRAK;BRAK;BRAK;BRAK;Myśliwy;Materiały z zwierzyny;ITAT_WARGFUR_G.3ds;TAK;TAK;TAK;PRAWDA
Gruba gadzia skóra;72,00;72,00;PRAWDA;Pancerz gadów, twardy i wytrzymały.;ITEM_CAT_NONE;-;Materials;Materials;AdminMaterials;materials;PRAWDA;ITAT_SHARKSKIN_G;-;ITMI_GS_MAT_122;2,5;4;Gamemaster;FAŁSZ;BRAK;BRAK;BRAK;BRAK;BRAK;BRAK;BRAK;BRAK;BRAK;BRAK;BRAK;BRAK;BRAK;BRAK;BRAK;BRAK;FAŁSZ;BRAK;BRAK;BRAK;;BRAK;BRAK;PRAWDA;5;5;BRAK;BRAK;BRAK;BRAK;BRAK;BRAK;BRAK;BRAK;BRAK;BRAK;Myśliwy;Materiały z zwierzyny;ITAT_SHARKSKIN_G.3ds;TAK;TAK;TAK;PRAWDA
Skóra trolla;286,00;286,00;PRAWDA;Gruba, szorstka skóra olbrzymiego i niebezpiecznego trolla, idealna dla doświadczonego myśliwego.;ITEM_CAT_NONE;-;Materials;Materials;AdminMaterials;materials;PRAWDA;ITAT_TROLLFUR_G;-;ITMI_GS_MAT_123;8;5;Gamemaster;FAŁSZ;BRAK;BRAK;BRAK;BRAK;BRAK;BRAK;BRAK;BRAK;BRAK;BRAK;BRAK;BRAK;BRAK;BRAK;BRAK;BRAK;FAŁSZ;BRAK;BRAK;BRAK;;BRAK;BRAK;FAŁSZ;5;5;BRAK;BRAK;BRAK;BRAK;BRAK;BRAK;BRAK;BRAK;BRAK;BRAK;Myśliwy;Materiały z zwierzyny;ITAT_TROLLFUR_G.3ds;TAK;TAK;TAK;PRAWDA
Skóra niedźwiedzia;286,00;286,00;PRAWDA;Grube futro i skóra pokonanego niedźwiedzia. Cenny materiał dla myśliwych i rzemieślników.;ITEM_CAT_NONE;-;Materials;Materials;AdminMaterials;materials;PRAWDA;NIEDZWIEDZ_FUR_G;-;ITMI_GS_MAT_124;5;5;Gamemaster;FAŁSZ;BRAK;BRAK;BRAK;BRAK;BRAK;BRAK;BRAK;BRAK;BRAK;BRAK;BRAK;BRAK;BRAK;BRAK;BRAK;BRAK;FAŁSZ;BRAK;BRAK;BRAK;;BRAK;BRAK;FAŁSZ;5;5;BRAK;BRAK;BRAK;BRAK;BRAK;BRAK;BRAK;BRAK;BRAK;BRAK;Myśliwy;Materiały z zwierzyny;NIEDZWIEDZ_FUR_G.3ds;TAK;TAK;TAK;PRAWDA
Skóra cieniostwora;286,00;286,00;PRAWDA;Gruba, czarna skóra, którą można zdjąć z ciała potężnego cieniostwora. Idealna do wytwarzania solidnych pancerzy.;ITEM_CAT_NONE;-;Materials;Materials;AdminMaterials;materials;PRAWDA;ITAT_SHADOWFUR_G;-;ITMI_GS_MAT_125;5;5;Gamemaster;FAŁSZ;BRAK;BRAK;BRAK;BRAK;BRAK;BRAK;BRAK;BRAK;BRAK;BRAK;BRAK;BRAK;BRAK;BRAK;BRAK;BRAK;FAŁSZ;BRAK;BRAK;BRAK;;BRAK;BRAK;FAŁSZ;5;5;BRAK;BRAK;BRAK;BRAK;BRAK;BRAK;BRAK;BRAK;BRAK;BRAK;Myśliwy;Materiały z zwierzyny;ITAT_SHADOWFUR_G.3ds;TAK;TAK;TAK;PRAWDA
Pochodnia;1,25;1,25;PRAWDA;Kawałek drewna nasączony smołą, rozświetla ciemności.;ITEM_CAT_NONE;ITEM_FLAG_TORCH;Common;Common;AdminCommon;common;PRAWDA;ITLSTORCH;-;ITLSTORCH;0,3;0;Gamemaster;FAŁSZ;BRAK;BRAK;BRAK;BRAK;BRAK;BRAK;BRAK;BRAK;BRAK;BRAK;BRAK;BRAK;BRAK;BRAK;BRAK;BRAK;FAŁSZ;BRAK;BRAK;BRAK;;BRAK;BRAK;FAŁSZ;5;5;BRAK;BRAK;BRAK;BRAK;BRAK;BRAK;BRAK;BRAK;BRAK;BRAK;Drwal;;ItLs_Torch_01.3ds;TAK;TAK;TAK;PRAWDA
Miotła;15,65;15,65;PRAWDA;Na najbardziej odpowiedzialne zadanie każdego nowicjusza.;ITEM_CAT_NONE;-;Common;Common;AdminCommon;common;FAŁSZ;ITMI_BROOM;-;ITMI_GS_COM_11;0,4;1;Gamemaster;FAŁSZ;BRAK;BRAK;BRAK;BRAK;BRAK;BRAK;BRAK;BRAK;BRAK;BRAK;BRAK;BRAK;BRAK;BRAK;BRAK;BRAK;FAŁSZ;BRAK;BRAK;BRAK;;BRAK;BRAK;FAŁSZ;5;5;BRAK;BRAK;BRAK;BRAK;BRAK;BRAK;BRAK;BRAK;BRAK;BRAK;Drwal;;ItMi_Broom.3ds;TAK;TAK;TAK;FAŁSZ
Szczotka;11,85;11,85;PRAWDA;Narzędzie do czyszczenia, używane do usuwania brudu i kurzu.;ITEM_CAT_NONE;-;Common;Common;AdminCommon;common;FAŁSZ;ITMI_BRUSH;-;ITMI_GS_COM_12;0,2;1;Gamemaster;FAŁSZ;BRAK;BRAK;BRAK;BRAK;BRAK;BRAK;BRAK;BRAK;BRAK;BRAK;BRAK;BRAK;BRAK;BRAK;BRAK;BRAK;FAŁSZ;BRAK;BRAK;BRAK;;BRAK;BRAK;FAŁSZ;5;5;BRAK;BRAK;BRAK;BRAK;BRAK;BRAK;BRAK;BRAK;BRAK;BRAK;Drwal;;ItMi_Brush.3ds;TAK;TAK;TAK;FAŁSZ
Zaprawa wapienna;BRAK;BRAK;FAŁSZ;Mieszanina, wykorzystywana do tworzenia mebli.;ITEM_CAT_NONE;-;Common;Common;AdminCommon;common;PRAWDA;KM_ITMI_PACKET_08;-;ITMI_GS_COM_10;0,5;1;Gamemaster;FAŁSZ;BRAK;BRAK;BRAK;BRAK;BRAK;BRAK;BRAK;BRAK;BRAK;BRAK;BRAK;BRAK;BRAK;BRAK;BRAK;BRAK;FAŁSZ;BRAK;BRAK;BRAK;;BRAK;BRAK;PRAWDA;5;5;BRAK;BRAK;BRAK;BRAK;BRAK;BRAK;BRAK;BRAK;BRAK;BRAK;Drwal;;KM_ITMI_PACKET_08.3ds;TAK;TAK;TAK;PRAWDA
Mały wózek;BRAK;BRAK;FAŁSZ;Niewielki, zniszczony wózek na kółkach, idealny do transportu mniejszych ładunków. Udźwig +50.;ITEM_CAT_BACKPACK;-;Furniture;Corpse;AdminFurniture;corpse;FAŁSZ;ITUS_SDRP_ACS_22;-;ITMI_GS_ACTIV_04;10;1;Gamemaster;FAŁSZ;BRAK;BRAK;BRAK;BRAK;BRAK;BRAK;BRAK;BRAK;BRAK;BRAK;BRAK;BRAK;BRAK;BRAK;BRAK;BRAK;FAŁSZ;BRAK;BRAK;BRAK;;BRAK;BRAK;PRAWDA;5;5;BRAK;BRAK;BRAK;BRAK;BRAK;BRAK;BRAK;BRAK;BRAK;BRAK;Drwal;;;TAK;TAK;TAK;FAŁSZ
Pług;BRAK;BRAK;FAŁSZ;Narzędzie rolnicze.;ITEM_CAT_BACKPACK;-;Furniture;Corpse;AdminFurniture;corpse;FAŁSZ;-;-;ITMI_GS_ACTIV_06;10;1;Gamemaster;FAŁSZ;BRAK;BRAK;BRAK;BRAK;BRAK;BRAK;BRAK;BRAK;BRAK;BRAK;BRAK;BRAK;BRAK;BRAK;BRAK;BRAK;FAŁSZ;BRAK;BRAK;BRAK;;BRAK;BRAK;PRAWDA;5;5;BRAK;BRAK;BRAK;BRAK;BRAK;BRAK;BRAK;BRAK;BRAK;BRAK;;;;;;;FAŁSZ
Wózek;BRAK;BRAK;FAŁSZ;Prosty wózek używany do transportu ciężkich ładunków, zbudowany z drewna i metalowych okuć. Udźwig +150.;ITEM_CAT_BACKPACK;-;Furniture;Corpse;AdminFurniture;corpse;FAŁSZ;NW_CITY_CART_01;-;ITMI_GS_ACTIV_05;15;2;Gamemaster;FAŁSZ;BRAK;BRAK;BRAK;BRAK;BRAK;BRAK;BRAK;BRAK;BRAK;BRAK;BRAK;BRAK;BRAK;BRAK;BRAK;BRAK;FAŁSZ;BRAK;BRAK;BRAK;;BRAK;BRAK;PRAWDA;5;5;BRAK;BRAK;BRAK;BRAK;BRAK;BRAK;BRAK;BRAK;BRAK;BRAK;Drwal;;;TAK;NIE;NIE;FAŁSZ
Proca;BRAK;BRAK;FAŁSZ;Wystarczająca do pokonania Goliata.;ITEM_CAT_FF;ITEM_FLAG_CROSSBOW;Weapon;Crossbow;AdminWeaponCrossbow;crossbows;FAŁSZ;ITRW_FROG_SLINGSHOT;-;ITRW_FROG_SLINGSHOT;1,5;1;Gamemaster;FAŁSZ;BRAK;BRAK;BRAK;BRAK;BRAK;BRAK;BRAK;DAMAGE_POINT;25;-;12;2;BRAK;BRAK;BRAK;BRAK;FAŁSZ;BRAK;BRAK;BRAK;;BRAK;BRAK;FAŁSZ;5;5;BRAK;BRAK;0;1;BRAK;BRAK;BRAK;BRAK;BRAK;BRAK;Drwal;;;TAK;NIE;NIE;FAŁSZ
Treningowa kusza;#N/D;#N/D;FAŁSZ;Idealna kusza do treningu.;ITEM_CAT_FF;ITEM_FLAG_CROSSBOW;Weapon;Crossbow;AdminWeaponCrossbow;crossbows;FAŁSZ;-;-;ITRW_GS_CBOW_19;1,5;1;Gamemaster;FAŁSZ;BRAK;BRAK;BRAK;BRAK;BRAK;BRAK;BRAK;DAMAGE_POINT;0;-;0;0;BRAK;BRAK;BRAK;BRAK;FAŁSZ;BRAK;BRAK;BRAK;;BRAK;BRAK;PRAWDA;5;5;BRAK;BRAK;1;1;BRAK;BRAK;BRAK;BRAK;BRAK;BRAK;;;;;;;FAŁSZ
Kusza myśliwska;68,18;83,96;FAŁSZ;Solidna, drewniana kusza, używana przez łowców do szybkiego i cichego polowania.;ITEM_CAT_FF;ITEM_FLAG_CROSSBOW;Weapon;Crossbow;AdminWeaponCrossbow;crossbows;FAŁSZ;Itrw_Crossbow_Training;-;ITRW_GS_CBOW_01;1,5;1;Gamemaster;FAŁSZ;BRAK;BRAK;BRAK;BRAK;BRAK;BRAK;BRAK;DAMAGE_POINT;25;-;12;2;BRAK;BRAK;BRAK;BRAK;FAŁSZ;BRAK;BRAK;BRAK;;BRAK;BRAK;PRAWDA;5;5;BRAK;BRAK;1;1;BRAK;BRAK;BRAK;BRAK;BRAK;BRAK;Łuczarz;Kusze;KMCROSSBOW01.mms;TAK;TAK;TAK;PRAWDA
Kusza wprawionego myśliwego;121,68;145,74;FAŁSZ;Wysokiej jakości kusza wykonana z twardego drewna i solidnej stali, idealna dla doświadczonego myśliwego.;ITEM_CAT_FF;ITEM_FLAG_CROSSBOW;Weapon;Crossbow;AdminWeaponCrossbow;crossbows;FAŁSZ;Itrw_Crossbow_L_02_Normal;-;ITRW_GS_CBOW_02;1,5;1;Gamemaster;FAŁSZ;BRAK;BRAK;BRAK;BRAK;BRAK;BRAK;BRAK;DAMAGE_POINT;40;-;24;6;BRAK;BRAK;BRAK;BRAK;FAŁSZ;BRAK;BRAK;BRAK;;BRAK;BRAK;PRAWDA;5;5;BRAK;BRAK;1;1;BRAK;BRAK;BRAK;BRAK;BRAK;BRAK;Łuczarz;Kusze;CROSSBOW_BLACK_07.mms;TAK;TAK;TAK;PRAWDA
Zabójca nosorożców;135,88;191,68;FAŁSZ;Podręczna kusza, którą często używają łowcy, czy podróżnicy, ze względu na jej praktyczność i łatwość przenoszenia.;ITEM_CAT_FF;ITEM_FLAG_CROSSBOW;Weapon;Crossbow;AdminWeaponCrossbow;crossbows;FAŁSZ;ITRW_CROSSBOW_08;-;ITRW_GS_CBOW_03;2;2;Gamemaster;FAŁSZ;BRAK;BRAK;BRAK;BRAK;BRAK;BRAK;BRAK;DAMAGE_POINT;50;-;32;8;BRAK;BRAK;BRAK;BRAK;FAŁSZ;BRAK;BRAK;BRAK;;BRAK;BRAK;PRAWDA;5;5;BRAK;BRAK;1;1,2;BRAK;BRAK;BRAK;BRAK;BRAK;BRAK;Łuczarz;Kusze;KM_CROSSBOW_CHING.mms;TAK;TAK;TAK;PRAWDA
Kusza najemnika;159,88;220,48;FAŁSZ;Solidna kusza, często używana przez najemników. Składa się z mocnego drewnianego łoża i stalowego łuku.;ITEM_CAT_FF;ITEM_FLAG_CROSSBOW;Weapon;Crossbow;AdminWeaponCrossbow;crossbows;FAŁSZ;Itrw_Crossbow_01_Normal;-;ITRW_GS_CBOW_04;2;2;Gamemaster;FAŁSZ;BRAK;BRAK;BRAK;BRAK;BRAK;BRAK;BRAK;DAMAGE_POINT;55;-;35;8;BRAK;BRAK;BRAK;BRAK;FAŁSZ;BRAK;BRAK;BRAK;;BRAK;BRAK;PRAWDA;5;5;BRAK;BRAK;1;1,2;BRAK;BRAK;BRAK;BRAK;BRAK;BRAK;Łuczarz;Kusze;KMCROSSBOW03.mms;TAK;TAK;TAK;PRAWDA
Kusza bojowa;209,88;285,53;FAŁSZ;Kusza bojowa to elegancka broń strzelecka zdobiona grawerunkiem, która pozwala na celny i skuteczny ostrzał wrogów.;ITEM_CAT_FF;ITEM_FLAG_CROSSBOW;Weapon;Crossbow;AdminWeaponCrossbow;crossbows;FAŁSZ;Itrw_Crossbow_06_Generate;-;ITRW_GS_CBOW_05;2;2;Gamemaster;FAŁSZ;BRAK;BRAK;BRAK;BRAK;BRAK;BRAK;BRAK;DAMAGE_POINT;65;-;45;11;BRAK;BRAK;BRAK;BRAK;FAŁSZ;BRAK;BRAK;BRAK;;BRAK;BRAK;PRAWDA;5;5;BRAK;BRAK;1;1,2;BRAK;BRAK;BRAK;BRAK;BRAK;BRAK;Łuczarz;Kusze;CROSSBOW_BLACK_02.mms;TAK;TAK;TAK;PRAWDA
Kusza nordmarczyka;232,88;318,17;FAŁSZ;Ciężka kusza używana przez łowców z mroźnych krain Nordmaru.;ITEM_CAT_FF;ITEM_FLAG_CROSSBOW;Weapon;Crossbow;AdminWeaponCrossbow;crossbows;FAŁSZ;Itrw_Crossbow_10;-;ITRW_GS_CBOW_06;2;2;Gamemaster;FAŁSZ;BRAK;BRAK;BRAK;BRAK;BRAK;BRAK;BRAK;DAMAGE_POINT;70;-;48;12;BRAK;BRAK;BRAK;BRAK;FAŁSZ;BRAK;BRAK;BRAK;;BRAK;BRAK;PRAWDA;5;5;BRAK;BRAK;1;1,2;BRAK;BRAK;BRAK;BRAK;BRAK;BRAK;Łuczarz;Kusze;CROSSBOW_BLACK_05.mms;TAK;TAK;TAK;PRAWDA
Wiatrołap;375,17;535,94;FAŁSZ;Wiatrołap dzięki swojej niezwykłej precyzji i zasięgowi, doskonale nadaje się do polowań i walk na otwartej przestrzeni.;ITEM_CAT_FF;ITEM_FLAG_CROSSBOW;Weapon;Crossbow;AdminWeaponCrossbow;crossbows;FAŁSZ;Itrw_Crossbow_02;-;ITRW_GS_CBOW_07;2,5;3;Gamemaster;FAŁSZ;BRAK;BRAK;BRAK;BRAK;BRAK;BRAK;BRAK;DAMAGE_POINT;80;-;60;16;BRAK;BRAK;BRAK;BRAK;FAŁSZ;BRAK;BRAK;BRAK;;BRAK;BRAK;PRAWDA;5;5;BRAK;BRAK;2;1,4;BRAK;BRAK;BRAK;BRAK;BRAK;BRAK;Łuczarz;Kusze;KMCROSSBOW04.mms;TAK;TAK;TAK;PRAWDA
Kusza strzelca;429,00;621,80;FAŁSZ;Kusza strzelca to potężna broń, która umożliwia precyzyjne trafienie z daleka.;ITEM_CAT_FF;ITEM_FLAG_CROSSBOW;Weapon;Crossbow;AdminWeaponCrossbow;crossbows;FAŁSZ;ITRW_MIL_CROSSBOW_GENERATE;-;ITRW_GS_CBOW_08;2,5;3;Gamemaster;FAŁSZ;BRAK;BRAK;BRAK;BRAK;BRAK;BRAK;BRAK;DAMAGE_POINT;85;-;66;18;BRAK;BRAK;BRAK;BRAK;FAŁSZ;BRAK;BRAK;BRAK;;BRAK;BRAK;PRAWDA;5;5;BRAK;BRAK;2;1,4;BRAK;BRAK;BRAK;BRAK;BRAK;BRAK;Łuczarz;Kusze;KM_ItRW_Crossbow_05.mms;TAK;TAK;TAK;PRAWDA
Krash Morra;454,67;663,05;FAŁSZ;Olbrzymia orkowa kusza, dla człowieka bardziej przypomina balistę.;ITEM_CAT_FF;ITEM_FLAG_CROSSBOW;Weapon;Crossbow;AdminWeaponCrossbow;crossbows;FAŁSZ;ITRW_CROSSBOW_ORC;-;ITRW_GS_CBOW_09;2,5;3;Gamemaster;FAŁSZ;BRAK;BRAK;BRAK;BRAK;BRAK;BRAK;BRAK;DAMAGE_POINT;90;-;70;20;BRAK;BRAK;BRAK;BRAK;FAŁSZ;BRAK;BRAK;BRAK;;BRAK;BRAK;PRAWDA;5;5;BRAK;BRAK;2;1,4;BRAK;BRAK;BRAK;BRAK;BRAK;BRAK;Łuczarz;Kusze;KM_ItRW_Crossbow_01.mms;TAK;TAK;TAK;PRAWDA
Ekstrawagancka kusza;494,67;713,05;FAŁSZ;Wytworny i bogato zdobiony oręż strzelecki, przeznaczony dla zamożnych myśliwych.;ITEM_CAT_FF;ITEM_FLAG_CROSSBOW;Weapon;Crossbow;AdminWeaponCrossbow;crossbows;FAŁSZ;ITRW_VOLKERGUARD_CROSSBOW;-;ITRW_GS_CBOW_10;2,5;3;Gamemaster;FAŁSZ;BRAK;BRAK;BRAK;BRAK;BRAK;BRAK;BRAK;DAMAGE_POINT;95;-;74;22;BRAK;BRAK;BRAK;BRAK;FAŁSZ;BRAK;BRAK;BRAK;;BRAK;BRAK;PRAWDA;5;5;BRAK;BRAK;2;1,4;BRAK;BRAK;BRAK;BRAK;BRAK;BRAK;Łuczarz;Kusze;CROSSBOW_BLACK_06.mms;TAK;TAK;TAK;PRAWDA
Ciemiężyciel;593,67;836,80;FAŁSZ;Często jest wykorzystywana przez kuszników o niezwykłych umiejętnościach, którzy potrafią skutecznie wykorzystać jej potencjał bojowy.;ITEM_CAT_FF;ITEM_FLAG_CROSSBOW;Weapon;Crossbow;AdminWeaponCrossbow;crossbows;FAŁSZ;Itrw_Crossbow_03_Normal;-;ITRW_GS_CBOW_11;3;3;Gamemaster;FAŁSZ;BRAK;BRAK;BRAK;BRAK;BRAK;BRAK;BRAK;DAMAGE_POINT;100;-;76;24;BRAK;BRAK;BRAK;BRAK;FAŁSZ;BRAK;BRAK;BRAK;;BRAK;BRAK;PRAWDA;5;5;BRAK;BRAK;2;1,4;BRAK;BRAK;BRAK;BRAK;BRAK;BRAK;Łuczarz;Kusze;CROSSBOW_BLACK_04.mms;TAK;TAK;TAK;PRAWDA
Kusza z czarnodrzewu;954,60;1571,30;FAŁSZ;Kusza cechuje się wysoką wytrzymałością, elastycznością i stabilnością, co przekłada się na precyzję i siłę strzału.;ITEM_CAT_FF;ITEM_FLAG_CROSSBOW;Weapon;Crossbow;AdminWeaponCrossbow;crossbows;FAŁSZ;Itrw_Crossbow_07;-;ITRW_GS_CBOW_12;3;4;Gamemaster;FAŁSZ;BRAK;BRAK;BRAK;BRAK;BRAK;BRAK;BRAK;DAMAGE_POINT;110;-;100;30;BRAK;BRAK;BRAK;BRAK;FAŁSZ;BRAK;BRAK;BRAK;;BRAK;BRAK;FAŁSZ;5;5;BRAK;BRAK;2;1,5;BRAK;BRAK;BRAK;BRAK;BRAK;BRAK;Łuczarz;Kusze;KM_ItRW_Crossbow_03.mms;TAK;TAK;TAK;PRAWDA
Kusza strażnicza;1173,10;1884,19;FAŁSZ;Kusza strażnicza to ciężka i potężna broń dystansowa, używana przez strażników i żołnierzy do obrony miast i zamków.;ITEM_CAT_FF;ITEM_FLAG_CROSSBOW;Weapon;Crossbow;AdminWeaponCrossbow;crossbows;FAŁSZ;Itrw_Crossbow_04;-;ITRW_GS_CBOW_13;3;4;Gamemaster;FAŁSZ;BRAK;BRAK;BRAK;BRAK;BRAK;BRAK;BRAK;DAMAGE_POINT;120;-;110;30;BRAK;BRAK;BRAK;BRAK;FAŁSZ;BRAK;BRAK;BRAK;;BRAK;BRAK;FAŁSZ;5;5;BRAK;BRAK;2;1,5;BRAK;BRAK;BRAK;BRAK;BRAK;BRAK;Łuczarz;Kusze;CROSSBOW_BLACK_01.mms;TAK;TAK;TAK;PRAWDA
Zdobiona kusza;1529,47;2466,05;FAŁSZ;Wytworny i misternie zdobiony oręż strzelecki, wykorzystywany przez zamożniejszych myśliwych lub żołnierzy.;ITEM_CAT_FF;ITEM_FLAG_CROSSBOW;Weapon;Crossbow;AdminWeaponCrossbow;crossbows;FAŁSZ;itrw_Crossbow_05;-;ITRW_GS_CBOW_14;3,5;4;Gamemaster;FAŁSZ;BRAK;BRAK;BRAK;BRAK;BRAK;BRAK;BRAK;DAMAGE_POINT;125;-;115;35;BRAK;BRAK;BRAK;BRAK;FAŁSZ;BRAK;BRAK;BRAK;;BRAK;BRAK;FAŁSZ;5;5;BRAK;BRAK;2;1,5;BRAK;BRAK;BRAK;BRAK;BRAK;BRAK;Łuczarz;Kusze;KM_ItRW_Crossbow_04.mms;TAK;TAK;TAK;PRAWDA
Cień Sendarczyków;2029,07;3733,90;FAŁSZ;Wielowiekowe przekazy głoszą, że wystrzelone strzały zawsze nadlatywały od strony cienia.;ITEM_CAT_FF;ITEM_FLAG_CROSSBOW;Weapon;Crossbow;AdminWeaponCrossbow;crossbows;FAŁSZ;ITRW_CROSSBOW_09;-;ITRW_GS_CBOW_15;3,5;5;Gamemaster;FAŁSZ;BRAK;BRAK;BRAK;BRAK;BRAK;BRAK;BRAK;DAMAGE_POINT;130;-;130;40;BRAK;BRAK;BRAK;BRAK;FAŁSZ;BRAK;BRAK;BRAK;;BRAK;BRAK;FAŁSZ;5;5;BRAK;BRAK;2;1,6;BRAK;BRAK;BRAK;BRAK;BRAK;BRAK;Łuczarz;Kusze;CROSSBOW_BLACK_03.mms;TAK;TAK;TAK;PRAWDA
Kusza oblężnicza;2281,37;4153,18;FAŁSZ;Potężna i ciężka kusza, używana głównie do niszczenia fortyfikacji, lecz także skuteczna przeciwko większym celom. Wymaga dużej siły do naciągnięcia.;ITEM_CAT_FF;ITEM_FLAG_CROSSBOW;Weapon;Crossbow;AdminWeaponCrossbow;crossbows;FAŁSZ;Itrw_Crossbow_H_01_Normal;-;ITRW_GS_CBOW_16;3,5;5;Gamemaster;FAŁSZ;BRAK;BRAK;BRAK;BRAK;BRAK;BRAK;BRAK;DAMAGE_POINT;140;-;140;40;BRAK;BRAK;BRAK;BRAK;FAŁSZ;BRAK;BRAK;BRAK;;BRAK;BRAK;FAŁSZ;5;5;BRAK;BRAK;2;1,6;BRAK;BRAK;BRAK;BRAK;BRAK;BRAK;Łuczarz;Kusze;KM_ItRW_Crossbow_02.mms;TAK;TAK;TAK;PRAWDA
Kusza łowcy smoków;2415,53;4477,54;FAŁSZ;Ciężka kusza przeznaczona do walki z najgroźniejszymi bestiami.;ITEM_CAT_FF;ITEM_FLAG_CROSSBOW;Weapon;Crossbow;AdminWeaponCrossbow;crossbows;FAŁSZ;Itrw_Crossbow_H_02;-;ITRW_GS_CBOW_17;3,5;5;Gamemaster;FAŁSZ;BRAK;BRAK;BRAK;BRAK;BRAK;BRAK;BRAK;DAMAGE_POINT;150;-;150;40;BRAK;BRAK;BRAK;BRAK;FAŁSZ;BRAK;BRAK;BRAK;;BRAK;BRAK;FAŁSZ;5;5;BRAK;BRAK;2;1,6;BRAK;BRAK;BRAK;BRAK;BRAK;BRAK;Łuczarz;Kusze;CROSSBOW_BLACK_03.mms;TAK;TAK;TAK;PRAWDA
Kusza z czarnej rudy;2715,53;6449,68;FAŁSZ;Ciężka kusza wykonana z rzadkiej czarnej rudy, zapewniająca niezwykłą siłę naciągu.;ITEM_CAT_FF;ITEM_FLAG_CROSSBOW;Weapon;Crossbow;AdminWeaponCrossbow;crossbows;FAŁSZ;Itrw_Crossbow_M_01;-;ITRW_GS_CBOW_18;3,5;5;Gamemaster;FAŁSZ;BRAK;BRAK;BRAK;BRAK;BRAK;BRAK;BRAK;DAMAGE_POINT;160;-;160;45;BRAK;BRAK;BRAK;BRAK;FAŁSZ;BRAK;BRAK;BRAK;;BRAK;BRAK;FAŁSZ;5;5;BRAK;BRAK;2;1,6;BRAK;BRAK;BRAK;BRAK;BRAK;BRAK;Łuczarz;Kusze;KMCROSSBOW02.mms;TAK;TAK;TAK;PRAWDA
Kamień przyzwania ognistego smoka;#N/D;#N/D;FAŁSZ;Kamień przyzwania ognistego smoka.;ITEM_CAT_FF;ITEM_FLAG_BOW;Weapon;Bow;AdminWeaponBow;bows;FAŁSZ;-;-;itmi_dragon_pet;1,5;0;Gamemaster;FAŁSZ;BRAK;BRAK;BRAK;BRAK;BRAK;BRAK;BRAK;DAMAGE_POINT;0;-;0;0;BRAK;BRAK;BRAK;BRAK;FAŁSZ;BRAK;BRAK;BRAK;;BRAK;BRAK;FAŁSZ;5;5;BRAK;BRAK;0,5;0,8;BRAK;BRAK;BRAK;BRAK;BRAK;BRAK;;;;;;;FAŁSZ
Kamień przyzwania konia;#N/D;#N/D;FAŁSZ;Kamień przyzwania konia.;ITEM_CAT_FF;ITEM_FLAG_BOW;Weapon;Bow;AdminWeaponBow;bows;FAŁSZ;-;-;itmi_horse_pet;1,5;0;Gamemaster;FAŁSZ;BRAK;BRAK;BRAK;BRAK;BRAK;BRAK;BRAK;DAMAGE_POINT;0;-;0;0;BRAK;BRAK;BRAK;BRAK;FAŁSZ;BRAK;BRAK;BRAK;;BRAK;BRAK;FAŁSZ;5;5;BRAK;BRAK;0,5;0,8;BRAK;BRAK;BRAK;BRAK;BRAK;BRAK;;;;;;;FAŁSZ
Krótki łuk;31,38;37,63;FAŁSZ;Lekki łuk, często używany przez myśliwych i amatorów. Wykonany z giętkiego drewna i solidnej cięciwy.;ITEM_CAT_FF;ITEM_FLAG_BOW;Weapon;Bow;AdminWeaponBow;bows;FAŁSZ;ItRw_Bow_L_01;-;ITRW_GS_BOW_01;1,5;0;Gamemaster;FAŁSZ;BRAK;BRAK;BRAK;BRAK;BRAK;BRAK;BRAK;DAMAGE_POINT;15;-;1;5;BRAK;BRAK;BRAK;BRAK;FAŁSZ;BRAK;BRAK;BRAK;;BRAK;BRAK;PRAWDA;5;5;BRAK;BRAK;0,5;0,8;BRAK;BRAK;BRAK;BRAK;BRAK;BRAK;Łuczarz;Łuki;ITRW_BOW_L_VANILLA_01.mms;TAK;TAK;TAK;PRAWDA
Łuk treningowy;#N/D;#N/D;FAŁSZ;Idealny łuk do treningu.;ITEM_CAT_FF;ITEM_FLAG_BOW;Weapon;Bow;AdminWeaponBow;bows;FAŁSZ;-;-;ITRW_GS_BOW_26;1,5;0;Gamemaster;FAŁSZ;BRAK;BRAK;BRAK;BRAK;BRAK;BRAK;BRAK;DAMAGE_POINT;0;-;0;0;BRAK;BRAK;BRAK;BRAK;FAŁSZ;BRAK;BRAK;BRAK;;BRAK;BRAK;PRAWDA;5;5;BRAK;BRAK;0,5;0,8;BRAK;BRAK;BRAK;BRAK;BRAK;BRAK;;;;;;;FAŁSZ
Łuk myśliwski;53,08;65,28;FAŁSZ;Solidny łuk wykonany z drewna, używany przez myśliwych do cichego polowania na zwierzynę.;ITEM_CAT_FF;ITEM_FLAG_BOW;Weapon;Bow;AdminWeaponBow;bows;FAŁSZ;ITRW_BOW_L_01_B;-;ITRW_GS_BOW_02;1,5;1;Gamemaster;FAŁSZ;BRAK;BRAK;BRAK;BRAK;BRAK;BRAK;BRAK;DAMAGE_POINT;20;-;2;12;BRAK;BRAK;BRAK;BRAK;FAŁSZ;BRAK;BRAK;BRAK;;BRAK;BRAK;PRAWDA;5;5;BRAK;BRAK;1;1;BRAK;BRAK;BRAK;BRAK;BRAK;BRAK;Łuczarz;Łuki;KM_ItRW_bow_09.mms;TAK;TAK;TAK;PRAWDA
Łuk prosty;68,18;83,96;FAŁSZ;Prosty łuk wykonany z solidnego drewna. Podstawowa broń dystansowa, używana przez myśliwych i początkujących łuczników.;ITEM_CAT_FF;ITEM_FLAG_BOW;Weapon;Bow;AdminWeaponBow;bows;FAŁSZ;ITRW_BOW_L_02;-;ITRW_GS_BOW_03;1,5;1;Gamemaster;FAŁSZ;BRAK;BRAK;BRAK;BRAK;BRAK;BRAK;BRAK;DAMAGE_POINT;40;-;6;24;BRAK;BRAK;BRAK;BRAK;FAŁSZ;BRAK;BRAK;BRAK;;BRAK;BRAK;PRAWDA;5;5;BRAK;BRAK;1;1;BRAK;BRAK;BRAK;BRAK;BRAK;BRAK;Łuczarz;Łuki;KM_Bow_16.mms;TAK;TAK;TAK;PRAWDA
Łuk nowicjusza;137,92;177,95;FAŁSZ;Prosty łuk wykonany z elastycznego drewna, idealny do nauki posługiwania się bronią dystansową.;ITEM_CAT_FF;ITEM_FLAG_BOW;Weapon;Bow;AdminWeaponBow;bows;FAŁSZ;ITRW_SLD_BOW;-;ITRW_GS_BOW_04;2;2;Gamemaster;FAŁSZ;BRAK;BRAK;BRAK;BRAK;BRAK;BRAK;BRAK;DAMAGE_POINT;50;-;8;32;BRAK;BRAK;BRAK;BRAK;FAŁSZ;BRAK;BRAK;BRAK;;BRAK;BRAK;PRAWDA;5;5;BRAK;BRAK;1;1,2;BRAK;BRAK;BRAK;BRAK;BRAK;BRAK;Łuczarz;Łuki;KM_Bow_07.mms;TAK;TAK;TAK;PRAWDA
Łuk bukowy;137,92;177,95;FAŁSZ;Łuk wykonany z twardego drewna bukowego. Jest to solidna i niezawodna broń dla początkującego łucznika.;ITEM_CAT_FF;ITEM_FLAG_BOW;Weapon;Bow;AdminWeaponBow;bows;FAŁSZ;ITRW_BOW_09_NORMAL;-;ITRW_GS_BOW_05;2;2;Gamemaster;FAŁSZ;BRAK;BRAK;BRAK;BRAK;BRAK;BRAK;BRAK;DAMAGE_POINT;55;-;8;35;BRAK;BRAK;BRAK;BRAK;FAŁSZ;BRAK;BRAK;BRAK;;BRAK;BRAK;PRAWDA;5;5;BRAK;BRAK;1;1,2;BRAK;BRAK;BRAK;BRAK;BRAK;BRAK;Łuczarz;Łuki;KM_ItRW_bow_09.mms;TAK;TAK;TAK;PRAWDA
Zguba Orków;106,79;142,28;FAŁSZ;Ten potężny oręż, wykuty ze stali o wyjątkowej czystości, budzi strach w sercach każdego orka.;ITEM_CAT_FF;ITEM_FLAG_BOW;Weapon;Bow;AdminWeaponBow;bows;FAŁSZ;ITRW_BOW_06_NORMAL;-;ITRW_GS_BOW_06;2;2;Gamemaster;FAŁSZ;BRAK;BRAK;BRAK;BRAK;BRAK;BRAK;BRAK;DAMAGE_POINT;60;-;10;38;BRAK;BRAK;BRAK;BRAK;FAŁSZ;BRAK;BRAK;BRAK;;BRAK;BRAK;PRAWDA;5;5;BRAK;BRAK;1;1,2;BRAK;BRAK;BRAK;BRAK;BRAK;BRAK;Łuczarz;Łuki;KM_ItRW_bow_06.mms;TAK;TAK;TAK;PRAWDA
Łuk brzozowy;106,79;142,28;FAŁSZ;Łuk wykonany z elastycznego drewna brzozy. Idealny dla początkujących łuczników.;ITEM_CAT_FF;ITEM_FLAG_BOW;Weapon;Bow;AdminWeaponBow;bows;FAŁSZ;ITRW_BOW_01_NORMAL;-;ITRW_GS_BOW_07;2;2;Gamemaster;FAŁSZ;BRAK;BRAK;BRAK;BRAK;BRAK;BRAK;BRAK;DAMAGE_POINT;60;-;10;38;BRAK;BRAK;BRAK;BRAK;FAŁSZ;BRAK;BRAK;BRAK;;BRAK;BRAK;PRAWDA;5;5;BRAK;BRAK;1;1,2;BRAK;BRAK;BRAK;BRAK;BRAK;BRAK;Łuczarz;Łuki;KM_ItRW_bow_01.mms;TAK;TAK;TAK;PRAWDA
Porządny łuk myśliwski;189,41;280,13;FAŁSZ;Łuk wykonany z twardego, dobrze wysezonowanego drewna, idealny do polowań w gęstym lesie.;ITEM_CAT_FF;ITEM_FLAG_BOW;Weapon;Bow;AdminWeaponBow;bows;FAŁSZ;ITRW_BOW_M_04_NORMAL;-;ITRW_GS_BOW_08;2;2;Gamemaster;FAŁSZ;BRAK;BRAK;BRAK;BRAK;BRAK;BRAK;BRAK;DAMAGE_POINT;65;-;11;45;BRAK;BRAK;BRAK;BRAK;FAŁSZ;BRAK;BRAK;BRAK;;BRAK;BRAK;PRAWDA;5;5;BRAK;BRAK;1;1,2;BRAK;BRAK;BRAK;BRAK;BRAK;BRAK;Łuczarz;Łuki;KM_Bow_12.mms;TAK;TAK;TAK;PRAWDA
Łuk Khorinis;264,03;408,37;FAŁSZ;Lekki i poręczny łuk, wykonany z solidnego drewna, idealny do polowania w okolicach miasta.;ITEM_CAT_FF;ITEM_FLAG_BOW;Weapon;Bow;AdminWeaponBow;bows;FAŁSZ;itrw_sld_bow_B;-;ITRW_GS_BOW_09;2;2;Gamemaster;FAŁSZ;BRAK;BRAK;BRAK;BRAK;BRAK;BRAK;BRAK;DAMAGE_POINT;70;-;12;48;BRAK;BRAK;BRAK;BRAK;FAŁSZ;BRAK;BRAK;BRAK;;BRAK;BRAK;PRAWDA;5;5;BRAK;BRAK;1;1,2;BRAK;BRAK;BRAK;BRAK;BRAK;BRAK;Łuczarz;Łuki;ITRW_SLD_BOW_VANILLA.mms;TAK;TAK;TAK;PRAWDA
Ciemny Łuk;264,03;408,37;FAŁSZ;Łuk wykonany z bardzo ciemnego, twardego drewna, idealny do nocnego polowania lub skradania się.;ITEM_CAT_FF;ITEM_FLAG_BOW;Weapon;Bow;AdminWeaponBow;bows;FAŁSZ;ItRw_Bow_M_02;-;ITRW_GS_BOW_10;2;2;Gamemaster;FAŁSZ;BRAK;BRAK;BRAK;BRAK;BRAK;BRAK;BRAK;DAMAGE_POINT;70;-;12;48;BRAK;BRAK;BRAK;BRAK;FAŁSZ;BRAK;BRAK;BRAK;;BRAK;BRAK;PRAWDA;5;5;BRAK;BRAK;1;1,2;BRAK;BRAK;BRAK;BRAK;BRAK;BRAK;Łuczarz;Łuki;ITRW_BOW_M_VANILLA_02.mms;TAK;TAK;TAK;PRAWDA
Łuk świerkowy;361,03;514,89;FAŁSZ;Łuk wykonany z lekkiego i łatwego w obróbce drewna świerkowego, idealny dla początkujących łuczników.;ITEM_CAT_FF;ITEM_FLAG_BOW;Weapon;Bow;AdminWeaponBow;bows;FAŁSZ;ITRW_BOW_L_03;-;ITRW_GS_BOW_11;2,5;3;Gamemaster;FAŁSZ;BRAK;BRAK;BRAK;BRAK;BRAK;BRAK;BRAK;DAMAGE_POINT;80;-;16;60;BRAK;BRAK;BRAK;BRAK;FAŁSZ;BRAK;BRAK;BRAK;;BRAK;BRAK;PRAWDA;5;5;BRAK;BRAK;2;1,4;BRAK;BRAK;BRAK;BRAK;BRAK;BRAK;Łuczarz;Łuki;KM_Bow_08.mms;TAK;TAK;TAK;PRAWDA
Londramski Świst;361,03;514,89;FAŁSZ;Długi łuk, którego schemat przywędrował z wyspy Londram.;ITEM_CAT_FF;ITEM_FLAG_BOW;Weapon;Bow;AdminWeaponBow;bows;FAŁSZ;ITRW_BOW_L_04;-;ITRW_GS_BOW_12;2,5;3;Gamemaster;FAŁSZ;BRAK;BRAK;BRAK;BRAK;BRAK;BRAK;BRAK;DAMAGE_POINT;80;-;16;60;BRAK;BRAK;BRAK;BRAK;FAŁSZ;BRAK;BRAK;BRAK;;BRAK;BRAK;PRAWDA;5;5;BRAK;BRAK;2;1,4;BRAK;BRAK;BRAK;BRAK;BRAK;BRAK;Łuczarz;Łuki;KM_Bow_09.mms;TAK;TAK;TAK;PRAWDA
Cieniostrzał;419,53;590,36;FAŁSZ;Łuk smukłej i giętkiej konstrukcji, pozwalającej na szybkie i precyzyjne strzelanie z dużej odległości.;ITEM_CAT_FF;ITEM_FLAG_BOW;Weapon;Bow;AdminWeaponBow;bows;FAŁSZ;ITRW_BOW_M_01_GENERATE;-;ITRW_GS_BOW_13;2,5;3;Gamemaster;FAŁSZ;BRAK;BRAK;BRAK;BRAK;BRAK;BRAK;BRAK;DAMAGE_POINT;90;-;20;70;BRAK;BRAK;BRAK;BRAK;FAŁSZ;BRAK;BRAK;BRAK;;BRAK;BRAK;PRAWDA;5;5;BRAK;BRAK;2;1,4;BRAK;BRAK;BRAK;BRAK;BRAK;BRAK;Łuczarz;Łuki;KM_Bow_10.mms;TAK;TAK;TAK;PRAWDA
Nimroder;419,53;590,36;FAŁSZ;Długi, giętki łuk o czerwono-żółtym zabarwieniu. Jego nazwa może pochodzić od imienia mitycznego Nimroda, który był znany jako łowca i władca ziemi.;ITEM_CAT_FF;ITEM_FLAG_BOW;Weapon;Bow;AdminWeaponBow;bows;FAŁSZ;ITRW_BOW_05_NORMAL;-;ITRW_GS_BOW_14;2,5;3;Gamemaster;FAŁSZ;BRAK;BRAK;BRAK;BRAK;BRAK;BRAK;BRAK;DAMAGE_POINT;90;-;20;70;BRAK;BRAK;BRAK;BRAK;FAŁSZ;BRAK;BRAK;BRAK;;BRAK;BRAK;PRAWDA;5;5;BRAK;BRAK;2;1,4;BRAK;BRAK;BRAK;BRAK;BRAK;BRAK;Łuczarz;Łuki;KM_ItRW_bow_05.mms;TAK;TAK;TAK;PRAWDA
Wilcze Futro;590,07;864,78;FAŁSZ;Wilcze Futro to łuk zbudowany z drewna i wykończony skórzanymi paskami, który nawiązuje do natury i siły dzikiej bestii.;ITEM_CAT_FF;ITEM_FLAG_BOW;Weapon;Bow;AdminWeaponBow;bows;FAŁSZ;ITRW_SKE_BOW_L_02;-;ITRW_GS_BOW_15;3;3;Gamemaster;FAŁSZ;BRAK;BRAK;BRAK;BRAK;BRAK;BRAK;BRAK;DAMAGE_POINT;100;-;24;76;BRAK;BRAK;BRAK;BRAK;FAŁSZ;BRAK;BRAK;BRAK;;BRAK;BRAK;PRAWDA;5;5;BRAK;BRAK;2;1,4;BRAK;BRAK;BRAK;BRAK;BRAK;BRAK;Łuczarz;Łuki;KM_ItRW_bow_04.mms;TAK;TAK;TAK;PRAWDA
Łuk dębowy;739,77;1133,74;FAŁSZ;Luźny dębowy łuk o podstawowym kształcie i konstrukcji.;ITEM_CAT_FF;ITEM_FLAG_BOW;Weapon;Bow;AdminWeaponBow;bows;FAŁSZ;ITRW_BOW_02_NORMAL;-;ITRW_GS_BOW_16;3;4;Gamemaster;FAŁSZ;BRAK;BRAK;BRAK;BRAK;BRAK;BRAK;BRAK;DAMAGE_POINT;110;-;30;100;BRAK;BRAK;BRAK;BRAK;FAŁSZ;BRAK;BRAK;BRAK;;BRAK;BRAK;FAŁSZ;5;5;BRAK;BRAK;2;1,5;BRAK;BRAK;BRAK;BRAK;BRAK;BRAK;Łuczarz;Łuki;KM_ItRW_bow_02.mms;TAK;TAK;TAK;PRAWDA
Łuk koczownika;739,77;1133,74;FAŁSZ;Łuk wykonany ze sprężystego drewna, idealny dla łuczników ceniących sobie szybkość i precyzję strzału. Używany przez koczowników, którzy polegają na swojej zręczności.;ITEM_CAT_FF;ITEM_FLAG_BOW;Weapon;Bow;AdminWeaponBow;bows;FAŁSZ;ITRW_BOW_08_NORMAL;-;ITRW_GS_BOW_17;3;4;Gamemaster;FAŁSZ;BRAK;BRAK;BRAK;BRAK;BRAK;BRAK;BRAK;DAMAGE_POINT;110;-;30;100;BRAK;BRAK;BRAK;BRAK;FAŁSZ;BRAK;BRAK;BRAK;;BRAK;BRAK;FAŁSZ;5;5;BRAK;BRAK;2;1,5;BRAK;BRAK;BRAK;BRAK;BRAK;BRAK;Łuczarz;Łuki;KM_ItRW_bow_08.mms;TAK;TAK;TAK;PRAWDA
Łuk oficerski;904,77;1355,55;FAŁSZ;Elegancki łuk wykonany z ciemnego, solidnego drewna, często używany przez oficerów straży lub łuczników gwardii. Jest symbolem statusu i precyzji.;ITEM_CAT_FF;ITEM_FLAG_BOW;Weapon;Bow;AdminWeaponBow;bows;FAŁSZ;itrw_bow_h_04;-;ITRW_GS_BOW_18;3;4;Gamemaster;FAŁSZ;BRAK;BRAK;BRAK;BRAK;BRAK;BRAK;BRAK;DAMAGE_POINT;115;-;35;100;BRAK;BRAK;BRAK;BRAK;FAŁSZ;BRAK;BRAK;BRAK;;BRAK;BRAK;FAŁSZ;5;5;BRAK;BRAK;2;1,5;BRAK;BRAK;BRAK;BRAK;BRAK;BRAK;Łuczarz;Łuki;ITRW_BOW_H_VANILLA_04.mms;TAK;TAK;TAK;PRAWDA
Łuk strzelca;904,77;1355,55;FAŁSZ;Prosty łuk wykonany z drewna, przeznaczony dla zręcznych strzelców.;ITEM_CAT_FF;ITEM_FLAG_BOW;Weapon;Bow;AdminWeaponBow;bows;FAŁSZ;ITRW_BOW_07;-;ITRW_GS_BOW_19;3;4;Gamemaster;FAŁSZ;BRAK;BRAK;BRAK;BRAK;BRAK;BRAK;BRAK;DAMAGE_POINT;115;-;35;100;BRAK;BRAK;BRAK;BRAK;FAŁSZ;BRAK;BRAK;BRAK;;BRAK;BRAK;FAŁSZ;5;5;BRAK;BRAK;2;1,5;BRAK;BRAK;BRAK;BRAK;BRAK;BRAK;Łuczarz;Łuki;KM_ItRW_bow_07.mms;TAK;TAK;TAK;PRAWDA
Łuk z wiązu;924,77;1381,55;FAŁSZ;Prosty łuk wykonany z elastycznego drewna wiązowego.;ITEM_CAT_FF;ITEM_FLAG_BOW;Weapon;Bow;AdminWeaponBow;bows;FAŁSZ;ITRW_BOW_H_03;-;ITRW_GS_BOW_20;3;4;Gamemaster;FAŁSZ;BRAK;BRAK;BRAK;BRAK;BRAK;BRAK;BRAK;DAMAGE_POINT;115;-;35;105;BRAK;BRAK;BRAK;BRAK;FAŁSZ;BRAK;BRAK;BRAK;;BRAK;BRAK;FAŁSZ;5;5;BRAK;BRAK;2;1,5;BRAK;BRAK;BRAK;BRAK;BRAK;BRAK;Łuczarz;Łuki;ITRW_BOW_H_VANILLA_03.mms;TAK;TAK;TAK;PRAWDA
Łuk kompozytowy;1047,97;1587,57;FAŁSZ;Łuk wykonany ze specjalnie klejonych warstw drewna, co znacznie zwiększa jego siłę naciągu i zasięg.;ITEM_CAT_FF;ITEM_FLAG_BOW;Weapon;Bow;AdminWeaponBow;bows;FAŁSZ;ITRW_BOW_M_03;-;ITRW_GS_BOW_21;3;4;Gamemaster;FAŁSZ;BRAK;BRAK;BRAK;BRAK;BRAK;BRAK;BRAK;DAMAGE_POINT;120;-;35;110;BRAK;BRAK;BRAK;BRAK;FAŁSZ;BRAK;BRAK;BRAK;;BRAK;BRAK;FAŁSZ;5;5;BRAK;BRAK;2;1,5;BRAK;BRAK;BRAK;BRAK;BRAK;BRAK;Łuczarz;Łuki;KM_Bow_11.mms;TAK;TAK;TAK;PRAWDA
Niszczyciel Łbów;1355,80;2153,34;FAŁSZ;Charakteryzuje się wyjątkowo dużymi rozmiarami, długim i wzmocnionym łukiem oraz silnym systemem napinania.;ITEM_CAT_FF;ITEM_FLAG_BOW;Weapon;Bow;AdminWeaponBow;bows;FAŁSZ;ITRW_ADDON_MAGICBOW;-;ITRW_GS_BOW_22;3;4;Gamemaster;FAŁSZ;BRAK;BRAK;BRAK;BRAK;BRAK;BRAK;BRAK;DAMAGE_POINT;125;-;35;115;BRAK;BRAK;BRAK;BRAK;FAŁSZ;BRAK;BRAK;BRAK;;BRAK;BRAK;FAŁSZ;5;5;BRAK;BRAK;2;1,5;BRAK;BRAK;BRAK;BRAK;BRAK;BRAK;Łuczarz;Łuki;KM_Bow_15.mms;TAK;TAK;TAK;PRAWDA
Ciężki łuk dębowy;2055,58;3055,04;FAŁSZ;Solidny, ciężki łuk wykonany z twardego, dębowego drewna.;ITEM_CAT_FF;ITEM_FLAG_BOW;Weapon;Bow;AdminWeaponBow;bows;FAŁSZ;ITRW_BOW_03;-;ITRW_GS_BOW_23;3,5;5;Gamemaster;FAŁSZ;BRAK;BRAK;BRAK;BRAK;BRAK;BRAK;BRAK;DAMAGE_POINT;130;-;30;130;BRAK;BRAK;BRAK;BRAK;FAŁSZ;BRAK;BRAK;BRAK;;BRAK;BRAK;FAŁSZ;5;5;BRAK;BRAK;2;1,6;BRAK;BRAK;BRAK;BRAK;BRAK;BRAK;Łuczarz;Łuki;KM_ItRW_bow_03.mms;TAK;TAK;TAK;PRAWDA
Łuk z magicznego drzewa;2436,00;3746,70;FAŁSZ;Łuk wykonany z niezwykle rzadkiego i potężnego magicznego drewna.;ITEM_CAT_FF;ITEM_FLAG_BOW;Weapon;Bow;AdminWeaponBow;bows;FAŁSZ;ITRW_BOW_H_02_NORMAL;-;ITRW_GS_BOW_24;3,5;5;Gamemaster;FAŁSZ;BRAK;BRAK;BRAK;BRAK;BRAK;BRAK;BRAK;DAMAGE_POINT;150;-;40;150;BRAK;BRAK;BRAK;BRAK;FAŁSZ;BRAK;BRAK;BRAK;;BRAK;BRAK;FAŁSZ;5;5;BRAK;BRAK;2;1,6;BRAK;BRAK;BRAK;BRAK;BRAK;BRAK;Łuczarz;Łuki;KM_Bow_14.mms;TAK;TAK;TAK;PRAWDA
Łuk z czarnej rudy;2736,00;5463,05;FAŁSZ;Łuk wykonany z rzadkiej czarnej rudy, co nadaje mu niezwykłą wytrzymałość i siłę rażenia.;ITEM_CAT_FF;ITEM_FLAG_BOW;Weapon;Bow;AdminWeaponBow;bows;FAŁSZ;ITRW_BOW_H_01_NORMAL;-;ITRW_GS_BOW_25;3,5;5;Gamemaster;FAŁSZ;BRAK;BRAK;BRAK;BRAK;BRAK;BRAK;BRAK;DAMAGE_POINT;160;-;45;160;BRAK;BRAK;BRAK;BRAK;FAŁSZ;BRAK;BRAK;BRAK;;BRAK;BRAK;FAŁSZ;5;5;BRAK;BRAK;2;1,6;BRAK;BRAK;BRAK;BRAK;BRAK;BRAK;Łuczarz;Łuki;KM_Bow_13.mms;TAK;TAK;TAK;PRAWDA
Strzała;0,69;0,83;FAŁSZ;Drewniany pocisk ze stalowym grotem, niezbędny dla łuczników.;ITEM_CAT_MUN;-;Projectile;Projectile;AdminProjectile;projectile;PRAWDA;ITRW_ARROW;-;ITRW_ARROW;0,05;1;Gamemaster;FAŁSZ;BRAK;BRAK;BRAK;BRAK;BRAK;BRAK;BRAK;BRAK;BRAK;BRAK;BRAK;BRAK;BRAK;BRAK;BRAK;BRAK;FAŁSZ;BRAK;BRAK;BRAK;;BRAK;BRAK;PRAWDA;5;5;BRAK;BRAK;BRAK;BRAK;BRAK;BRAK;BRAK;BRAK;BRAK;BRAK;Łuczarz;Inne;ItRw_Arrow.3ds;TAK;TAK;TAK;PRAWDA
Bełt;0,69;0,83;FAŁSZ;Pocisk do kuszy, najczęściej wykonany z drewna i zaostrzony metalowym grotem.;ITEM_CAT_MUN;-;Projectile;Projectile;AdminProjectile;projectile;PRAWDA;ITRW_BOLT;-;ITRW_BOLT;0,05;1;Gamemaster;FAŁSZ;BRAK;BRAK;BRAK;BRAK;BRAK;BRAK;BRAK;BRAK;BRAK;BRAK;BRAK;BRAK;BRAK;BRAK;BRAK;BRAK;FAŁSZ;BRAK;BRAK;BRAK;;BRAK;BRAK;PRAWDA;5;5;BRAK;BRAK;BRAK;BRAK;BRAK;BRAK;BRAK;BRAK;BRAK;BRAK;Łuczarz;Inne;ItRw_Bolt.3ds;TAK;TAK;TAK;PRAWDA
Cięciwa;11,88;13,28;FAŁSZ;Solidny sznur, niezbędny do naciągnięcia łuku i wystrzelenia strzały.;ITEM_CAT_NONE;-;Materials;Materials;AdminMaterials;materials;PRAWDA;ITCR_SDRP_INGR_31;-;ITMI_GS_MAT_126;0,1;0;Gamemaster;FAŁSZ;BRAK;BRAK;BRAK;BRAK;BRAK;BRAK;BRAK;BRAK;BRAK;BRAK;BRAK;BRAK;BRAK;BRAK;BRAK;BRAK;FAŁSZ;BRAK;BRAK;BRAK;;BRAK;BRAK;PRAWDA;5;5;BRAK;BRAK;BRAK;BRAK;BRAK;BRAK;BRAK;BRAK;BRAK;BRAK;Łuczarz;Inne;IT_BowString.3ds;TAK;TAK;TAK;PRAWDA
Wzmocniona cieciwa;58,50;60,38;FAŁSZ;Cięciwa stworzona z niezwykle wytrzymałych włókien, zdolna wytrzymać największe naprężenia łuku.;ITEM_CAT_NONE;-;Materials;Materials;AdminMaterials;materials;PRAWDA;WZMOCNIONA_CIECIWA;-;ITMI_GS_MAT_127;0,3;3;Gamemaster;FAŁSZ;BRAK;BRAK;BRAK;BRAK;BRAK;BRAK;BRAK;BRAK;BRAK;BRAK;BRAK;BRAK;BRAK;BRAK;BRAK;BRAK;FAŁSZ;BRAK;BRAK;BRAK;;BRAK;BRAK;PRAWDA;5;5;BRAK;BRAK;BRAK;BRAK;BRAK;BRAK;BRAK;BRAK;BRAK;BRAK;Łuczarz;Inne;WZMOCNIONA_CIECIWA.3ds;TAK;TAK;TAK;PRAWDA
Mistrzowska cięciwa;82,50;85,31;FAŁSZ;Wyjątkowo mocna i elastyczna cięciwa, wykonana przez mistrza rzemiosła łuczarskiego, gwarantująca precyzyjne i dalekie strzały.;ITEM_CAT_NONE;-;Materials;Materials;AdminMaterials;materials;PRAWDA;MISTRZOWSKA_CIECIWA;-;ITMI_GS_MAT_128;0,3;4;Gamemaster;FAŁSZ;BRAK;BRAK;BRAK;BRAK;BRAK;BRAK;BRAK;BRAK;BRAK;BRAK;BRAK;BRAK;BRAK;BRAK;BRAK;BRAK;FAŁSZ;BRAK;BRAK;BRAK;;BRAK;BRAK;FAŁSZ;5;5;BRAK;BRAK;BRAK;BRAK;BRAK;BRAK;BRAK;BRAK;BRAK;BRAK;Łuczarz;Inne;MISTRZOWSKA_CIECIWA.3ds;TAK;TAK;TAK;PRAWDA
Cięciwa z włókna serca czarnego trolla;193,88;198,09;FAŁSZ;Wyjątkowo mocna cięciwa, wykonana z włókien pozyskanych z serca czarnego trolla.;ITEM_CAT_NONE;-;Materials;Materials;AdminMaterials;materials;PRAWDA;TROLLA_CIECIWA;-;ITMI_GS_MAT_129;0,3;5;Gamemaster;FAŁSZ;BRAK;BRAK;BRAK;BRAK;BRAK;BRAK;BRAK;BRAK;BRAK;BRAK;BRAK;BRAK;BRAK;BRAK;BRAK;BRAK;FAŁSZ;BRAK;BRAK;BRAK;;BRAK;BRAK;FAŁSZ;5;5;BRAK;BRAK;BRAK;BRAK;BRAK;BRAK;BRAK;BRAK;BRAK;BRAK;Łuczarz;Inne;TROLLA_CIECIWA.3ds;TAK;TAK;TAK;PRAWDA
Prosta rękojeść;25,15;28,19;FAŁSZ;Element potrzebny do stworzenia podstawowej broni, zazwyczaj wykonany z drewna lub skóry.;ITEM_CAT_NONE;-;Materials;Materials;AdminMaterials;materials;PRAWDA;prosta_rekojesc;-;ITMI_GS_MAT_130;0,5;1;Gamemaster;FAŁSZ;BRAK;BRAK;BRAK;BRAK;BRAK;BRAK;BRAK;BRAK;BRAK;BRAK;BRAK;BRAK;BRAK;BRAK;BRAK;BRAK;FAŁSZ;BRAK;BRAK;BRAK;;BRAK;BRAK;PRAWDA;5;5;BRAK;BRAK;BRAK;BRAK;BRAK;BRAK;BRAK;BRAK;BRAK;BRAK;Kowal;Inne;prosta_rekojesc.3ds;TAK;TAK;TAK;PRAWDA
Podstawowa rękojeść;45,75;46,69;FAŁSZ;Prosta, drewniana rękojeść, stanowiąca bazę dla ostrza.;ITEM_CAT_NONE;-;Materials;Materials;AdminMaterials;materials;PRAWDA;PODSTAWOWA_REKOJESC;-;ITMI_GS_MAT_131;0,5;2;Gamemaster;FAŁSZ;BRAK;BRAK;BRAK;BRAK;BRAK;BRAK;BRAK;BRAK;BRAK;BRAK;BRAK;BRAK;BRAK;BRAK;BRAK;BRAK;FAŁSZ;BRAK;BRAK;BRAK;;BRAK;BRAK;PRAWDA;5;5;BRAK;BRAK;BRAK;BRAK;BRAK;BRAK;BRAK;BRAK;BRAK;BRAK;Kowal;Inne;PODSTAWOWA_REKOJESC.3ds;TAK;TAK;TAK;PRAWDA
Wzmocniona rękojeść;77,25;78,19;FAŁSZ;Solidna, metalowa konstrukcja służąca do pewniejszego chwytu broni.;ITEM_CAT_NONE;-;Materials;Materials;AdminMaterials;materials;PRAWDA;WZMACNIANA_REKOJESC;-;ITMI_GS_MAT_132;0,5;3;Gamemaster;FAŁSZ;BRAK;BRAK;BRAK;BRAK;BRAK;BRAK;BRAK;BRAK;BRAK;BRAK;BRAK;BRAK;BRAK;BRAK;BRAK;BRAK;FAŁSZ;BRAK;BRAK;BRAK;;BRAK;BRAK;PRAWDA;5;5;BRAK;BRAK;BRAK;BRAK;BRAK;BRAK;BRAK;BRAK;BRAK;BRAK;Kowal;Inne;WZMACNIANA_REKOJESC.3ds;TAK;TAK;TAK;PRAWDA
Solidna rękojeść;129,75;130,69;FAŁSZ;Solidny kawałek drewna lub metalu, stanowiący stabilną część większego przedmiotu.;ITEM_CAT_NONE;-;Materials;Materials;AdminMaterials;materials;PRAWDA;SOLIDNA_REKOJESC;-;ITMI_GS_MAT_133;0,5;4;Gamemaster;FAŁSZ;BRAK;BRAK;BRAK;BRAK;BRAK;BRAK;BRAK;BRAK;BRAK;BRAK;BRAK;BRAK;BRAK;BRAK;BRAK;BRAK;FAŁSZ;BRAK;BRAK;BRAK;;BRAK;BRAK;FAŁSZ;5;5;BRAK;BRAK;BRAK;BRAK;BRAK;BRAK;BRAK;BRAK;BRAK;BRAK;Kowal;Inne;SOLIDNA_REKOJESC.3ds;TAK;TAK;TAK;PRAWDA
Mistrzowska rękojeść;515,75;516,69;FAŁSZ;Ozdobna rękojeść, wykonana z solidnego metalu i pokryta drobnymi runicznymi symbolami, niezbędna do stworzenia broni godnej mistrza.;ITEM_CAT_NONE;-;Materials;Materials;AdminMaterials;materials;PRAWDA;MISTRZOWSKA_REKOJESC;-;ITMI_GS_MAT_134;0,5;5;Gamemaster;FAŁSZ;BRAK;BRAK;BRAK;BRAK;BRAK;BRAK;BRAK;BRAK;BRAK;BRAK;BRAK;BRAK;BRAK;BRAK;BRAK;BRAK;FAŁSZ;BRAK;BRAK;BRAK;;BRAK;BRAK;FAŁSZ;5;5;BRAK;BRAK;BRAK;BRAK;BRAK;BRAK;BRAK;BRAK;BRAK;BRAK;Kowal;Inne;MISTRZOWSKA_REKOJESC.3ds;TAK;TAK;TAK;PRAWDA
Bojowy tulipan;BRAK;BRAK;FAŁSZ;Broń admina;ITEM_CAT_NF;ITEM_FLAG_SWD;Weapon;OneHanded;AdminWeaponOneHanded;weapons1h;FAŁSZ;gs_1h_tulipanadmina;-;ITMW_GS_1H_ADMIN_01;1,5;1;Gamemaster;FAŁSZ;BRAK;BRAK;BRAK;BRAK;BRAK;BRAK;BRAK;DAMAGE_BLUNT;200;50;0;0;BRAK;BRAK;BRAK;BRAK;FAŁSZ;BRAK;BRAK;BRAK;;BRAK;250;FAŁSZ;5;5;BRAK;BRAK;0;BRAK;BRAK;BRAK;BRAK;BRAK;BRAK;BRAK;Kowal;Inne;;NIE;NIE;NIE;FAŁSZ
Bojowy kebab;BRAK;BRAK;FAŁSZ;Broń admina;ITEM_CAT_NF;ITEM_FLAG_SWD;Weapon;OneHanded;AdminWeaponOneHanded;weapons1h;FAŁSZ;;-;ITMW_GS_1H_ADMIN_02;1,5;1;Gamemaster;FAŁSZ;BRAK;BRAK;BRAK;BRAK;BRAK;BRAK;BRAK;DAMAGE_BLUNT;200;50;0;0;BRAK;BRAK;BRAK;BRAK;FAŁSZ;BRAK;BRAK;BRAK;;BRAK;250;FAŁSZ;5;5;BRAK;BRAK;0;BRAK;BRAK;BRAK;BRAK;BRAK;BRAK;BRAK;;;;;;;FAŁSZ
Podniszczony miecz treningowy;#N/D;#N/D;FAŁSZ;Lekka drewniana broń używana przez początkujących, aby opanować podstawy walki mieczem, zanim przejdą do ostrzejszej stali. Widać na nim ślady zużycia.;ITEM_CAT_NF;ITEM_FLAG_SWD;Weapon;OneHanded;AdminWeaponOneHanded;weapons1h;FAŁSZ;ITMW_1H_WOOD_SWORD;ITMW_GS_1H_01;ITMW_GS_1H_01_V1;1,5;1;Gamemaster;FAŁSZ;BRAK;BRAK;BRAK;BRAK;BRAK;BRAK;BRAK;DAMAGE_BLUNT;0;50;0;0;BRAK;BRAK;BRAK;BRAK;FAŁSZ;BRAK;BRAK;BRAK;;BRAK;100;FAŁSZ;5;5;BRAK;BRAK;0,5;BRAK;BRAK;BRAK;BRAK;BRAK;BRAK;BRAK;;;;;;;FAŁSZ
Jednoręczny miecz treningowy;16,80;21,76;FAŁSZ;Lekka drewniana broń używana przez początkujących, aby opanować podstawy walki mieczem, zanim przejdą do ostrzejszej stali.;ITEM_CAT_NF;ITEM_FLAG_SWD;Weapon;OneHanded;AdminWeaponOneHanded;weapons1h;FAŁSZ;ITMW_1H_WOOD_SWORD;-;ITMW_GS_1H_01;1,5;1;Gamemaster;FAŁSZ;BRAK;BRAK;BRAK;BRAK;BRAK;BRAK;BRAK;DAMAGE_BLUNT;0;50;0;0;BRAK;BRAK;BRAK;BRAK;FAŁSZ;BRAK;BRAK;BRAK;;Gałąź;250;FAŁSZ;5;5;BRAK;BRAK;0,5;BRAK;BRAK;BRAK;BRAK;BRAK;BRAK;BRAK;Kowal;Miecze;KM_vob_wood_sword_01.3ds;TAK;TAK;TAK;PRAWDA
Dwuręczny miecz treningowy;16,80;21,76;FAŁSZ;Drewniany symulator długiego miecza, używany do ćwiczeń fechtunku. Rękojeść jest wyprofilowana do operowania oburącz.;ITEM_CAT_NF;ITEM_FLAG_SWD;Weapon;TwoHanded;AdminWeaponTwoHanded;weapons2h;FAŁSZ;ITMW_2H_WOOD_SWORD;-;ITMW_GS_2H_01;1,5;1;Gamemaster;FAŁSZ;BRAK;BRAK;BRAK;BRAK;BRAK;BRAK;BRAK;DAMAGE_BLUNT;0;100;0;0;BRAK;BRAK;BRAK;BRAK;FAŁSZ;BRAK;BRAK;BRAK;;Gałąź;250;FAŁSZ;5;5;BRAK;BRAK;0,5;BRAK;BRAK;BRAK;BRAK;BRAK;BRAK;BRAK;Kowal;Miecze;KM_vob_wood_sword_02.3ds;TAK;TAK;TAK;PRAWDA
Stępiony miecz;28,80;38,61;FAŁSZ;Kawał starej stali, której klinga utraciła już dawno swoją ostrość.;ITEM_CAT_NF;ITEM_FLAG_SWD;Weapon;OneHanded;AdminWeaponOneHanded;weapons1h;FAŁSZ;ITMW_1H_MISC_SWORD;-;ITMW_GS_1H_02;1,5;1;Gamemaster;FAŁSZ;BRAK;BRAK;BRAK;BRAK;BRAK;BRAK;BRAK;DAMAGE_EDGE;10;50;5;1;BRAK;BRAK;BRAK;BRAK;FAŁSZ;BRAK;BRAK;BRAK;;Mały zestaw naprawczy do broni;225;PRAWDA;5;5;BRAK;BRAK;0,5;BRAK;BRAK;BRAK;BRAK;BRAK;BRAK;BRAK;Kowal;Miecze;ItMw_020_1h_sword_old_01.3ds;TAK;TAK;TAK;PRAWDA
Krótki miecz;55,10;76,27;FAŁSZ;Niezbyt długi, jednoręczny miecz wykonany z surowej stali, idealny dla początkujących.;ITEM_CAT_NF;ITEM_FLAG_SWD;Weapon;OneHanded;AdminWeaponOneHanded;weapons1h;FAŁSZ;ITMW_SHORTSWORD1;-;ITMW_GS_1H_03;1,5;1;Gamemaster;FAŁSZ;BRAK;BRAK;BRAK;BRAK;BRAK;BRAK;BRAK;DAMAGE_EDGE;10;50;8;2;BRAK;BRAK;BRAK;BRAK;FAŁSZ;BRAK;BRAK;BRAK;;Mały zestaw naprawczy do broni;250;PRAWDA;5;5;BRAK;BRAK;0,5;BRAK;BRAK;BRAK;BRAK;BRAK;BRAK;BRAK;Kowal;Miecze;ItMw_010_1h_Sword_short_01.3ds;TAK;TAK;TAK;PRAWDA
Szeroki miecz;64,10;86,88;FAŁSZ;Potężny, oburęczny miecz kowala, wykuty z najlepszej stali.;ITEM_CAT_NF;ITEM_FLAG_SWD;Weapon;OneHanded;AdminWeaponOneHanded;weapons1h;FAŁSZ;ITMW_SHORTSWORD2;-;ITMW_GS_1H_04;1,5;1;Gamemaster;FAŁSZ;BRAK;BRAK;BRAK;BRAK;BRAK;BRAK;BRAK;DAMAGE_EDGE;15;50;11;3;BRAK;BRAK;BRAK;BRAK;FAŁSZ;BRAK;BRAK;BRAK;;Mały zestaw naprawczy do broni;250;PRAWDA;5;5;BRAK;BRAK;0,5;BRAK;BRAK;BRAK;BRAK;BRAK;BRAK;BRAK;Kowal;Miecze;ItMw_012_1h_Sword_short_02.3ds;TAK;TAK;TAK;PRAWDA
Miecz obywatela;72,50;97,13;FAŁSZ;Standardowy miecz używany przez mieszkańców. Wykuty z solidnej stali.;ITEM_CAT_NF;ITEM_FLAG_SWD;Weapon;OneHanded;AdminWeaponOneHanded;weapons1h;FAŁSZ;ITMW_SHORTSWORD3;-;ITMW_GS_1H_05;1,5;1;Gamemaster;FAŁSZ;BRAK;BRAK;BRAK;BRAK;BRAK;BRAK;BRAK;DAMAGE_EDGE;15;50;12;4;BRAK;BRAK;BRAK;BRAK;FAŁSZ;BRAK;BRAK;BRAK;;Mały zestaw naprawczy do broni;275;PRAWDA;5;5;BRAK;BRAK;0,5;BRAK;BRAK;BRAK;BRAK;BRAK;BRAK;BRAK;Kowal;Miecze;ItMw_016_1h_Sword_short_03.3ds;TAK;TAK;TAK;PRAWDA
Prosty miecz;92,65;123,80;FAŁSZ;Kawałek dobrze hartowanej stali, z prostym ostrzem i niezbyt ozdobną rękojeścią.;ITEM_CAT_NF;ITEM_FLAG_SWD;Weapon;OneHanded;AdminWeaponOneHanded;weapons1h;FAŁSZ;ITMW_SHORTSWORD5;-;ITMW_GS_1H_06;1,5;1;Gamemaster;FAŁSZ;BRAK;BRAK;BRAK;BRAK;BRAK;BRAK;BRAK;DAMAGE_EDGE;20;50;15;5;BRAK;BRAK;BRAK;BRAK;FAŁSZ;BRAK;BRAK;BRAK;;Mały zestaw naprawczy do broni;275;PRAWDA;5;5;BRAK;BRAK;0,5;BRAK;BRAK;BRAK;BRAK;BRAK;BRAK;BRAK;Kowal;Miecze;ItMw_025_1h_Sword_short_05.3ds;TAK;TAK;TAK;PRAWDA
Miecz paradny;124,15;160,28;FAŁSZ;Elegancki miecz przeznaczony bardziej do celów ceremonialnych i pokazowych niż do prawdziwej walki.;ITEM_CAT_NF;ITEM_FLAG_SWD;Weapon;OneHanded;AdminWeaponOneHanded;weapons1h;FAŁSZ;ITMW_SHORTSWORD4;-;ITMW_GS_1H_07;1,5;1;Gamemaster;FAŁSZ;BRAK;BRAK;BRAK;BRAK;BRAK;BRAK;BRAK;DAMAGE_EDGE;25;50;24;6;BRAK;BRAK;BRAK;BRAK;FAŁSZ;BRAK;BRAK;BRAK;;Mały zestaw naprawczy do broni;275;PRAWDA;5;5;BRAK;BRAK;0,5;BRAK;BRAK;BRAK;BRAK;BRAK;BRAK;BRAK;Kowal;Miecze;ItMw_020_1h_Sword_short_04.3ds;TAK;TAK;TAK;PRAWDA
Pospolity miecz;148,35;205,57;FAŁSZ;Prosty, ale solidny miecz wykuty z żelaza, używany przez wielu najemników i strażników.;ITEM_CAT_NF;ITEM_FLAG_SWD;Weapon;OneHanded;AdminWeaponOneHanded;weapons1h;FAŁSZ;ITMW_1H_COMMON_01;-;ITMW_GS_1H_08;2;2;Gamemaster;FAŁSZ;BRAK;BRAK;BRAK;BRAK;BRAK;BRAK;BRAK;DAMAGE_EDGE;30;70;32;8;BRAK;BRAK;BRAK;BRAK;FAŁSZ;BRAK;BRAK;BRAK;;Mały zestaw naprawczy do broni;300;PRAWDA;5;5;BRAK;BRAK;0,5;BRAK;BRAK;BRAK;BRAK;BRAK;BRAK;BRAK;Kowal;Miecze;ItMw_030_1h_Common_Sword_01.3ds;TAK;TAK;TAK;PRAWDA
Miecz Świstaka;152,15;211,24;FAŁSZ;Niezwykły miecz o nadzwyczaj ostrym ostrzu.;ITEM_CAT_NF;ITEM_FLAG_SWD;Weapon;OneHanded;AdminWeaponOneHanded;weapons1h;FAŁSZ;ITMW_SHORTSWORD5_B;-;ITMW_GS_1H_09;2;2;Gamemaster;FAŁSZ;BRAK;BRAK;BRAK;BRAK;BRAK;BRAK;BRAK;DAMAGE_EDGE;30;70;32;8;BRAK;BRAK;BRAK;BRAK;FAŁSZ;BRAK;BRAK;BRAK;;Mały zestaw naprawczy do broni;300;PRAWDA;5;5;BRAK;BRAK;0,5;BRAK;BRAK;BRAK;BRAK;BRAK;BRAK;BRAK;Kowal;Miecze;ItMw_025_1h_Sword_short_05.3ds;TAK;TAK;TAK;PRAWDA
Miecz strażnika;187,05;256,18;FAŁSZ;Lekki, jednoręczny miecz wykonany z wysokiej jakości stali, noszony przez strażników jako standardowe wyposażenie.;ITEM_CAT_NF;ITEM_FLAG_SWD;Weapon;OneHanded;AdminWeaponOneHanded;weapons1h;FAŁSZ;ITMW_1H_PAL_SWORD;-;ITMW_GS_1H_10;2;2;Gamemaster;FAŁSZ;BRAK;BRAK;BRAK;BRAK;BRAK;BRAK;BRAK;DAMAGE_EDGE;35;70;36;12;BRAK;BRAK;BRAK;BRAK;FAŁSZ;BRAK;BRAK;BRAK;;Mały zestaw naprawczy do broni;300;PRAWDA;5;5;BRAK;BRAK;0,5;BRAK;BRAK;BRAK;BRAK;BRAK;BRAK;BRAK;Kowal;Miecze;ItMw_030_1h_PAL_Sword_02.3ds;TAK;TAK;TAK;PRAWDA
Katowskie ostrze;187,05;256,18;FAŁSZ;Ostrze używane przez kata, charakteryzujące się wyjątkową ostrością i wytrzymałością.;ITEM_CAT_NF;ITEM_FLAG_SWD;Weapon;OneHanded;AdminWeaponOneHanded;weapons1h;FAŁSZ;ITMW_1H_TIMO_SWORD;-;ITMW_GS_1H_11;2;2;Gamemaster;FAŁSZ;BRAK;BRAK;BRAK;BRAK;BRAK;BRAK;BRAK;DAMAGE_EDGE;35;70;36;12;BRAK;BRAK;BRAK;BRAK;FAŁSZ;BRAK;BRAK;BRAK;;Mały zestaw naprawczy do broni;300;PRAWDA;5;5;BRAK;BRAK;0,5;BRAK;BRAK;BRAK;BRAK;BRAK;BRAK;BRAK;Kowal;Miecze;KM_sword_04.3ds;TAK;TAK;TAK;PRAWDA
Południowa maczeta;194,75;276,68;FAŁSZ;Masywna maczeta sprowadzona z południowych wysp, doskonała do przecinania gęstej roślinności.;ITEM_CAT_NF;ITEM_FLAG_SWD;Weapon;OneHanded;AdminWeaponOneHanded;weapons1h;FAŁSZ;ITMW_ADDON_HACKER_1H_02;-;ITMW_GS_1H_12;2;2;Gamemaster;FAŁSZ;BRAK;BRAK;BRAK;BRAK;BRAK;BRAK;BRAK;DAMAGE_EDGE;40;70;38;12;BRAK;BRAK;BRAK;BRAK;FAŁSZ;BRAK;BRAK;BRAK;;Mały zestaw naprawczy do broni;300;PRAWDA;5;5;BRAK;BRAK;0,5;BRAK;BRAK;BRAK;BRAK;BRAK;BRAK;BRAK;Kowal;Miecze;ItMw_1H_Machete_01.3ds;TAK;TAK;TAK;PRAWDA
Kiepski miecz półtoraręczny;262,05;363,33;FAŁSZ;Niedbale wykonany miecz, który ledwo nadaje się do walki.;ITEM_CAT_NF;ITEM_FLAG_SWD;Weapon;OneHanded;AdminWeaponOneHanded;weapons1h;FAŁSZ;ITMW_SCHWERT;-;ITMW_GS_1H_13;2;2;Gamemaster;FAŁSZ;BRAK;BRAK;BRAK;BRAK;BRAK;BRAK;BRAK;DAMAGE_EDGE;45;70;42;14;BRAK;BRAK;BRAK;BRAK;FAŁSZ;BRAK;BRAK;BRAK;;Mały zestaw naprawczy do broni;300;PRAWDA;5;5;BRAK;BRAK;0,5;BRAK;BRAK;BRAK;BRAK;BRAK;BRAK;BRAK;Kowal;Miecze;ItMw_030_1h_sword_long_01.3ds;TAK;TAK;TAK;PRAWDA
Lekki miecz;265,85;369,00;FAŁSZ;Klinga wykuta ze stali, charakteryzująca się niewielką wagą i dużą poręcznością.;ITEM_CAT_NF;ITEM_FLAG_SWD;Weapon;OneHanded;AdminWeaponOneHanded;weapons1h;FAŁSZ;ITMW_NONE_1H_SWORD_NORMAL;-;ITMW_GS_1H_14;2;2;Gamemaster;FAŁSZ;BRAK;BRAK;BRAK;BRAK;BRAK;BRAK;BRAK;DAMAGE_EDGE;45;70;42;14;BRAK;BRAK;BRAK;BRAK;FAŁSZ;BRAK;BRAK;BRAK;;Mały zestaw naprawczy do broni;300;PRAWDA;5;5;BRAK;BRAK;0,5;BRAK;BRAK;BRAK;BRAK;BRAK;BRAK;BRAK;Kowal;Miecze;KM_ItMw_1H_WonderSword_01.3ds;TAK;TAK;TAK;PRAWDA
Miecz cesarski;289,35;396,93;FAŁSZ;Legendarny miecz, wykuty z najczystszej rudy magicznej, symbol władzy i potęgi.;ITEM_CAT_NF;ITEM_FLAG_SWD;Weapon;OneHanded;AdminWeaponOneHanded;weapons1h;FAŁSZ;ITMW_PATRON_FLASH;-;ITMW_GS_1H_15;2;2;Gamemaster;FAŁSZ;BRAK;BRAK;BRAK;BRAK;BRAK;BRAK;BRAK;DAMAGE_EDGE;50;70;45;15;BRAK;BRAK;BRAK;BRAK;FAŁSZ;BRAK;BRAK;BRAK;;Mały zestaw naprawczy do broni;325;PRAWDA;5;5;BRAK;BRAK;0,5;BRAK;BRAK;BRAK;BRAK;BRAK;BRAK;BRAK;Kowal;Miecze;KM_Rychu_sword_02.3ds;TAK;TAK;TAK;PRAWDA
Miecz krzyżowy;305,85;422,05;FAŁSZ;Dobrze wyważony miecz jednoręczny o charakterystycznym krzyżowym jelcu, wykonany z solidnej stali.;ITEM_CAT_NF;ITEM_FLAG_SWD;Weapon;OneHanded;AdminWeaponOneHanded;weapons1h;FAŁSZ;ITMW_NONE_1H_SWORD_NORMAL_B;-;ITMW_GS_1H_16;2;2;Gamemaster;FAŁSZ;BRAK;BRAK;BRAK;BRAK;BRAK;BRAK;BRAK;DAMAGE_EDGE;50;70;45;15;BRAK;BRAK;BRAK;BRAK;FAŁSZ;BRAK;BRAK;BRAK;;Mały zestaw naprawczy do broni;350;PRAWDA;5;5;BRAK;BRAK;0,5;BRAK;BRAK;BRAK;BRAK;BRAK;BRAK;BRAK;Kowal;Miecze;KM_ItMw_1H_WonderSword_01.3ds;TAK;TAK;TAK;PRAWDA
Miecz assasyna;385,92;640,80;FAŁSZ;Lekki, zakrzywiony miecz kuty na wzór broni używanej przez skrytobójców. Idealny do szybkich i cichych ataków.;ITEM_CAT_NF;ITEM_FLAG_SWD;Weapon;OneHanded;AdminWeaponOneHanded;weapons1h;FAŁSZ;ITMW_1H_SWORD_02_NORMAL;-;ITMW_GS_1H_17;2,5;3;Gamemaster;FAŁSZ;BRAK;BRAK;BRAK;BRAK;BRAK;BRAK;BRAK;DAMAGE_EDGE;55;90;52;18;BRAK;BRAK;BRAK;BRAK;FAŁSZ;BRAK;BRAK;BRAK;;Średni zestaw naprawczy do broni;350;PRAWDA;5;5;BRAK;BRAK;1;BRAK;BRAK;BRAK;BRAK;BRAK;BRAK;BRAK;Kowal;Miecze;KM_sword_05.3ds;TAK;TAK;TAK;PRAWDA
Klarowany miecz półtoraręczny;419,25;701,66;FAŁSZ;Długie ostrze o wyjątkowej jakości, przeznaczone do walki oburącz.;ITEM_CAT_NF;ITEM_FLAG_SWD;Weapon;OneHanded;AdminWeaponOneHanded;weapons1h;FAŁSZ;ITMW_SCHWERT1;-;ITMW_GS_1H_18;2,5;3;Gamemaster;FAŁSZ;BRAK;BRAK;BRAK;BRAK;BRAK;BRAK;BRAK;DAMAGE_EDGE;60;90;56;20;BRAK;BRAK;BRAK;BRAK;FAŁSZ;BRAK;BRAK;BRAK;;Średni zestaw naprawczy do broni;350;PRAWDA;5;5;BRAK;BRAK;1;BRAK;BRAK;BRAK;BRAK;BRAK;BRAK;BRAK;Kowal;Miecze;ItMw_035_1h_Sword_04.3ds;TAK;TAK;TAK;PRAWDA
Miecz rycerski;420,75;703,82;FAŁSZ;Broń sieczna, symbol stanu rycerskiego, wykuta ze stali.;ITEM_CAT_NF;ITEM_FLAG_SWD;Weapon;OneHanded;AdminWeaponOneHanded;weapons1h;FAŁSZ;ITMW_1H_PAL_SWORD_B;-;ITMW_GS_1H_19;2,5;3;Gamemaster;FAŁSZ;BRAK;BRAK;BRAK;BRAK;BRAK;BRAK;BRAK;DAMAGE_EDGE;60;90;56;20;BRAK;BRAK;BRAK;BRAK;FAŁSZ;BRAK;BRAK;BRAK;;Średni zestaw naprawczy do broni;350;PRAWDA;5;5;BRAK;BRAK;1;BRAK;BRAK;BRAK;BRAK;BRAK;BRAK;BRAK;Kowal;Miecze;ItMw_030_1h_PAL_Sword_02.3ds;TAK;TAK;TAK;PRAWDA
Zdobiony miecz półtoraręczny;499,58;841,92;FAŁSZ;"Elegancki miecz hybrydowy, znany jako ""bękart"", łączący cechy miecza długiego i dwuręcznego. Posiada obosieczną klingę i długą, zdobioną rękojeść.";ITEM_CAT_NF;ITEM_FLAG_SWD;Weapon;OneHanded;AdminWeaponOneHanded;weapons1h;FAŁSZ;ITMW_1H_MIL_SWORD_03;-;ITMW_GS_1H_20;2,5;3;Gamemaster;FAŁSZ;BRAK;BRAK;BRAK;BRAK;BRAK;BRAK;BRAK;DAMAGE_EDGE;65;90;58;22;BRAK;BRAK;BRAK;BRAK;FAŁSZ;BRAK;BRAK;BRAK;;Średni zestaw naprawczy do broni;350;PRAWDA;5;5;BRAK;BRAK;1;BRAK;BRAK;BRAK;BRAK;BRAK;BRAK;BRAK;Kowal;Miecze;KM_ItMw_1H_LeatherSword_01.3ds;TAK;TAK;TAK;PRAWDA
Karmazynowe ostrze;528,08;878,17;FAŁSZ;Ostrze to, wykute z rzadkiej, szkarłatnej stali, ma budzić postrach u przeciwników.;ITEM_CAT_NF;ITEM_FLAG_SWD;Weapon;OneHanded;AdminWeaponOneHanded;weapons1h;FAŁSZ;ITMW_PATRON_KUSHI;-;ITMW_GS_1H_21;2,5;3;Gamemaster;FAŁSZ;BRAK;BRAK;BRAK;BRAK;BRAK;BRAK;BRAK;DAMAGE_EDGE;65;90;58;22;BRAK;BRAK;BRAK;BRAK;FAŁSZ;BRAK;BRAK;BRAK;;Średni zestaw naprawczy do broni;375;PRAWDA;5;5;BRAK;BRAK;1;BRAK;BRAK;BRAK;BRAK;BRAK;BRAK;BRAK;Kowal;Miecze;KM_ItMw_1h_Sword_10.3ds;TAK;TAK;TAK;PRAWDA
Miecz króla goblinów;604,92;1013,43;FAŁSZ;Wykonany z niezwykłego, mrocznego metalu, ten miecz należał niegdyś do przywódcy plemienia goblinów.;ITEM_CAT_NF;ITEM_FLAG_SWD;Weapon;OneHanded;AdminWeaponOneHanded;weapons1h;FAŁSZ;ITMW_1H_ALENA_SWORD;-;ITMW_GS_1H_22;2,5;3;Gamemaster;FAŁSZ;BRAK;BRAK;BRAK;BRAK;BRAK;BRAK;BRAK;DAMAGE_EDGE;70;90;66;24;BRAK;BRAK;BRAK;BRAK;FAŁSZ;BRAK;BRAK;BRAK;;Średni zestaw naprawczy do broni;375;PRAWDA;5;5;BRAK;BRAK;1;BRAK;BRAK;BRAK;BRAK;BRAK;BRAK;BRAK;Kowal;Miecze;KM_ItMw_Rychu_1h_Sword_02.3ds;TAK;TAK;TAK;PRAWDA
Czarne ostrze;718,58;1213,65;FAŁSZ;Ostrze wykonane z ciemnego metalu.;ITEM_CAT_NF;ITEM_FLAG_SWD;Weapon;OneHanded;AdminWeaponOneHanded;weapons1h;FAŁSZ;ITMW_1H_BLESSED_02_SARADOC;-;ITMW_GS_1H_23;2,5;3;Gamemaster;FAŁSZ;BRAK;BRAK;BRAK;BRAK;BRAK;BRAK;BRAK;DAMAGE_EDGE;75;90;74;26;BRAK;BRAK;BRAK;BRAK;FAŁSZ;BRAK;BRAK;BRAK;;Średni zestaw naprawczy do broni;375;PRAWDA;5;5;BRAK;BRAK;1;BRAK;BRAK;BRAK;BRAK;BRAK;BRAK;BRAK;Kowal;Miecze;ItMw_030_1h_PAL_sword_bastard_RAW_01.3ds;TAK;TAK;TAK;PRAWDA
Wężowe ostrze;834,25;1328,52;FAŁSZ;Ostrze wykute z metalu, którego kształt i zdobienia przywodzą na myśl jadowitego węża.;ITEM_CAT_NF;ITEM_FLAG_SWD;Weapon;OneHanded;AdminWeaponOneHanded;weapons1h;FAŁSZ;ITMW_PATRON_EKSAGNEM;-;ITMW_GS_1H_24;3;4;Gamemaster;FAŁSZ;BRAK;BRAK;BRAK;BRAK;BRAK;BRAK;BRAK;DAMAGE_EDGE;80;100;82;28;BRAK;BRAK;BRAK;BRAK;FAŁSZ;BRAK;BRAK;BRAK;;Średni zestaw naprawczy do broni;375;FAŁSZ;5;5;BRAK;BRAK;1;BRAK;BRAK;BRAK;BRAK;BRAK;BRAK;BRAK;Kowal;Miecze;KM_ItMw_1h_Sword_12.3ds;TAK;TAK;TAK;PRAWDA
Kiepskie ostrze magiczne;914,25;1433,82;FAŁSZ;To jest magiczny, jednoręczny miecz. Wykonany przez kowala.;ITEM_CAT_NF;ITEM_FLAG_SWD;Weapon;OneHanded;AdminWeaponOneHanded;weapons1h;FAŁSZ;ITMW_1H_FIRM_SWORD_STR;-;ITMW_GS_1H_25;3;4;Gamemaster;FAŁSZ;BRAK;BRAK;BRAK;BRAK;BRAK;BRAK;BRAK;DAMAGE_EDGE;85;100;100;30;BRAK;BRAK;BRAK;BRAK;FAŁSZ;BRAK;BRAK;BRAK;;Średni zestaw naprawczy do broni;375;FAŁSZ;5;5;BRAK;BRAK;1;BRAK;BRAK;BRAK;BRAK;BRAK;BRAK;BRAK;Kowal;Miecze;ItMw_1H_SilverSword_02.3ds;TAK;TAK;TAK;PRAWDA
Betty;944,25;1474,12;FAŁSZ;Prosty miecz, prawdopodobnie wykuty z żelaza przez lokalnego kowala.;ITEM_CAT_NF;ITEM_FLAG_SWD;Weapon;OneHanded;AdminWeaponOneHanded;weapons1h;FAŁSZ;ITMW_ADDON_BETTY;-;ITMW_GS_1H_26;3;4;Gamemaster;FAŁSZ;BRAK;BRAK;BRAK;BRAK;BRAK;BRAK;BRAK;DAMAGE_EDGE;90;100;100;30;BRAK;BRAK;BRAK;BRAK;FAŁSZ;BRAK;BRAK;BRAK;;Średni zestaw naprawczy do broni;375;FAŁSZ;5;5;BRAK;BRAK;1;BRAK;BRAK;BRAK;BRAK;BRAK;BRAK;BRAK;Kowal;Miecze;ItMw_065_1h_sword_bastard_03.3ds;TAK;TAK;TAK;PRAWDA
Ostrze z Mora Sul;1107,58;1747,20;FAŁSZ;Ostrze to zostało wykute z najlepszej stali, zdolnej przebić najtwardszy pancerz.;ITEM_CAT_NF;ITEM_FLAG_SWD;Weapon;OneHanded;AdminWeaponOneHanded;weapons1h;FAŁSZ;ITMW_ORKSCHLAECHTER;-;ITMW_GS_1H_27;3;4;Gamemaster;FAŁSZ;BRAK;BRAK;BRAK;BRAK;BRAK;BRAK;BRAK;DAMAGE_EDGE;95;100;105;35;BRAK;BRAK;BRAK;BRAK;FAŁSZ;BRAK;BRAK;BRAK;;Średni zestaw naprawczy do broni;400;FAŁSZ;5;5;BRAK;BRAK;1;BRAK;BRAK;BRAK;BRAK;BRAK;BRAK;BRAK;Kowal;Miecze;ItMw_065_1h_sword_bastard_04.3ds;TAK;TAK;TAK;PRAWDA
Długi miecz krzyżowy;1220,92;1953,98;FAŁSZ;Dwuręczny miecz o długiej głowni i charakterystycznym krzyżowym jelcu, idealny do zadawania potężnych cięć i pchnięć.;ITEM_CAT_NF;ITEM_FLAG_SWD;Weapon;OneHanded;AdminWeaponOneHanded;weapons1h;FAŁSZ;ITMW_RUNENSCHWERT;-;ITMW_GS_1H_28;3;4;Gamemaster;FAŁSZ;BRAK;BRAK;BRAK;BRAK;BRAK;BRAK;BRAK;DAMAGE_EDGE;100;100;115;35;BRAK;BRAK;BRAK;BRAK;FAŁSZ;BRAK;BRAK;BRAK;;Średni zestaw naprawczy do broni;400;FAŁSZ;5;5;BRAK;BRAK;1;BRAK;BRAK;BRAK;BRAK;BRAK;BRAK;BRAK;Kowal;Miecze;ItMw_058_1h_Sword_Bastard_02.3ds;TAK;TAK;TAK;PRAWDA
Miecz rodowy de Clare 1;#N/D;#N/D;FAŁSZ;Miecz rodowy rodu który panuje nad Geldern.;ITEM_CAT_NF;ITEM_FLAG_SWD;Weapon;OneHanded;AdminWeaponOneHanded;weapons1h;FAŁSZ;ITMW_ORKSCHLAECHTER;-;ITMW_GS_1H_96;3;4;Gamemaster;FAŁSZ;BRAK;BRAK;BRAK;BRAK;BRAK;BRAK;BRAK;DAMAGE_EDGE;95;100;40;35;BRAK;BRAK;BRAK;BRAK;FAŁSZ;BRAK;BRAK;BRAK;;Średni zestaw naprawczy do broni;400;FAŁSZ;5;5;BRAK;BRAK;1;BRAK;BRAK;BRAK;BRAK;BRAK;BRAK;BRAK;;;;;;;FAŁSZ
Miecz rodowy de Clare 2;#N/D;#N/D;FAŁSZ;Miecz rodowy rodu który panuje nad Geldern.;ITEM_CAT_NF;ITEM_FLAG_SWD;Weapon;OneHanded;AdminWeaponOneHanded;weapons1h;FAŁSZ;ITMW_ORKSCHLAECHTER;-;ITMW_GS_1H_97;3;4;Gamemaster;FAŁSZ;BRAK;BRAK;BRAK;BRAK;BRAK;BRAK;BRAK;DAMAGE_EDGE;95;100;40;35;BRAK;BRAK;BRAK;BRAK;FAŁSZ;BRAK;BRAK;BRAK;;Średni zestaw naprawczy do broni;400;FAŁSZ;5;5;BRAK;BRAK;1;BRAK;BRAK;BRAK;BRAK;BRAK;BRAK;BRAK;;;;;;;FAŁSZ
Miecz rodowy de Clare 3;#N/D;#N/D;FAŁSZ;Miecz rodowy rodu który panuje nad Geldern.;ITEM_CAT_NF;ITEM_FLAG_SWD;Weapon;OneHanded;AdminWeaponOneHanded;weapons1h;FAŁSZ;ITMW_ORKSCHLAECHTER;-;ITMW_GS_1H_98;3;4;Gamemaster;FAŁSZ;BRAK;BRAK;BRAK;BRAK;BRAK;BRAK;BRAK;DAMAGE_EDGE;95;100;40;35;BRAK;BRAK;BRAK;BRAK;FAŁSZ;BRAK;BRAK;BRAK;;Średni zestaw naprawczy do broni;400;FAŁSZ;5;5;BRAK;BRAK;1;BRAK;BRAK;BRAK;BRAK;BRAK;BRAK;BRAK;;;;;;;FAŁSZ
Miecz rodowy de Clare 4;#N/D;#N/D;FAŁSZ;Miecz rodowy rodu który panuje nad Geldern.;ITEM_CAT_NF;ITEM_FLAG_SWD;Weapon;OneHanded;AdminWeaponOneHanded;weapons1h;FAŁSZ;ITMW_ORKSCHLAECHTER;-;ITMW_GS_1H_99;3;4;Gamemaster;FAŁSZ;BRAK;BRAK;BRAK;BRAK;BRAK;BRAK;BRAK;DAMAGE_EDGE;95;100;40;35;BRAK;BRAK;BRAK;BRAK;FAŁSZ;BRAK;BRAK;BRAK;;Średni zestaw naprawczy do broni;400;FAŁSZ;5;5;BRAK;BRAK;1;BRAK;BRAK;BRAK;BRAK;BRAK;BRAK;BRAK;;;;;;;FAŁSZ
Maczeta szaleńca;2003,42;3187,23;FAŁSZ;Narzędzie służące do karczowania lub walki, ostre i proste, często używane przez tych, którzy stracili rozsądek.;ITEM_CAT_NF;ITEM_FLAG_SWD;Weapon;OneHanded;AdminWeaponOneHanded;weapons1h;FAŁSZ;ITMW_ADDON_HACKER_1H_01;-;ITMW_GS_1H_29;3,5;5;Gamemaster;FAŁSZ;BRAK;BRAK;BRAK;BRAK;BRAK;BRAK;BRAK;DAMAGE_EDGE;110;110;120;40;BRAK;BRAK;BRAK;BRAK;FAŁSZ;BRAK;BRAK;BRAK;;Duży zestaw naprawczy do broni;400;FAŁSZ;5;5;BRAK;BRAK;2;BRAK;BRAK;BRAK;BRAK;BRAK;BRAK;BRAK;Kowal;Miecze;ItMw_1H_Machete_02.3ds;TAK;TAK;TAK;PRAWDA
Turkusowiec;2455,08;4103,49;FAŁSZ;Turkusowy - tylko baba odróżni;ITEM_CAT_NF;ITEM_FLAG_SWD;Weapon;OneHanded;AdminWeaponOneHanded;weapons1h;FAŁSZ;ITMW_1HSTR_SWORDADDITIONAL_03;-;ITMW_GS_1H_30;3,5;5;Gamemaster;FAŁSZ;BRAK;BRAK;BRAK;BRAK;BRAK;BRAK;BRAK;DAMAGE_EDGE;120;110;140;40;BRAK;BRAK;BRAK;BRAK;FAŁSZ;BRAK;BRAK;BRAK;;Duży zestaw naprawczy do broni;425;FAŁSZ;5;5;BRAK;BRAK;2;BRAK;BRAK;BRAK;BRAK;BRAK;BRAK;BRAK;Kowal;Miecze;KM_ItMw_Kedart_1h_Sword_01.3ds;TAK;TAK;TAK;PRAWDA
Miecz zakonnika;2846,25;4903,44;FAŁSZ;Prosta, solidna broń, którą adepci i nowicjusze używają podczas ćwiczeń i obrony. Wykuta ze zwykłej stali.;ITEM_CAT_NF;ITEM_FLAG_SWD;Weapon;OneHanded;AdminWeaponOneHanded;weapons1h;FAŁSZ;ITMW_1H_LUTZ_SWORD;-;ITMW_GS_1H_31;3,5;5;Gamemaster;FAŁSZ;BRAK;BRAK;BRAK;BRAK;BRAK;BRAK;BRAK;DAMAGE_EDGE;125;110;145;45;BRAK;BRAK;BRAK;BRAK;FAŁSZ;BRAK;BRAK;BRAK;;Duży zestaw naprawczy do broni;450;FAŁSZ;5;5;BRAK;BRAK;2;BRAK;BRAK;BRAK;BRAK;BRAK;BRAK;BRAK;Kowal;Miecze;KM_ItMw_1h_Sword_08.3ds;TAK;TAK;TAK;PRAWDA
Laga;15,10;15,10;FAŁSZ;Kawałek drewna, wystarczająco długi, by służyć jako prowizoryczna broń.;ITEM_CAT_NF;ITEM_FLAG_OBUCH;Weapon;OneHanded;AdminWeaponOneHanded;weapons1h;FAŁSZ;ITMW_1H_BAU_MACE;-;ITMW_GS_1H_32;2;0;Gamemaster;FAŁSZ;BRAK;BRAK;BRAK;BRAK;BRAK;BRAK;BRAK;DAMAGE_BLUNT;5;45;3;0;BRAK;BRAK;BRAK;BRAK;FAŁSZ;BRAK;BRAK;BRAK;;Gałąź;100;PRAWDA;5;5;BRAK;BRAK;0,5;BRAK;BRAK;BRAK;BRAK;BRAK;BRAK;BRAK;Drwal;Obuchy;ItMw_010_1h_Club_01.3ds;TAK;TAK;TAK;PRAWDA
Laska;21,00;24,95;FAŁSZ;Prosty, drewniany kij, używany głównie do podpierania.;ITEM_CAT_NF;ITEM_FLAG_OBUCH;Weapon;OneHanded;AdminWeaponOneHanded;weapons1h;FAŁSZ;ITMW_1H_VLK_MACE;-;ITMW_GS_1H_33;2;0;Gamemaster;FAŁSZ;BRAK;BRAK;BRAK;BRAK;BRAK;BRAK;BRAK;DAMAGE_BLUNT;5;50;4;2;BRAK;BRAK;BRAK;BRAK;FAŁSZ;BRAK;BRAK;BRAK;;Gałąź;250;PRAWDA;5;5;BRAK;BRAK;0,5;BRAK;BRAK;BRAK;BRAK;BRAK;BRAK;BRAK;Kowal;Obuchy;Itmw_008_1h_pole_01.3ds;TAK;TAK;TAK;PRAWDA
Maczuga z kolcami;24,27;29,00;FAŁSZ;Prosta, drewniana maczuga, której siłę uderzenia zwiększono poprzez nabicie na nią żelaznych kolców.;ITEM_CAT_NF;ITEM_FLAG_OBUCH;Weapon;OneHanded;AdminWeaponOneHanded;weapons1h;FAŁSZ;ITMW_NAGELKNUEPPEL;-;ITMW_GS_1H_34;2;0;Gamemaster;FAŁSZ;BRAK;BRAK;BRAK;BRAK;BRAK;BRAK;BRAK;DAMAGE_BLUNT;10;45;5;1;BRAK;BRAK;BRAK;BRAK;FAŁSZ;BRAK;BRAK;BRAK;;Gałąź;125;PRAWDA;5;5;BRAK;BRAK;0,5;BRAK;BRAK;BRAK;BRAK;BRAK;BRAK;BRAK;Kowal;Obuchy;ItMw_012_1h_Nailmace_01.3ds;TAK;TAK;TAK;FAŁSZ
Drewniana buława;26,70;31,38;FAŁSZ;Prosta, solidna buława wykonana z jednego kawałka drewna.;ITEM_CAT_NF;ITEM_FLAG_OBUCH;Weapon;OneHanded;AdminWeaponOneHanded;weapons1h;FAŁSZ;ITMW_PATRON_MACE;-;ITMW_GS_1H_35;2;0;Gamemaster;FAŁSZ;BRAK;BRAK;BRAK;BRAK;BRAK;BRAK;BRAK;DAMAGE_BLUNT;10;45;8;2;BRAK;BRAK;BRAK;BRAK;FAŁSZ;BRAK;BRAK;BRAK;;Gałąź;150;PRAWDA;5;5;BRAK;BRAK;0,5;BRAK;BRAK;BRAK;BRAK;BRAK;BRAK;BRAK;Kowal;Obuchy;KM_ItMw_1h_Mace_01.3ds;TAK;TAK;TAK;FAŁSZ
Laska rodowa de Clare 1;#N/D;#N/D;FAŁSZ;Laska rodowa rodu rządzącego Geldern.;ITEM_CAT_NF;ITEM_FLAG_STAFF_1H;Weapon;OneHanded;AdminWeaponOneHanded;weapons1h;FAŁSZ;ITMW_1H_BAU_MACE;-;ITMW_GS_STAFF_1H_01;2;0;Gamemaster;FAŁSZ;BRAK;BRAK;BRAK;BRAK;BRAK;BRAK;BRAK;DAMAGE_BLUNT;30;90;0;0;BRAK;BRAK;BRAK;BRAK;FAŁSZ;BRAK;BRAK;BRAK;;Gałąź;100;FAŁSZ;5;5;BRAK;BRAK;0,5;BRAK;BRAK;BRAK;BRAK;BRAK;BRAK;BRAK;;;;;;;FAŁSZ
Laska rodowa de Clare 2;#N/D;#N/D;FAŁSZ;Laska rodowa rodu rządzącego Geldern.;ITEM_CAT_NF;ITEM_FLAG_STAFF_1H;Weapon;OneHanded;AdminWeaponOneHanded;weapons1h;FAŁSZ;ITMW_1H_BAU_MACE;-;ITMW_GS_STAFF_1H_02;2;0;Gamemaster;FAŁSZ;BRAK;BRAK;BRAK;BRAK;BRAK;BRAK;BRAK;DAMAGE_BLUNT;30;90;0;0;BRAK;BRAK;BRAK;BRAK;FAŁSZ;BRAK;BRAK;BRAK;;Gałąź;100;FAŁSZ;5;5;BRAK;BRAK;0,5;BRAK;BRAK;BRAK;BRAK;BRAK;BRAK;BRAK;;;;;;;FAŁSZ
Laska rodowa de Clare 3;#N/D;#N/D;FAŁSZ;Laska rodowa rodu rządzącego Geldern.;ITEM_CAT_NF;ITEM_FLAG_STAFF_1H;Weapon;OneHanded;AdminWeaponOneHanded;weapons1h;FAŁSZ;ITMW_1H_BAU_MACE;-;ITMW_GS_STAFF_1H_03;2;0;Gamemaster;FAŁSZ;BRAK;BRAK;BRAK;BRAK;BRAK;BRAK;BRAK;DAMAGE_BLUNT;30;90;0;0;BRAK;BRAK;BRAK;BRAK;FAŁSZ;BRAK;BRAK;BRAK;;Gałąź;100;FAŁSZ;5;5;BRAK;BRAK;0,5;BRAK;BRAK;BRAK;BRAK;BRAK;BRAK;BRAK;;;;;;;FAŁSZ
Laska rodowa de Clare 4;#N/D;#N/D;FAŁSZ;Laska rodowa rodu rządzącego Geldern.;ITEM_CAT_NF;ITEM_FLAG_STAFF_1H;Weapon;OneHanded;AdminWeaponOneHanded;weapons1h;FAŁSZ;ITMW_1H_BAU_MACE;-;ITMW_GS_STAFF_1H_04;2;0;Gamemaster;FAŁSZ;BRAK;BRAK;BRAK;BRAK;BRAK;BRAK;BRAK;DAMAGE_BLUNT;30;90;0;0;BRAK;BRAK;BRAK;BRAK;FAŁSZ;BRAK;BRAK;BRAK;;Gałąź;100;FAŁSZ;5;5;BRAK;BRAK;0,5;BRAK;BRAK;BRAK;BRAK;BRAK;BRAK;BRAK;;;;;;;FAŁSZ
Laska rodowa de Clare 5;#N/D;#N/D;FAŁSZ;Laska rodowa rodu rządzącego Geldern.;ITEM_CAT_NF;ITEM_FLAG_STAFF_1H;Weapon;OneHanded;AdminWeaponOneHanded;weapons1h;FAŁSZ;ITMW_1H_BAU_MACE;-;ITMW_GS_STAFF_1H_05;2;0;Gamemaster;FAŁSZ;BRAK;BRAK;BRAK;BRAK;BRAK;BRAK;BRAK;DAMAGE_BLUNT;30;90;0;0;BRAK;BRAK;BRAK;BRAK;FAŁSZ;BRAK;BRAK;BRAK;;Gałąź;100;FAŁSZ;5;5;BRAK;BRAK;0,5;BRAK;BRAK;BRAK;BRAK;BRAK;BRAK;BRAK;;;;;;;FAŁSZ
Laska rodowa de Clare 6;#N/D;#N/D;FAŁSZ;Laska rodowa rodu rządzącego Geldern.;ITEM_CAT_NF;ITEM_FLAG_STAFF_1H;Weapon;OneHanded;AdminWeaponOneHanded;weapons1h;FAŁSZ;ITMW_1H_BAU_MACE;-;ITMW_GS_STAFF_1H_06;2;0;Gamemaster;FAŁSZ;BRAK;BRAK;BRAK;BRAK;BRAK;BRAK;BRAK;DAMAGE_BLUNT;30;90;0;0;BRAK;BRAK;BRAK;BRAK;FAŁSZ;BRAK;BRAK;BRAK;;Gałąź;100;FAŁSZ;5;5;BRAK;BRAK;0,5;BRAK;BRAK;BRAK;BRAK;BRAK;BRAK;BRAK;;;;;;;FAŁSZ
Laska rodowa de Clare 7;#N/D;#N/D;FAŁSZ;Laska rodowa rodu rządzącego Geldern.;ITEM_CAT_NF;ITEM_FLAG_STAFF_1H;Weapon;OneHanded;AdminWeaponOneHanded;weapons1h;FAŁSZ;ITMW_1H_BAU_MACE;-;ITMW_GS_STAFF_1H_07;2;0;Gamemaster;FAŁSZ;BRAK;BRAK;BRAK;BRAK;BRAK;BRAK;BRAK;DAMAGE_BLUNT;30;90;0;0;BRAK;BRAK;BRAK;BRAK;FAŁSZ;BRAK;BRAK;BRAK;;Gałąź;100;FAŁSZ;5;5;BRAK;BRAK;0,5;BRAK;BRAK;BRAK;BRAK;BRAK;BRAK;BRAK;;;;;;;FAŁSZ
Laska rodowa de Clare 8;#N/D;#N/D;FAŁSZ;Laska rodowa rodu rządzącego Geldern.;ITEM_CAT_NF;ITEM_FLAG_STAFF_1H;Weapon;OneHanded;AdminWeaponOneHanded;weapons1h;FAŁSZ;ITMW_1H_BAU_MACE;-;ITMW_GS_STAFF_1H_08;2;0;Gamemaster;FAŁSZ;BRAK;BRAK;BRAK;BRAK;BRAK;BRAK;BRAK;DAMAGE_BLUNT;30;90;0;0;BRAK;BRAK;BRAK;BRAK;FAŁSZ;BRAK;BRAK;BRAK;;Gałąź;100;FAŁSZ;5;5;BRAK;BRAK;0,5;BRAK;BRAK;BRAK;BRAK;BRAK;BRAK;BRAK;;;;;;;FAŁSZ
Laska rodowa de Clare 9;#N/D;#N/D;FAŁSZ;Laska rodowa rodu rządzącego Geldern.;ITEM_CAT_NF;ITEM_FLAG_STAFF_1H;Weapon;OneHanded;AdminWeaponOneHanded;weapons1h;FAŁSZ;ITMW_1H_BAU_MACE;-;ITMW_GS_STAFF_1H_09;2;0;Gamemaster;FAŁSZ;BRAK;BRAK;BRAK;BRAK;BRAK;BRAK;BRAK;DAMAGE_BLUNT;30;90;0;0;BRAK;BRAK;BRAK;BRAK;FAŁSZ;BRAK;BRAK;BRAK;;Gałąź;100;FAŁSZ;5;5;BRAK;BRAK;0,5;BRAK;BRAK;BRAK;BRAK;BRAK;BRAK;BRAK;;;;;;;FAŁSZ
Pałka;46,60;58,34;FAŁSZ;Kawałek drewna, którym można okładać przeciwników.;ITEM_CAT_NF;ITEM_FLAG_OBUCH;Weapon;OneHanded;AdminWeaponOneHanded;weapons1h;FAŁSZ;ITMW_1H_MACE_L_03;-;ITMW_GS_1H_36;2;1;Gamemaster;FAŁSZ;BRAK;BRAK;BRAK;BRAK;BRAK;BRAK;BRAK;DAMAGE_BLUNT;20;45;12;4;BRAK;BRAK;BRAK;BRAK;FAŁSZ;BRAK;BRAK;BRAK;;Mały zestaw naprawczy do broni;275;PRAWDA;5;5;BRAK;BRAK;0,5;BRAK;BRAK;BRAK;BRAK;BRAK;BRAK;BRAK;Kowal;Obuchy;ItMw_008_1h_mace_light_01.3ds;TAK;TAK;TAK;PRAWDA
Twarda laga;59,10;76,22;FAŁSZ;Kawałek wytrzymałego, suszonego drewna. Idealny do podtrzymania ognia lub jako improwizowana broń.;ITEM_CAT_NF;ITEM_FLAG_OBUCH;Weapon;OneHanded;AdminWeaponOneHanded;weapons1h;FAŁSZ;ITMW_1H_CULUS_MACE;-;ITMW_GS_1H_37;2;1;Gamemaster;FAŁSZ;BRAK;BRAK;BRAK;BRAK;BRAK;BRAK;BRAK;DAMAGE_BLUNT;25;45;15;5;BRAK;BRAK;BRAK;BRAK;FAŁSZ;BRAK;BRAK;BRAK;;Mały zestaw naprawczy do broni;300;PRAWDA;5;5;BRAK;BRAK;0,5;BRAK;BRAK;BRAK;BRAK;BRAK;BRAK;BRAK;Kowal;Obuchy;KM_ItMw_010_1H_Club_02.3ds;TAK;TAK;TAK;PRAWDA
Pałka z kolcami;93,97;126,67;FAŁSZ;Drewniana pałka wzmocniona metalowymi kolcami, przeznaczona do zadawania dotkliwych obrażeń.;ITEM_CAT_NF;ITEM_FLAG_OBUCH;Weapon;OneHanded;AdminWeaponOneHanded;weapons1h;FAŁSZ;ITMW_NAGELKEULE;-;ITMW_GS_1H_38;2;1;Gamemaster;FAŁSZ;BRAK;BRAK;BRAK;BRAK;BRAK;BRAK;BRAK;DAMAGE_BLUNT;30;45;24;6;BRAK;BRAK;BRAK;BRAK;FAŁSZ;BRAK;BRAK;BRAK;;Mały zestaw naprawczy do broni;300;PRAWDA;5;5;BRAK;BRAK;0,5;BRAK;BRAK;BRAK;BRAK;BRAK;BRAK;BRAK;Kowal;Obuchy;ItMw_018_1h_Mace_01.3ds;TAK;TAK;TAK;PRAWDA
Stalowa maczuga;141,82;193,91;FAŁSZ;Ciężka i niezawodna, stworzona do zadawania miażdżących uderzeń;ITEM_CAT_NF;ITEM_FLAG_OBUCH;Weapon;OneHanded;AdminWeaponOneHanded;weapons1h;FAŁSZ;ITMW_1H_MACE_04_GENERATE;-;ITMW_GS_1H_39;2,5;2;Gamemaster;FAŁSZ;BRAK;BRAK;BRAK;BRAK;BRAK;BRAK;BRAK;DAMAGE_BLUNT;35;65;32;8;BRAK;BRAK;BRAK;BRAK;FAŁSZ;BRAK;BRAK;BRAK;;Mały zestaw naprawczy do broni;325;PRAWDA;5;5;BRAK;BRAK;0,5;BRAK;BRAK;BRAK;BRAK;BRAK;BRAK;BRAK;Kowal;Obuchy;KM_ItMw_1h_Mace_04.3ds;TAK;TAK;TAK;PRAWDA
Rozbijacz czerepów;143,32;195,98;FAŁSZ;Brutalna broń, której nazwa mówi wszystko - nie daje szans przeciwnikowi.;ITEM_CAT_NF;ITEM_FLAG_OBUCH;Weapon;OneHanded;AdminWeaponOneHanded;weapons1h;FAŁSZ;ITMW_SPICKER;-;ITMW_GS_1H_40;2,5;2;Gamemaster;FAŁSZ;BRAK;BRAK;BRAK;BRAK;BRAK;BRAK;BRAK;DAMAGE_BLUNT;35;65;32;8;BRAK;BRAK;BRAK;BRAK;FAŁSZ;BRAK;BRAK;BRAK;;Mały zestaw naprawczy do broni;325;PRAWDA;5;5;BRAK;BRAK;0,5;BRAK;BRAK;BRAK;BRAK;BRAK;BRAK;BRAK;Kowal;Obuchy;ItMw_035_1h_mace_03.3ds;TAK;TAK;TAK;PRAWDA
Obijacz;179,58;251,62;FAŁSZ;Poręczna i skuteczna broń, idealna do szybkich i mocnych ciosów;ITEM_CAT_NF;ITEM_FLAG_OBUCH;Weapon;OneHanded;AdminWeaponOneHanded;weapons1h;FAŁSZ;ITMW_PATRON_MACE_B;-;ITMW_GS_1H_41;2,5;2;Gamemaster;FAŁSZ;BRAK;BRAK;BRAK;BRAK;BRAK;BRAK;BRAK;DAMAGE_BLUNT;40;65;35;9;BRAK;BRAK;BRAK;BRAK;FAŁSZ;BRAK;BRAK;BRAK;;Mały zestaw naprawczy do broni;325;PRAWDA;5;5;BRAK;BRAK;0,5;BRAK;BRAK;BRAK;BRAK;BRAK;BRAK;BRAK;Kowal;Obuchy;KM_ItMw_1h_Mace_01.3ds;TAK;TAK;TAK;PRAWDA
Cierń;221,08;306,73;FAŁSZ;Wyposażona w ostre wypustki, rani przy każdym uderzeniu.;ITEM_CAT_NF;ITEM_FLAG_OBUCH;Weapon;OneHanded;AdminWeaponOneHanded;weapons1h;FAŁSZ;ITMW_KRIEGSKEULE;-;ITMW_GS_1H_42;2,5;2;Gamemaster;FAŁSZ;BRAK;BRAK;BRAK;BRAK;BRAK;BRAK;BRAK;DAMAGE_BLUNT;45;65;38;10;BRAK;BRAK;BRAK;BRAK;FAŁSZ;BRAK;BRAK;BRAK;;Mały zestaw naprawczy do broni;325;PRAWDA;5;5;BRAK;BRAK;0,5;BRAK;BRAK;BRAK;BRAK;BRAK;BRAK;BRAK;Kowal;Obuchy;ItMw_022_1h_mace_war_01.3ds;TAK;TAK;TAK;PRAWDA
Oskard;256,68;352,77;FAŁSZ;Solidne narzędzie do walki i pracy, potrafi przebić nawet pancerz.;ITEM_CAT_NF;ITEM_FLAG_OBUCH;Weapon;OneHanded;AdminWeaponOneHanded;weapons1h;FAŁSZ;ITMW_STEINBRECHER;-;ITMW_GS_1H_43;2,5;2;Gamemaster;FAŁSZ;BRAK;BRAK;BRAK;BRAK;BRAK;BRAK;BRAK;DAMAGE_BLUNT;50;65;45;11;BRAK;BRAK;BRAK;BRAK;FAŁSZ;BRAK;BRAK;BRAK;;Mały zestaw naprawczy do broni;325;PRAWDA;5;5;BRAK;BRAK;0,5;BRAK;BRAK;BRAK;BRAK;BRAK;BRAK;BRAK;Kowal;Obuchy;ItMw_035_1h_mace_war_02.3ds;TAK;TAK;TAK;PRAWDA
Piernacz;308,85;424,44;FAŁSZ;Ciężki i masywny, idealny do miażdżenia wszelkich przeszkód na drodze.;ITEM_CAT_NF;ITEM_FLAG_OBUCH;Weapon;OneHanded;AdminWeaponOneHanded;weapons1h;FAŁSZ;ITMW_1H_DEX_BLUNT_04;-;ITMW_GS_1H_44;2,5;2;Gamemaster;FAŁSZ;BRAK;BRAK;BRAK;BRAK;BRAK;BRAK;BRAK;DAMAGE_BLUNT;55;65;48;12;BRAK;BRAK;BRAK;BRAK;FAŁSZ;BRAK;BRAK;BRAK;;Mały zestaw naprawczy do broni;350;PRAWDA;5;5;BRAK;BRAK;0,5;BRAK;BRAK;BRAK;BRAK;BRAK;BRAK;BRAK;Kowal;Obuchy;KM_1h_blunt_dex_04.3ds;TAK;TAK;TAK;PRAWDA
Morgensztern;433,82;676,33;FAŁSZ;Drewniany trzonek zakończony metalowym okuciem z licznymi, szpiczastymi ćwiekami.;ITEM_CAT_NF;ITEM_FLAG_OBUCH;Weapon;OneHanded;AdminWeaponOneHanded;weapons1h;FAŁSZ;ITMW_MORGENSTERN;-;ITMW_GS_1H_45;3;3;Gamemaster;FAŁSZ;BRAK;BRAK;BRAK;BRAK;BRAK;BRAK;BRAK;DAMAGE_BLUNT;60;85;55;15;BRAK;BRAK;BRAK;BRAK;FAŁSZ;BRAK;BRAK;BRAK;;Średni zestaw naprawczy do broni;350;PRAWDA;5;5;BRAK;BRAK;1;BRAK;BRAK;BRAK;BRAK;BRAK;BRAK;BRAK;Kowal;Obuchy;ItMW_045_1h_mace_04.3ds;TAK;TAK;TAK;PRAWDA
Kruczy dziób;557,88;879,46;FAŁSZ;Dawniej stanowił symbol władzy u starszyzny.;ITEM_CAT_NF;ITEM_FLAG_OBUCH;Weapon;OneHanded;AdminWeaponOneHanded;weapons1h;FAŁSZ;ITMW_RABENSCHNABEL;-;ITMW_GS_1H_46;3;3;Gamemaster;FAŁSZ;BRAK;BRAK;BRAK;BRAK;BRAK;BRAK;BRAK;DAMAGE_BLUNT;65;85;60;16;BRAK;BRAK;BRAK;BRAK;FAŁSZ;BRAK;BRAK;BRAK;;Średni zestaw naprawczy do broni;350;PRAWDA;5;5;BRAK;BRAK;1;BRAK;BRAK;BRAK;BRAK;BRAK;BRAK;BRAK;Kowal;Obuchy;ItMw_058_1h_warhammer_02.3ds;TAK;TAK;TAK;PRAWDA
Ciężki młot;619,22;974,98;FAŁSZ;Prosty ale działa.;ITEM_CAT_NF;ITEM_FLAG_OBUCH;Weapon;OneHanded;AdminWeaponOneHanded;weapons1h;FAŁSZ;ITMW_KRIEGSHAMMER1;-;ITMW_GS_1H_47;3;3;Gamemaster;FAŁSZ;BRAK;BRAK;BRAK;BRAK;BRAK;BRAK;BRAK;DAMAGE_BLUNT;75;85;70;20;BRAK;BRAK;BRAK;BRAK;FAŁSZ;BRAK;BRAK;BRAK;;Średni zestaw naprawczy do broni;350;PRAWDA;5;5;BRAK;BRAK;1;BRAK;BRAK;BRAK;BRAK;BRAK;BRAK;BRAK;Kowal;Obuchy;ItMw_028_1h_warhammer_01.3ds;TAK;TAK;TAK;PRAWDA
Inkwizytor;744,12;1170,26;FAŁSZ;Nikt nie spodziewał się Myrtańskiej inkwizycji.;ITEM_CAT_NF;ITEM_FLAG_OBUCH;Weapon;OneHanded;AdminWeaponOneHanded;weapons1h;FAŁSZ;ITMW_INQUISITOR;-;ITMW_GS_1H_48;3;3;Gamemaster;FAŁSZ;BRAK;BRAK;BRAK;BRAK;BRAK;BRAK;BRAK;DAMAGE_BLUNT;80;85;76;24;BRAK;BRAK;BRAK;BRAK;FAŁSZ;BRAK;BRAK;BRAK;;Średni zestaw naprawczy do broni;350;PRAWDA;5;5;BRAK;BRAK;1;BRAK;BRAK;BRAK;BRAK;BRAK;BRAK;BRAK;Kowal;Obuchy;ItMw_060_1h_mace_war_04.3ds;TAK;TAK;TAK;PRAWDA
Masywny morgensztern;920,78;1370,97;FAŁSZ;Duża, obustronnie uzbrojona kula najeżona kolcami, osadzona na długim drzewcu. Idealna do zadawania miażdżących obrażeń.;ITEM_CAT_NF;ITEM_FLAG_OBUCH;Weapon;OneHanded;AdminWeaponOneHanded;weapons1h;FAŁSZ;ITMW_PATRON_SUBLI;-;ITMW_GS_1H_49;3,5;4;Gamemaster;FAŁSZ;BRAK;BRAK;BRAK;BRAK;BRAK;BRAK;BRAK;DAMAGE_BLUNT;85;95;85;25;BRAK;BRAK;BRAK;BRAK;FAŁSZ;BRAK;BRAK;BRAK;;Średni zestaw naprawczy do broni;375;FAŁSZ;5;5;BRAK;BRAK;1;BRAK;BRAK;BRAK;BRAK;BRAK;BRAK;BRAK;Kowal;Obuchy;KM_1h_blunt_dex_01.3ds;TAK;TAK;TAK;PRAWDA
Fawor;1138,05;1696,51;FAŁSZ;Ni to pałka ni to miecz...;ITEM_CAT_NF;ITEM_FLAG_OBUCH;Weapon;OneHanded;AdminWeaponOneHanded;weapons1h;FAŁSZ;ITMW_1H_DEX_BLUNT_05;-;ITMW_GS_1H_50;3,5;4;Gamemaster;FAŁSZ;BRAK;BRAK;BRAK;BRAK;BRAK;BRAK;BRAK;DAMAGE_BLUNT;95;95;100;30;BRAK;BRAK;BRAK;BRAK;FAŁSZ;BRAK;BRAK;BRAK;;Średni zestaw naprawczy do broni;400;FAŁSZ;5;5;BRAK;BRAK;1;BRAK;BRAK;BRAK;BRAK;BRAK;BRAK;BRAK;Kowal;Obuchy;KM_1h_blunt_dex_05.3ds;TAK;TAK;TAK;PRAWDA
Młot wojenny;1314,52;1952,24;FAŁSZ;Potężna broń obuchowa używana do miażdżenia pancerzy i kości. Zwykle ma masywną, metalową głowicę osadzoną na solidnym drzewcu.;ITEM_CAT_NF;ITEM_FLAG_OBUCH;Weapon;OneHanded;AdminWeaponOneHanded;weapons1h;FAŁSZ;ITMW_KRIEGSHAMMER2;-;ITMW_GS_1H_51;3,5;4;Gamemaster;FAŁSZ;BRAK;BRAK;BRAK;BRAK;BRAK;BRAK;BRAK;DAMAGE_BLUNT;105;95;115;35;BRAK;BRAK;BRAK;BRAK;FAŁSZ;BRAK;BRAK;BRAK;;Średni zestaw naprawczy do broni;400;FAŁSZ;5;5;BRAK;BRAK;1;BRAK;BRAK;BRAK;BRAK;BRAK;BRAK;BRAK;Kowal;Obuchy;ItMw_065_1h_warhammer_03.3ds;TAK;TAK;TAK;PRAWDA
Pacyfikator;2244,48;3496,06;FAŁSZ;Ciekawe kto, a raczej co zostanie po spacyfikowanym;ITEM_CAT_NF;ITEM_FLAG_OBUCH;Weapon;OneHanded;AdminWeaponOneHanded;weapons1h;FAŁSZ;ITMW_1H_MACE_02;-;ITMW_GS_1H_52;4;5;Gamemaster;FAŁSZ;BRAK;BRAK;BRAK;BRAK;BRAK;BRAK;BRAK;DAMAGE_BLUNT;120;105;130;40;BRAK;BRAK;BRAK;BRAK;FAŁSZ;BRAK;BRAK;BRAK;;Duży zestaw naprawczy do broni;450;FAŁSZ;5;5;BRAK;BRAK;2;BRAK;BRAK;BRAK;BRAK;BRAK;BRAK;BRAK;Kowal;Obuchy;KM_ItMw_1h_Mace_02.3ds;TAK;TAK;TAK;PRAWDA
Chłód zimy;2900,42;4641,38;FAŁSZ;Niby chłód a zrobiona w ogniu.;ITEM_CAT_NF;ITEM_FLAG_OBUCH;Weapon;OneHanded;AdminWeaponOneHanded;weapons1h;FAŁSZ;ITMW_1H_DEX_BLUNT_02;-;ITMW_GS_1H_53;4;5;Gamemaster;FAŁSZ;BRAK;BRAK;BRAK;BRAK;BRAK;BRAK;BRAK;DAMAGE_BLUNT;130;105;150;40;BRAK;BRAK;BRAK;BRAK;FAŁSZ;BRAK;BRAK;BRAK;;Duży zestaw naprawczy do broni;450;FAŁSZ;5;5;BRAK;BRAK;2;BRAK;BRAK;BRAK;BRAK;BRAK;BRAK;BRAK;Kowal;Obuchy;KM_1h_blunt_dex_02.3ds;TAK;TAK;TAK;PRAWDA
Pogrzebacz;19,00;22,75;FAŁSZ;Narzędzie wykonane z metalowego pręta, służące do rozgarniania żaru w palenisku.;ITEM_CAT_NF;ITEM_FLAG_SWD;Weapon;OneHanded;AdminWeaponOneHanded;weapons1h;FAŁSZ;ITMW_1H_MACE_L_01;-;ITMW_GS_1H_54;1;0;Gamemaster;FAŁSZ;BRAK;BRAK;BRAK;BRAK;BRAK;BRAK;BRAK;DAMAGE_EDGE;5;50;0;3;BRAK;BRAK;BRAK;BRAK;FAŁSZ;BRAK;BRAK;BRAK;;Gałąź;250;PRAWDA;5;5;BRAK;BRAK;0,5;BRAK;BRAK;BRAK;BRAK;BRAK;BRAK;BRAK;Kowal;Inne;Itmw_005_1h_poker_01.3ds;TAK;TAK;TAK;PRAWDA
Sierp;48,40;61,85;FAŁSZ;Zakrzywione ostrze ze stali osadzone na drewnianym trzonku, tradycyjne narzędzie do ścinania zbóż i traw.;ITEM_CAT_NF;ITEM_FLAG_SWD;Weapon;OneHanded;AdminWeaponOneHanded;weapons1h;FAŁSZ;ITMW_1H_BAU_AXE;-;ITMW_GS_1H_55;1;1;Gamemaster;FAŁSZ;BRAK;BRAK;BRAK;BRAK;BRAK;BRAK;BRAK;DAMAGE_EDGE;10;50;1;5;BRAK;BRAK;BRAK;BRAK;FAŁSZ;BRAK;BRAK;BRAK;;Mały zestaw naprawczy do broni;100;PRAWDA;5;5;BRAK;BRAK;0,5;BRAK;BRAK;BRAK;BRAK;BRAK;BRAK;BRAK;Kowal;Inne;Itmw_007_1h_sickle_01.3ds;TAK;TAK;TAK;PRAWDA
Mała kosa;61,20;77,49;FAŁSZ;Niewielkie, ale ostre narzędzie, idealne do szybkich i precyzyjnych cięć. Ostrze wykonane z prostej, ale wytrzymałej stali.;ITEM_CAT_NF;ITEM_FLAG_SWD;Weapon;OneHanded;AdminWeaponOneHanded;weapons1h;FAŁSZ;ITMW_SENSE;-;ITMW_GS_1H_56;1;1;Gamemaster;FAŁSZ;BRAK;BRAK;BRAK;BRAK;BRAK;BRAK;BRAK;DAMAGE_EDGE;15;50;4;12;BRAK;BRAK;BRAK;BRAK;FAŁSZ;BRAK;BRAK;BRAK;;Mały zestaw naprawczy do broni;275;PRAWDA;5;5;BRAK;BRAK;0,5;BRAK;BRAK;BRAK;BRAK;BRAK;BRAK;BRAK;Kowal;Inne;ItMw_012_1h_Scythe_01.3ds;TAK;TAK;TAK;PRAWDA
Siekierka;61,20;77,49;FAŁSZ;Małe, poręczne ostrze, osadzone na krótkim, drewnianym trzonku.;ITEM_CAT_NF;ITEM_FLAG_AXE;Weapon;OneHanded;AdminWeaponOneHanded;weapons1h;FAŁSZ;ITMW_1H_VLK_AXE;-;ITMW_GS_1H_57;2;1;Gamemaster;FAŁSZ;BRAK;BRAK;BRAK;BRAK;BRAK;BRAK;BRAK;DAMAGE_EDGE;15;50;12;4;BRAK;BRAK;BRAK;BRAK;FAŁSZ;BRAK;BRAK;BRAK;;Mały zestaw naprawczy do broni;275;PRAWDA;5;5;BRAK;BRAK;0,5;BRAK;BRAK;BRAK;BRAK;BRAK;BRAK;BRAK;Kowal;Topory;Itmw_010_1h_vlk_hatchet_01.3ds;TAK;TAK;TAK;PRAWDA
Pałasz;116,55;149,84;FAŁSZ;Ciężki, prosty miecz z szeroką głownią.;ITEM_CAT_NF;ITEM_FLAG_SWD;Weapon;OneHanded;AdminWeaponOneHanded;weapons1h;FAŁSZ;ITMW_1H_VLK_SWORD;-;ITMW_GS_1H_58;1;1;Gamemaster;FAŁSZ;BRAK;BRAK;BRAK;BRAK;BRAK;BRAK;BRAK;DAMAGE_EDGE;20;50;5;15;BRAK;BRAK;BRAK;BRAK;FAŁSZ;BRAK;BRAK;BRAK;;Mały zestaw naprawczy do broni;300;PRAWDA;5;5;BRAK;BRAK;0,5;BRAK;BRAK;BRAK;BRAK;BRAK;BRAK;BRAK;Kowal;Rapiery;ItMw_018_1h_SwordCane_01.3ds;TAK;TAK;TAK;PRAWDA
Toporek portowca;116,55;149,84;FAŁSZ;Niewielki topór używany przez portowców do rozłupywania drewna lub obrony. Wykonany z solidnego drewna i kawałka stali.;ITEM_CAT_NF;ITEM_FLAG_AXE;Weapon;OneHanded;AdminWeaponOneHanded;weapons1h;FAŁSZ;ITMW_ADDON_PIR1HAXE;-;ITMW_GS_1H_59;2;1;Gamemaster;FAŁSZ;BRAK;BRAK;BRAK;BRAK;BRAK;BRAK;BRAK;DAMAGE_EDGE;25;50;24;6;BRAK;BRAK;BRAK;BRAK;FAŁSZ;BRAK;BRAK;BRAK;;Mały zestaw naprawczy do broni;300;PRAWDA;5;5;BRAK;BRAK;0,5;BRAK;BRAK;BRAK;BRAK;BRAK;BRAK;BRAK;Kowal;Topory;ItMw_030_1h_axe_01.3ds;TAK;TAK;TAK;PRAWDA
Estok;144,85;189,14;FAŁSZ;Ten cienki, kłujący miecz został wykuty z wysokiej jakości stali, idealny dla szermierzy ceniących szybkość i precyzję.;ITEM_CAT_NF;ITEM_FLAG_SWD;Weapon;OneHanded;AdminWeaponOneHanded;weapons1h;FAŁSZ;ITMW_1H_VLK2_SWORD;-;ITMW_GS_1H_60;1,5;2;Gamemaster;FAŁSZ;BRAK;BRAK;BRAK;BRAK;BRAK;BRAK;BRAK;DAMAGE_EDGE;30;70;8;32;BRAK;BRAK;BRAK;BRAK;FAŁSZ;BRAK;BRAK;BRAK;;Mały zestaw naprawczy do broni;300;PRAWDA;5;5;BRAK;BRAK;0,5;BRAK;BRAK;BRAK;BRAK;BRAK;BRAK;BRAK;Kowal;Rapiery;ItMw_018_1h_SwordCane_01.3ds;TAK;TAK;TAK;PRAWDA
Wschodnie ostrze;144,85;189,14;FAŁSZ;Ostrze to, wykute z niezwykle twardej stali, ma swój początek na odległych wschodnich wyspach.;ITEM_CAT_NF;ITEM_FLAG_SWD;Weapon;OneHanded;AdminWeaponOneHanded;weapons1h;FAŁSZ;ITMW_BELATEDPATRON_WEAPON01;-;ITMW_GS_1H_61;1,5;2;Gamemaster;FAŁSZ;BRAK;BRAK;BRAK;BRAK;BRAK;BRAK;BRAK;DAMAGE_EDGE;35;70;9;35;BRAK;BRAK;BRAK;BRAK;FAŁSZ;BRAK;BRAK;BRAK;;Mały zestaw naprawczy do broni;300;PRAWDA;5;5;BRAK;BRAK;0,5;BRAK;BRAK;BRAK;BRAK;BRAK;BRAK;BRAK;Kowal;Rapiery;KM_sword_04.3ds;TAK;TAK;TAK;PRAWDA
Kordelas;176,55;232,46;FAŁSZ;Krótki, lecz solidny miecz jednoręczny, często używany przez piratów i strażników miejskich. Idealny do walki na bliskim dystansie.;ITEM_CAT_NF;ITEM_FLAG_SWD;Weapon;OneHanded;AdminWeaponOneHanded;weapons1h;FAŁSZ;ITMW_PIRATENSAEBEL;-;ITMW_GS_1H_62;1,5;2;Gamemaster;FAŁSZ;BRAK;BRAK;BRAK;BRAK;BRAK;BRAK;BRAK;DAMAGE_EDGE;35;70;9;35;BRAK;BRAK;BRAK;BRAK;FAŁSZ;BRAK;BRAK;BRAK;;Mały zestaw naprawczy do broni;300;PRAWDA;5;5;BRAK;BRAK;0,5;BRAK;BRAK;BRAK;BRAK;BRAK;BRAK;BRAK;Kowal;Rapiery;ItMw_030_1h_sword_03.3ds;TAK;TAK;TAK;PRAWDA
Żelazny toporek;176,55;232,46;FAŁSZ;Toporek wykonany z żelaza, używany do rąbania drewna lub jako prosta broń.;ITEM_CAT_NF;ITEM_FLAG_AXE;Weapon;OneHanded;AdminWeaponOneHanded;weapons1h;FAŁSZ;ITMW_BARTAXT;-;ITMW_GS_1H_63;2,5;2;Gamemaster;FAŁSZ;BRAK;BRAK;BRAK;BRAK;BRAK;BRAK;BRAK;DAMAGE_EDGE;40;70;38;10;BRAK;BRAK;BRAK;BRAK;FAŁSZ;BRAK;BRAK;BRAK;;Mały zestaw naprawczy do broni;325;PRAWDA;5;5;BRAK;BRAK;0,5;BRAK;BRAK;BRAK;BRAK;BRAK;BRAK;BRAK;Kowal;Topory;ItMw_040_1h_axe_03.3ds;TAK;TAK;TAK;PRAWDA
Czarny rapier;255,15;339,62;FAŁSZ;Lekki i szybki rapier z czarnej stali, idealny dla postaci polegających na zręczności.;ITEM_CAT_NF;ITEM_FLAG_SWD;Weapon;OneHanded;AdminWeaponOneHanded;weapons1h;FAŁSZ;ITMW_1HDEX_SWORDADDITIONAL_03;-;ITMW_GS_1H_64;1,5;2;Gamemaster;FAŁSZ;BRAK;BRAK;BRAK;BRAK;BRAK;BRAK;BRAK;DAMAGE_EDGE;45;70;10;38;BRAK;BRAK;BRAK;BRAK;FAŁSZ;BRAK;BRAK;BRAK;;Mały zestaw naprawczy do broni;325;PRAWDA;5;5;BRAK;BRAK;0,5;BRAK;BRAK;BRAK;BRAK;BRAK;BRAK;BRAK;Kowal;Rapiery;ItMw_1h_DexSword_04.3ds;TAK;TAK;TAK;PRAWDA
Krwista szabla;250,55;332,42;FAŁSZ;Ostrze pokryte zaschniętą krwią ofiar.;ITEM_CAT_NF;ITEM_FLAG_SWD;Weapon;OneHanded;AdminWeaponOneHanded;weapons1h;FAŁSZ;ITMW_1H_SPECIAL_01;-;ITMW_GS_1H_65;1,5;2;Gamemaster;FAŁSZ;BRAK;BRAK;BRAK;BRAK;BRAK;BRAK;BRAK;DAMAGE_EDGE;45;70;10;38;BRAK;BRAK;BRAK;BRAK;FAŁSZ;BRAK;BRAK;BRAK;;Mały zestaw naprawczy do broni;325;PRAWDA;5;5;BRAK;BRAK;0,5;BRAK;BRAK;BRAK;BRAK;BRAK;BRAK;BRAK;Kowal;Rapiery;ItMw_045_1h_Sword_smith_02.3ds;TAK;TAK;TAK;PRAWDA
Szabla Varancka;309,55;409,34;FAŁSZ;Wykonana przez mistrzów z Varantu, szybka i śmiercionośna.;ITEM_CAT_NF;ITEM_FLAG_SWD;Weapon;OneHanded;AdminWeaponOneHanded;weapons1h;FAŁSZ;ITMW_1H_SWORD_03_GENERATE;-;ITMW_GS_1H_66;1,5;2;Gamemaster;FAŁSZ;BRAK;BRAK;BRAK;BRAK;BRAK;BRAK;BRAK;DAMAGE_EDGE;50;70;12;48;BRAK;BRAK;BRAK;BRAK;FAŁSZ;BRAK;BRAK;BRAK;;Mały zestaw naprawczy do broni;325;PRAWDA;5;5;BRAK;BRAK;0,5;BRAK;BRAK;BRAK;BRAK;BRAK;BRAK;BRAK;Kowal;Rapiery;KM_sword_06.3ds;TAK;TAK;TAK;PRAWDA
Wielki topór;309,55;409,34;FAŁSZ;Potężny oręż o długim, drewnianym trzonku i masywnej, stalowej głowni. Idealny do zadawania potężnych ciosów.;ITEM_CAT_NF;ITEM_FLAG_AXE;Weapon;OneHanded;AdminWeaponOneHanded;weapons1h;FAŁSZ;ITMW_1H_AXE_01_NORMAL;-;ITMW_GS_1H_67;2,5;2;Gamemaster;FAŁSZ;BRAK;BRAK;BRAK;BRAK;BRAK;BRAK;BRAK;DAMAGE_EDGE;50;70;48;12;BRAK;BRAK;BRAK;BRAK;FAŁSZ;BRAK;BRAK;BRAK;;Mały zestaw naprawczy do broni;325;PRAWDA;5;5;BRAK;BRAK;0,5;BRAK;BRAK;BRAK;BRAK;BRAK;BRAK;BRAK;Kowal;Topory;KM_Rychu_axe_01.3ds;TAK;TAK;TAK;PRAWDA
Zdobiony kordelas;516,42;775,36;FAŁSZ;Kunsztownie wykonany, krótki miecz. Posiada bogato zdobioną rękojeść i ostrze.;ITEM_CAT_NF;ITEM_FLAG_SWD;Weapon;OneHanded;AdminWeaponOneHanded;weapons1h;FAŁSZ;ITMW_1HDEX_SWORDADDITIONAL_04;-;ITMW_GS_1H_68;2;3;Gamemaster;FAŁSZ;BRAK;BRAK;BRAK;BRAK;BRAK;BRAK;BRAK;DAMAGE_EDGE;55;90;14;56;BRAK;BRAK;BRAK;BRAK;FAŁSZ;BRAK;BRAK;BRAK;;Średni zestaw naprawczy do broni;325;PRAWDA;5;5;BRAK;BRAK;1;BRAK;BRAK;BRAK;BRAK;BRAK;BRAK;BRAK;Kowal;Rapiery;ItMw_1h_DexSword_02.3ds;TAK;TAK;TAK;PRAWDA
Rapier z Laran;513,92;771,83;FAŁSZ;Ot rapier, na dodatek ciemny.;ITEM_CAT_NF;ITEM_FLAG_SWD;Weapon;OneHanded;AdminWeaponOneHanded;weapons1h;FAŁSZ;ITMW_1HDEX_SWORDADDITIONAL_03_B;-;ITMW_GS_1H_69;2;3;Gamemaster;FAŁSZ;BRAK;BRAK;BRAK;BRAK;BRAK;BRAK;BRAK;DAMAGE_EDGE;55;90;14;56;BRAK;BRAK;BRAK;BRAK;FAŁSZ;BRAK;BRAK;BRAK;;Średni zestaw naprawczy do broni;325;PRAWDA;5;5;BRAK;BRAK;1;BRAK;BRAK;BRAK;BRAK;BRAK;BRAK;BRAK;Kowal;Rapiery;ItMw_1h_DexSword_04.3ds;TAK;TAK;TAK;PRAWDA
Szabla Myrtańska;576,25;869,63;FAŁSZ;Lekka, jednoręczna szabla wykonana z niezwykle wytrzymałej stali, charakteryzująca się prostą, ale efektywną konstrukcją.;ITEM_CAT_NF;ITEM_FLAG_SWD;Weapon;OneHanded;AdminWeaponOneHanded;weapons1h;FAŁSZ;ITMW_1H_SWORD_08;-;ITMW_GS_1H_70;2;3;Gamemaster;FAŁSZ;BRAK;BRAK;BRAK;BRAK;BRAK;BRAK;BRAK;DAMAGE_EDGE;60;90;15;61;BRAK;BRAK;BRAK;BRAK;FAŁSZ;BRAK;BRAK;BRAK;;Średni zestaw naprawczy do broni;325;PRAWDA;5;5;BRAK;BRAK;1;BRAK;BRAK;BRAK;BRAK;BRAK;BRAK;BRAK;Kowal;Rapiery;KM_Rychu_sword_02.3ds;TAK;TAK;TAK;PRAWDA
Myrtański rapier;678,75;1020,22;FAŁSZ;Lekki i długi rapier, idealny do szybkich i precyzyjnych pchnięć.;ITEM_CAT_NF;ITEM_FLAG_SWD;Weapon;OneHanded;AdminWeaponOneHanded;weapons1h;FAŁSZ;ITMW_1HDEX_SWORDADDITIONAL_02;-;ITMW_GS_1H_71;2;3;Gamemaster;FAŁSZ;BRAK;BRAK;BRAK;BRAK;BRAK;BRAK;BRAK;DAMAGE_EDGE;65;90;15;65;BRAK;BRAK;BRAK;BRAK;FAŁSZ;BRAK;BRAK;BRAK;;Średni zestaw naprawczy do broni;325;PRAWDA;5;5;BRAK;BRAK;1;BRAK;BRAK;BRAK;BRAK;BRAK;BRAK;BRAK;Kowal;Rapiery;ItMw_1h_DexSword_05.3ds;TAK;TAK;TAK;PRAWDA
Topór katowski;750,08;1126,42;FAŁSZ;Ciężki topór używany do wykonywania wyroków śmierci. Ostrze jest szerokie i solidne, osadzone na długim, drewnianym trzonku.;ITEM_CAT_NF;ITEM_FLAG_AXE;Weapon;OneHanded;AdminWeaponOneHanded;weapons1h;FAŁSZ;ITMW_FOLTERAXT;-;ITMW_GS_1H_72;3;3;Gamemaster;FAŁSZ;BRAK;BRAK;BRAK;BRAK;BRAK;BRAK;BRAK;DAMAGE_EDGE;65;90;65;15;BRAK;BRAK;BRAK;BRAK;FAŁSZ;BRAK;BRAK;BRAK;;Średni zestaw naprawczy do broni;350;PRAWDA;5;5;BRAK;BRAK;1;BRAK;BRAK;BRAK;BRAK;BRAK;BRAK;BRAK;Kowal;Topory;ItMw_065_2h_greataxe_01.3ds;TAK;TAK;TAK;PRAWDA
Grawerowany rapier;831,08;1251,67;FAŁSZ;Lekki i finezyjnie wykonany rapier, którego ostrze zdobi misterny grawerunek.;ITEM_CAT_NF;ITEM_FLAG_SWD;Weapon;OneHanded;AdminWeaponOneHanded;weapons1h;FAŁSZ;ITMW_RAPIER;-;ITMW_GS_1H_73;2;3;Gamemaster;FAŁSZ;BRAK;BRAK;BRAK;BRAK;BRAK;BRAK;BRAK;DAMAGE_EDGE;75;90;18;72;BRAK;BRAK;BRAK;BRAK;FAŁSZ;BRAK;BRAK;BRAK;;Średni zestaw naprawczy do broni;350;PRAWDA;5;5;BRAK;BRAK;1;BRAK;BRAK;BRAK;BRAK;BRAK;BRAK;BRAK;Kowal;Rapiery;ItMw_050_1h_Sword_Rapier_01.3ds;TAK;TAK;TAK;PRAWDA
Haraldski toporek;900,42;1355,03;FAŁSZ;Wykuty według Haraldskich zwyczajów, ciężki i zabójczy.;ITEM_CAT_NF;ITEM_FLAG_AXE;Weapon;OneHanded;AdminWeaponOneHanded;weapons1h;FAŁSZ;ITMW_BARTAXT_GENERATE;-;ITMW_GS_1H_74;3;3;Gamemaster;FAŁSZ;BRAK;BRAK;BRAK;BRAK;BRAK;BRAK;BRAK;DAMAGE_EDGE;75;90;72;18;BRAK;BRAK;BRAK;BRAK;FAŁSZ;BRAK;BRAK;BRAK;;Średni zestaw naprawczy do broni;350;PRAWDA;5;5;BRAK;BRAK;1;BRAK;BRAK;BRAK;BRAK;BRAK;BRAK;BRAK;Kowal;Topory;ItMw_040_1h_axe_03.3ds;TAK;TAK;TAK;PRAWDA
Południowy sejmitar;1021,25;1525,36;FAŁSZ;Zakrzywiona, lekka broń jednoręczna, często używana przez mieszkańców pustynnych krain.;ITEM_CAT_NF;ITEM_FLAG_SWD;Weapon;OneHanded;AdminWeaponOneHanded;weapons1h;FAŁSZ;ITMW_PATRON_SYMITAR;-;ITMW_GS_1H_75;2,5;4;Gamemaster;FAŁSZ;BRAK;BRAK;BRAK;BRAK;BRAK;BRAK;BRAK;DAMAGE_EDGE;85;100;25;95;BRAK;BRAK;BRAK;BRAK;FAŁSZ;BRAK;BRAK;BRAK;;Średni zestaw naprawczy do broni;375;FAŁSZ;5;5;BRAK;BRAK;1;BRAK;BRAK;BRAK;BRAK;BRAK;BRAK;BRAK;Kowal;Rapiery;KM_ItMw_Rychu_1h_Sword_01.3ds;TAK;TAK;TAK;PRAWDA
Rodowy rapier;1216,75;1815,45;FAŁSZ;Lekki i finezyjny rapier, często przekazywany z pokolenia na pokolenie, idealny do szybkich i precyzyjnych pchnięć.;ITEM_CAT_NF;ITEM_FLAG_SWD;Weapon;OneHanded;AdminWeaponOneHanded;weapons1h;FAŁSZ;ITMW_MEISTERDEGEN;-;ITMW_GS_1H_76;2,5;4;Gamemaster;FAŁSZ;BRAK;BRAK;BRAK;BRAK;BRAK;BRAK;BRAK;DAMAGE_EDGE;100;100;35;115;BRAK;BRAK;BRAK;BRAK;FAŁSZ;BRAK;BRAK;BRAK;;Średni zestaw naprawczy do broni;400;FAŁSZ;5;5;BRAK;BRAK;1;BRAK;BRAK;BRAK;BRAK;BRAK;BRAK;BRAK;Kowal;Rapiery;ItMw_065_1h_SwordCane_02.3ds;TAK;TAK;TAK;PRAWDA
Topór obusieczny;1397,25;2080,85;FAŁSZ;Potężna broń dwuręczna o dwóch ostrzach, przeznaczona do zadawania miażdżących ciosów.;ITEM_CAT_NF;ITEM_FLAG_AXE;Weapon;OneHanded;AdminWeaponOneHanded;weapons1h;FAŁSZ;ITMW_DOPPELAXT;-;ITMW_GS_1H_77;3,5;4;Gamemaster;FAŁSZ;BRAK;BRAK;BRAK;BRAK;BRAK;BRAK;BRAK;DAMAGE_EDGE;100;100;115;35;BRAK;BRAK;BRAK;BRAK;FAŁSZ;BRAK;BRAK;BRAK;;Średni zestaw naprawczy do broni;400;FAŁSZ;5;5;BRAK;BRAK;1;BRAK;BRAK;BRAK;BRAK;BRAK;BRAK;BRAK;Kowal;Topory;ItMw_040_1h_Axe_02.3ds;TAK;TAK;TAK;PRAWDA
Szlachecka szabla;2672,75;4137,82;FAŁSZ;Nie dla psa dla pana to!;ITEM_CAT_NF;ITEM_FLAG_SWD;Weapon;OneHanded;AdminWeaponOneHanded;weapons1h;FAŁSZ;ITMW_1H_KESSEL_SWORD;-;ITMW_GS_1H_78;3;5;Gamemaster;FAŁSZ;BRAK;BRAK;BRAK;BRAK;BRAK;BRAK;BRAK;DAMAGE_EDGE;110;110;30;130;BRAK;BRAK;BRAK;BRAK;FAŁSZ;BRAK;BRAK;BRAK;;Duży zestaw naprawczy do broni;425;FAŁSZ;5;5;BRAK;BRAK;2;BRAK;BRAK;BRAK;BRAK;BRAK;BRAK;BRAK;Kowal;Rapiery;KM_ItMw_Rychu_1h_Sword_01.3ds;TAK;TAK;TAK;PRAWDA
Rozpruwacz;3038,25;4667,22;FAŁSZ;Rozpruje bebechy przeciwnika bez problemów.;ITEM_CAT_NF;ITEM_FLAG_AXE;Weapon;OneHanded;AdminWeaponOneHanded;weapons1h;FAŁSZ;ITMW_1H_AXE_02;-;ITMW_GS_1H_79;4;5;Gamemaster;FAŁSZ;BRAK;BRAK;BRAK;BRAK;BRAK;BRAK;BRAK;DAMAGE_EDGE;125;110;150;40;BRAK;BRAK;BRAK;BRAK;FAŁSZ;BRAK;BRAK;BRAK;;Duży zestaw naprawczy do broni;450;FAŁSZ;5;5;BRAK;BRAK;2;BRAK;BRAK;BRAK;BRAK;BRAK;BRAK;BRAK;Kowal;Topory;KM_Rychu_axe_02.3ds;TAK;TAK;TAK;PRAWDA
Rubinowy estoc;3038,25;4667,22;FAŁSZ;Lśni jak latarnia, a raczej powinna...;ITEM_CAT_NF;ITEM_FLAG_SWD;Weapon;OneHanded;AdminWeaponOneHanded;weapons1h;FAŁSZ;ITMW_RUBINKLINGE;-;ITMW_GS_1H_80;3;5;Gamemaster;FAŁSZ;BRAK;BRAK;BRAK;BRAK;BRAK;BRAK;BRAK;DAMAGE_EDGE;125;110;40;150;BRAK;BRAK;BRAK;BRAK;FAŁSZ;BRAK;BRAK;BRAK;;Duży zestaw naprawczy do broni;450;FAŁSZ;5;5;BRAK;BRAK;2;BRAK;BRAK;BRAK;BRAK;BRAK;BRAK;BRAK;Kowal;Rapiery;ItMw_050_1h_sword_05.3ds;TAK;TAK;TAK;PRAWDA
Nóż kuchenny;31,30;41,49;FAŁSZ;Małe, poręczne ostrze, idealne do krojenia mięsa i warzyw.;ITEM_CAT_NF;ITEM_FLAG_DAG;Weapon;OneHanded;AdminWeaponOneHanded;weapons1h;FAŁSZ;ITMW_1H_KITCHEN_KNIFE_01;-;ITMW_GS_1H_81;0,5;1;Gamemaster;FAŁSZ;BRAK;BRAK;BRAK;BRAK;BRAK;BRAK;BRAK;DAMAGE_POINT;10;30;0;3;BRAK;BRAK;BRAK;BRAK;FAŁSZ;BRAK;BRAK;BRAK;;Mały zestaw naprawczy do broni;250;PRAWDA;5;5;BRAK;BRAK;0,5;BRAK;BRAK;BRAK;BRAK;BRAK;BRAK;BRAK;Kowal;Sztylety;KM_ItMw_Lakomy_1h_Kitchen_Knife_01.3ds;TAK;TAK;TAK;PRAWDA
Lekki sztylet;38,50;51,01;FAŁSZ;Niewielki, ostry sztylet, wykonany z cienkiej stali. Idealny do szybkiego ataku.;ITEM_CAT_NF;ITEM_FLAG_DAG;Weapon;OneHanded;AdminWeaponOneHanded;weapons1h;FAŁSZ;ITMW_1H_VLK_DAGGER;-;ITMW_GS_1H_82;0,5;1;Gamemaster;FAŁSZ;BRAK;BRAK;BRAK;BRAK;BRAK;BRAK;BRAK;DAMAGE_POINT;20;30;1;5;BRAK;BRAK;BRAK;BRAK;FAŁSZ;BRAK;BRAK;BRAK;;Mały zestaw naprawczy do broni;250;PRAWDA;5;5;BRAK;BRAK;0,5;BRAK;BRAK;BRAK;BRAK;BRAK;BRAK;BRAK;Kowal;Sztylety;Itmw_005_1h_dagger_01.3ds;TAK;TAK;TAK;PRAWDA
Nóż na wilki;55,30;74,18;FAŁSZ;Ten solidny nóż został stworzony specjalnie do polowania na wilki.;ITEM_CAT_NF;ITEM_FLAG_DAG;Weapon;OneHanded;AdminWeaponOneHanded;weapons1h;FAŁSZ;ITMW_1H_SWORD_L_03;-;ITMW_GS_1H_83;0,5;1;Gamemaster;FAŁSZ;BRAK;BRAK;BRAK;BRAK;BRAK;BRAK;BRAK;DAMAGE_POINT;25;30;2;12;BRAK;BRAK;BRAK;BRAK;FAŁSZ;BRAK;BRAK;BRAK;;Mały zestaw naprawczy do broni;275;PRAWDA;5;5;BRAK;BRAK;0,5;BRAK;BRAK;BRAK;BRAK;BRAK;BRAK;BRAK;Kowal;Sztylety;ItMw_012_1h_Knife_02.3ds;TAK;TAK;TAK;PRAWDA
Odcinacz sakiewek;83,55;111,76;FAŁSZ;Niewielkie, ostre narzędzie, idealne do szybkiego przecinania sznurków sakiewek. Często używane przez złodziei.;ITEM_CAT_NF;ITEM_FLAG_DAG;Weapon;OneHanded;AdminWeaponOneHanded;weapons1h;FAŁSZ;ITMW_1H_VLK_DAGGER_B;-;ITMW_GS_1H_84;0,5;1;Gamemaster;FAŁSZ;BRAK;BRAK;BRAK;BRAK;BRAK;BRAK;BRAK;DAMAGE_POINT;30;30;6;24;BRAK;BRAK;BRAK;BRAK;FAŁSZ;BRAK;BRAK;BRAK;;Mały zestaw naprawczy do broni;300;PRAWDA;5;5;BRAK;BRAK;0,5;BRAK;BRAK;BRAK;BRAK;BRAK;BRAK;BRAK;Kowal;Sztylety;Itmw_005_1h_dagger_01.3ds;TAK;TAK;TAK;PRAWDA
Kris;153,25;211,48;FAŁSZ;Wężowy sztylet pochodzący z Jawy. Składa się z ostrza, rękojeści i pochwy.;ITEM_CAT_NF;ITEM_FLAG_DAG;Weapon;OneHanded;AdminWeaponOneHanded;weapons1h;FAŁSZ;ITMW_1H_VLK_DAGGER_C;-;ITMW_GS_1H_85;0,5;2;Gamemaster;FAŁSZ;BRAK;BRAK;BRAK;BRAK;BRAK;BRAK;BRAK;DAMAGE_POINT;35;40;8;32;BRAK;BRAK;BRAK;BRAK;FAŁSZ;BRAK;BRAK;BRAK;;Mały zestaw naprawczy do broni;300;PRAWDA;5;5;BRAK;BRAK;0,5;BRAK;BRAK;BRAK;BRAK;BRAK;BRAK;BRAK;Kowal;Sztylety;Itmw_005_1h_dagger_01.3ds;TAK;TAK;TAK;PRAWDA
Długi sztylet;155,15;214,10;FAŁSZ;Wąskie, ostrzone na obu końcach, metalowe ostrze zamontowane na prostej rękojeści.;ITEM_CAT_NF;ITEM_FLAG_DAG;Weapon;OneHanded;AdminWeaponOneHanded;weapons1h;FAŁSZ;ITMW_1H_BAU_KNIFE;-;ITMW_GS_1H_86;0,5;2;Gamemaster;FAŁSZ;BRAK;BRAK;BRAK;BRAK;BRAK;BRAK;BRAK;DAMAGE_POINT;40;40;9;35;BRAK;BRAK;BRAK;BRAK;FAŁSZ;BRAK;BRAK;BRAK;;Mały zestaw naprawczy do broni;325;PRAWDA;5;5;BRAK;BRAK;0,5;BRAK;BRAK;BRAK;BRAK;BRAK;BRAK;BRAK;Kowal;Sztylety;KM_ItMw_Knife_01.3ds;TAK;TAK;TAK;PRAWDA
Kukri;236,58;332,69;FAŁSZ;Zagięty nóż bojowy o charakterystycznym ostrzu, często używany jako narzędzie do walki.;ITEM_CAT_NF;ITEM_FLAG_DAG;Weapon;OneHanded;AdminWeaponOneHanded;weapons1h;FAŁSZ;ITMW_1H_KITCHEN_KNIFE_02;-;ITMW_GS_1H_87;0,5;2;Gamemaster;FAŁSZ;BRAK;BRAK;BRAK;BRAK;BRAK;BRAK;BRAK;DAMAGE_POINT;45;40;11;45;BRAK;BRAK;BRAK;BRAK;FAŁSZ;BRAK;BRAK;BRAK;;Mały zestaw naprawczy do broni;325;PRAWDA;5;5;BRAK;BRAK;0,5;BRAK;BRAK;BRAK;BRAK;BRAK;BRAK;BRAK;Kowal;Sztylety;KM_ItMw_Lakomy_1h_Kitchen_Knife_02.3ds;TAK;TAK;TAK;PRAWDA
Sztylet zabójcy;288,75;404,36;FAŁSZ;Lekki i doskonale wyważony sztylet, idealny do zadawania szybkich, ukrytych ciosów. Ostrze wykonane jest z ciemnej stali.;ITEM_CAT_NF;ITEM_FLAG_DAG;Weapon;OneHanded;AdminWeaponOneHanded;weapons1h;FAŁSZ;ITMW_1H_SKE_DAGGER;-;ITMW_GS_1H_88;0,5;2;Gamemaster;FAŁSZ;BRAK;BRAK;BRAK;BRAK;BRAK;BRAK;BRAK;DAMAGE_POINT;50;40;12;48;BRAK;BRAK;BRAK;BRAK;FAŁSZ;BRAK;BRAK;BRAK;;Mały zestaw naprawczy do broni;325;PRAWDA;5;5;BRAK;BRAK;0,5;BRAK;BRAK;BRAK;BRAK;BRAK;BRAK;BRAK;Kowal;Sztylety;Itmw_ske_1h_dagger_01.3ds;TAK;TAK;TAK;PRAWDA
Nóż łowiecki;437,75;709,85;FAŁSZ;Nóż idealny do patroszenia jak i uśmiercania zwierzyny.;ITEM_CAT_NF;ITEM_FLAG_DAG;Weapon;OneHanded;AdminWeaponOneHanded;weapons1h;FAŁSZ;ITMW_1H_BAU_KNIFE_B;-;ITMW_GS_1H_89;1;3;Gamemaster;FAŁSZ;BRAK;BRAK;BRAK;BRAK;BRAK;BRAK;BRAK;DAMAGE_POINT;60;50;16;60;BRAK;BRAK;BRAK;BRAK;FAŁSZ;BRAK;BRAK;BRAK;;Średni zestaw naprawczy do broni;350;PRAWDA;5;5;BRAK;BRAK;1;BRAK;BRAK;BRAK;BRAK;BRAK;BRAK;BRAK;Kowal;Sztylety;KM_ItMw_Knife_01.3ds;TAK;TAK;TAK;PRAWDA
Obcinacz palców;565,25;917,62;FAŁSZ;Lubiany sprzęt używany przez katów.;ITEM_CAT_NF;ITEM_FLAG_DAG;Weapon;OneHanded;AdminWeaponOneHanded;weapons1h;FAŁSZ;ITMW_1H_KITCHEN_KNIFE_03;-;ITMW_GS_1H_90;1;3;Gamemaster;FAŁSZ;BRAK;BRAK;BRAK;BRAK;BRAK;BRAK;BRAK;DAMAGE_POINT;75;50;20;70;BRAK;BRAK;BRAK;BRAK;FAŁSZ;BRAK;BRAK;BRAK;;Średni zestaw naprawczy do broni;350;PRAWDA;5;5;BRAK;BRAK;1;BRAK;BRAK;BRAK;BRAK;BRAK;BRAK;BRAK;Kowal;Sztylety;KM_ItMw_Lakomy_1h_Kitchen_Knife_03.3ds;TAK;TAK;TAK;PRAWDA
Znak południa;682,75;1118,14;FAŁSZ;Ciekawe jakie tam na tym południu są bronie.;ITEM_CAT_NF;ITEM_FLAG_DAG;Weapon;OneHanded;AdminWeaponOneHanded;weapons1h;FAŁSZ;ITMW_1H_DAGGER_02_NORMAL;-;ITMW_GS_1H_91;1;3;Gamemaster;FAŁSZ;BRAK;BRAK;BRAK;BRAK;BRAK;BRAK;BRAK;DAMAGE_POINT;90;50;24;76;BRAK;BRAK;BRAK;BRAK;FAŁSZ;BRAK;BRAK;BRAK;;Średni zestaw naprawczy do broni;350;PRAWDA;5;5;BRAK;BRAK;1;BRAK;BRAK;BRAK;BRAK;BRAK;BRAK;BRAK;Kowal;Sztylety;KM_Rychu_dagger_02.3ds;TAK;TAK;TAK;PRAWDA
Szpikulec;912,58;1471,53;FAŁSZ;Specjalnie wykonany do dźgnięć.;ITEM_CAT_NF;ITEM_FLAG_DAG;Weapon;OneHanded;AdminWeaponOneHanded;weapons1h;FAŁSZ;ITMW_1H_KITCHEN_KNIFE_01_B;-;ITMW_GS_1H_92;1;4;Gamemaster;FAŁSZ;BRAK;BRAK;BRAK;BRAK;BRAK;BRAK;BRAK;DAMAGE_POINT;100;50;30;100;BRAK;BRAK;BRAK;BRAK;FAŁSZ;BRAK;BRAK;BRAK;;Średni zestaw naprawczy do broni;375;FAŁSZ;5;5;BRAK;BRAK;1;BRAK;BRAK;BRAK;BRAK;BRAK;BRAK;BRAK;Kowal;Sztylety;KM_ItMw_Lakomy_1h_Kitchen_Knife_01.3ds;TAK;TAK;TAK;PRAWDA
Sztylet skrytobójcy;1068,25;1683,43;FAŁSZ;Ciekawe jak był właściciel pożegnał się ze swym ostrzem...;ITEM_CAT_NF;ITEM_FLAG_DAG;Weapon;OneHanded;AdminWeaponOneHanded;weapons1h;FAŁSZ;ITMW_1H_DAGGER_02_NORMAL_B;-;ITMW_GS_1H_93;1;4;Gamemaster;FAŁSZ;BRAK;BRAK;BRAK;BRAK;BRAK;BRAK;BRAK;DAMAGE_POINT;115;50;35;115;BRAK;BRAK;BRAK;BRAK;FAŁSZ;BRAK;BRAK;BRAK;;Średni zestaw naprawczy do broni;400;FAŁSZ;5;5;BRAK;BRAK;1;BRAK;BRAK;BRAK;BRAK;BRAK;BRAK;BRAK;Kowal;Sztylety;KM_Rychu_dagger_02.3ds;TAK;TAK;TAK;PRAWDA
Zimna śmierć;2023,08;3499,64;FAŁSZ;Te zęby na ostrzu faktycznie rozprują nieszcześnika.;ITEM_CAT_NF;ITEM_FLAG_DAG;Weapon;OneHanded;AdminWeaponOneHanded;weapons1h;FAŁSZ;ITMW_1H_DAGGER_02_NORMAL_C;-;ITMW_GS_1H_94;1;5;Gamemaster;FAŁSZ;BRAK;BRAK;BRAK;BRAK;BRAK;BRAK;BRAK;DAMAGE_POINT;130;60;40;130;BRAK;BRAK;BRAK;BRAK;FAŁSZ;BRAK;BRAK;BRAK;;Duży zestaw naprawczy do broni;425;FAŁSZ;5;5;BRAK;BRAK;2;BRAK;BRAK;BRAK;BRAK;BRAK;BRAK;BRAK;Kowal;Sztylety;KM_Rychu_dagger_02.3ds;TAK;TAK;TAK;PRAWDA
Czarny diament;2575,42;4561,70;FAŁSZ;Usączony w kroplach trucizny, ukróci życie przeciwnika.;ITEM_CAT_NF;ITEM_FLAG_DAG;Weapon;OneHanded;AdminWeaponOneHanded;weapons1h;FAŁSZ;ITMW_1H_DAGGER_01;-;ITMW_GS_1H_95;1;5;Gamemaster;FAŁSZ;BRAK;BRAK;BRAK;BRAK;BRAK;BRAK;BRAK;DAMAGE_POINT;150;60;40;150;BRAK;BRAK;BRAK;BRAK;FAŁSZ;BRAK;BRAK;BRAK;;Duży zestaw naprawczy do broni;450;FAŁSZ;5;5;BRAK;BRAK;2;BRAK;BRAK;BRAK;BRAK;BRAK;BRAK;BRAK;Kowal;Sztylety;KM_Rychu_dagger_01.3ds;TAK;TAK;TAK;PRAWDA
Czeladniczy miecz dwuręczny;46,90;61,27;FAŁSZ;Pierwszy miecz dwuręczny początkującego kowala.;ITEM_CAT_NF;ITEM_FLAG_2HD_SWD;Weapon;TwoHanded;AdminWeaponTwoHanded;weapons2h;FAŁSZ;ITMW_2H_WS_SWORD_RUST;-;ITMW_GS_2H_02;3;1;Gamemaster;FAŁSZ;BRAK;BRAK;BRAK;BRAK;BRAK;BRAK;BRAK;DAMAGE_EDGE;20;100;6;1;BRAK;BRAK;BRAK;BRAK;FAŁSZ;BRAK;BRAK;BRAK;;Mały zestaw naprawczy do broni;225;PRAWDA;5;5;BRAK;BRAK;1;BRAK;BRAK;BRAK;BRAK;BRAK;BRAK;BRAK;Kowal;Miecze;KM_ItMw_2h_WolfenSonSword_Old.3ds;TAK;TAK;TAK;PRAWDA
Dwuręczniak;56,50;76,83;FAŁSZ;Solidna broń przeznaczona do walki oburącz.;ITEM_CAT_NF;ITEM_FLAG_2HD_SWD;Weapon;TwoHanded;AdminWeaponTwoHanded;weapons2h;FAŁSZ;ITMW_2H_SLD_SWORD;-;ITMW_GS_2H_03;3;1;Gamemaster;FAŁSZ;BRAK;BRAK;BRAK;BRAK;BRAK;BRAK;BRAK;DAMAGE_EDGE;30;100;8;2;BRAK;BRAK;BRAK;BRAK;FAŁSZ;BRAK;BRAK;BRAK;;Mały zestaw naprawczy do broni;250;PRAWDA;5;5;BRAK;BRAK;1;BRAK;BRAK;BRAK;BRAK;BRAK;BRAK;BRAK;Kowal;Miecze;ItMw_035_2h_sld_sword_01.3ds;TAK;TAK;TAK;PRAWDA
Przecinak;81,65;109,25;FAŁSZ;Narzędzie do obróbki kamienia i metalu. Wykonane z solidnej stali.;ITEM_CAT_NF;ITEM_FLAG_2HD_SWD;Weapon;TwoHanded;AdminWeaponTwoHanded;weapons2h;FAŁSZ;ITMW_ZWEIHAENDER1_GENERATE;-;ITMW_GS_2H_04;3;1;Gamemaster;FAŁSZ;BRAK;BRAK;BRAK;BRAK;BRAK;BRAK;BRAK;DAMAGE_EDGE;35;100;12;8;BRAK;BRAK;BRAK;BRAK;FAŁSZ;BRAK;BRAK;BRAK;;Mały zestaw naprawczy do broni;250;PRAWDA;5;5;BRAK;BRAK;1;BRAK;BRAK;BRAK;BRAK;BRAK;BRAK;BRAK;Kowal;Miecze;ItMw_032_2h_sword_light_01.3ds;TAK;TAK;TAK;PRAWDA
Długi miecz najemnika;95,75;127,03;FAŁSZ;Solidny, jednoręczny miecz długi, często używany przez najemników.;ITEM_CAT_NF;ITEM_FLAG_2HD_SWD;Weapon;TwoHanded;AdminWeaponTwoHanded;weapons2h;FAŁSZ;ITMW_2H_SPECIAL_01;-;ITMW_GS_2H_05;3;1;Gamemaster;FAŁSZ;BRAK;BRAK;BRAK;BRAK;BRAK;BRAK;BRAK;DAMAGE_EDGE;35;100;12;8;BRAK;BRAK;BRAK;BRAK;FAŁSZ;BRAK;BRAK;BRAK;;Mały zestaw naprawczy do broni;275;PRAWDA;5;5;BRAK;BRAK;1;BRAK;BRAK;BRAK;BRAK;BRAK;BRAK;BRAK;Kowal;Miecze;ItMw_050_2h_Sword_smith_02.3ds;TAK;TAK;TAK;PRAWDA
Kąsacz;123,15;162,07;FAŁSZ;Nazwa wynika z małych kolców wystających z boków ostrza.;ITEM_CAT_NF;ITEM_FLAG_2HD_SWD;Weapon;TwoHanded;AdminWeaponTwoHanded;weapons2h;FAŁSZ;ITMW_ZWEIHAENDER2_GENERATE;-;ITMW_GS_2H_06;4;1;Gamemaster;FAŁSZ;BRAK;BRAK;BRAK;BRAK;BRAK;BRAK;BRAK;DAMAGE_EDGE;40;110;24;6;BRAK;BRAK;BRAK;BRAK;FAŁSZ;BRAK;BRAK;BRAK;;Mały zestaw naprawczy do broni;275;PRAWDA;5;5;BRAK;BRAK;1;BRAK;BRAK;BRAK;BRAK;BRAK;BRAK;BRAK;Kowal;Miecze;ItMw_055_2h_sword_light_05.3ds;TAK;TAK;TAK;PRAWDA
Wilcza łapa;141,05;195,97;FAŁSZ;Miecz zwykle używany na Archolos, przez Wilczych Synów.;ITEM_CAT_NF;ITEM_FLAG_2HD_SWD;Weapon;TwoHanded;AdminWeaponTwoHanded;weapons2h;FAŁSZ;ITMW_2H_WS_SWORD_ULRYK;-;ITMW_GS_2H_07;4;2;Gamemaster;FAŁSZ;BRAK;BRAK;BRAK;BRAK;BRAK;BRAK;BRAK;DAMAGE_EDGE;45;110;28;6;BRAK;BRAK;BRAK;BRAK;FAŁSZ;BRAK;BRAK;BRAK;;Mały zestaw naprawczy do broni;300;PRAWDA;5;5;BRAK;BRAK;1;BRAK;BRAK;BRAK;BRAK;BRAK;BRAK;BRAK;Kowal;Miecze;KM_ItMw_2h_WolfenSonSword_Golden.3ds;TAK;TAK;TAK;PRAWDA
Pazur zębacza;142,55;198,04;FAŁSZ;Broń ostra niczym pazur zębacza.;ITEM_CAT_NF;ITEM_FLAG_2HD_SWD;Weapon;TwoHanded;AdminWeaponTwoHanded;weapons2h;FAŁSZ;ITMW_2H_WS_SWORD_DEVIR;-;ITMW_GS_2H_08;4;2;Gamemaster;FAŁSZ;BRAK;BRAK;BRAK;BRAK;BRAK;BRAK;BRAK;DAMAGE_EDGE;45;110;28;6;BRAK;BRAK;BRAK;BRAK;FAŁSZ;BRAK;BRAK;BRAK;;Mały zestaw naprawczy do broni;300;PRAWDA;5;5;BRAK;BRAK;1;BRAK;BRAK;BRAK;BRAK;BRAK;BRAK;BRAK;Kowal;Miecze;KM_ItMw_2h_WolfenSonSword.3ds;TAK;TAK;TAK;PRAWDA
Miecz żołnierza barona;184,85;261,74;FAŁSZ;Prosty miecz wykonany z hartowanej stali, używany przez zwykłych żołnierzy barona.;ITEM_CAT_NF;ITEM_FLAG_2HD_SWD;Weapon;TwoHanded;AdminWeaponTwoHanded;weapons2h;FAŁSZ;ITMW_2H_SPECIAL_02;-;ITMW_GS_2H_09;4;2;Gamemaster;FAŁSZ;BRAK;BRAK;BRAK;BRAK;BRAK;BRAK;BRAK;DAMAGE_EDGE;55;110;38;10;BRAK;BRAK;BRAK;BRAK;FAŁSZ;BRAK;BRAK;BRAK;;Mały zestaw naprawczy do broni;300;PRAWDA;5;5;BRAK;BRAK;1;BRAK;BRAK;BRAK;BRAK;BRAK;BRAK;BRAK;Kowal;Miecze;ItMw_070_2h_Sword_smith_03.3ds;TAK;TAK;TAK;PRAWDA
Ciężki miecz dwuręczny;199,85;284,79;FAŁSZ;Masywna, stalowa broń sieczna, przeznaczona do walki oburącz. Wymaga dużej siły, aby władać nią z należytą precyzją.;ITEM_CAT_NF;ITEM_FLAG_2HD_SWD;Weapon;TwoHanded;AdminWeaponTwoHanded;weapons2h;FAŁSZ;ITMW_ZWEIHAENDER4;-;ITMW_GS_2H_10;4;2;Gamemaster;FAŁSZ;BRAK;BRAK;BRAK;BRAK;BRAK;BRAK;BRAK;DAMAGE_EDGE;65;110;38;10;BRAK;BRAK;BRAK;BRAK;FAŁSZ;BRAK;BRAK;BRAK;;Mały zestaw naprawczy do broni;300;PRAWDA;5;5;BRAK;BRAK;1;BRAK;BRAK;BRAK;BRAK;BRAK;BRAK;BRAK;Kowal;Miecze;ItMw_2H_Oldsword_02.3ds;TAK;TAK;TAK;PRAWDA
Dwuręczny miecz straży;227,15;318,39;FAŁSZ;Potężne, dwuręczne ostrze używane przez strażników miejskich. Wymaga dużej siły, aby władać tym masywnym kawałkiem stali.;ITEM_CAT_NF;ITEM_FLAG_2HD_SWD;Weapon;TwoHanded;AdminWeaponTwoHanded;weapons2h;FAŁSZ;ITMW_2H_MIL_SWORD_LEWKO;-;ITMW_GS_2H_11;4;2;Gamemaster;FAŁSZ;BRAK;BRAK;BRAK;BRAK;BRAK;BRAK;BRAK;DAMAGE_EDGE;65;110;38;10;BRAK;BRAK;BRAK;BRAK;FAŁSZ;BRAK;BRAK;BRAK;;Mały zestaw naprawczy do broni;325;PRAWDA;5;5;BRAK;BRAK;1;BRAK;BRAK;BRAK;BRAK;BRAK;BRAK;BRAK;Kowal;Miecze;KM_ItMw_2H_LeatherSword_01.3ds;TAK;TAK;TAK;PRAWDA
Południowa dwuręczna maczeta;263,65;374,56;FAŁSZ;Duże, kute ostrze, idealne do walki w dżungli lub z potężnym przeciwnikiem.;ITEM_CAT_NF;ITEM_FLAG_2HD_SWD;Weapon;TwoHanded;AdminWeaponTwoHanded;weapons2h;FAŁSZ;ITMW_ADDON_HACKER_2H_02;-;ITMW_GS_2H_12;4;2;Gamemaster;FAŁSZ;BRAK;BRAK;BRAK;BRAK;BRAK;BRAK;BRAK;DAMAGE_EDGE;75;110;48;12;BRAK;BRAK;BRAK;BRAK;FAŁSZ;BRAK;BRAK;BRAK;;Mały zestaw naprawczy do broni;325;PRAWDA;5;5;BRAK;BRAK;1;BRAK;BRAK;BRAK;BRAK;BRAK;BRAK;BRAK;Kowal;Miecze;ItMw_2H_Machete_01.3ds;TAK;TAK;TAK;PRAWDA
Miecz z ciemnej stali;290,95;408,16;FAŁSZ;Miecz wykuty z rzadkiej, ciemnej stali, co nadaje mu wyjątkową wytrzymałość i mroczny blask.;ITEM_CAT_NF;ITEM_FLAG_2HD_SWD;Weapon;TwoHanded;AdminWeaponTwoHanded;weapons2h;FAŁSZ;ITMW_2H_FAKEARTIFACT_DEATH;-;ITMW_GS_2H_13;4;2;Gamemaster;FAŁSZ;BRAK;BRAK;BRAK;BRAK;BRAK;BRAK;BRAK;DAMAGE_EDGE;80;110;51;14;BRAK;BRAK;BRAK;BRAK;FAŁSZ;BRAK;BRAK;BRAK;;Mały zestaw naprawczy do broni;350;PRAWDA;5;5;BRAK;BRAK;1;BRAK;BRAK;BRAK;BRAK;BRAK;BRAK;BRAK;Kowal;Miecze;KM_ItMw_2H_FakeArtefact_DeathsBreath.3ds;TAK;TAK;TAK;PRAWDA
Tygrys Varantu;384,75;613,34;FAŁSZ;Broń z zakrzywionym ostrzem, bardzo trudno się przeciwko niej bronić.;ITEM_CAT_NF;ITEM_FLAG_2HD_SWD;Weapon;TwoHanded;AdminWeaponTwoHanded;weapons2h;FAŁSZ;ITMW_2H_SWORD_10;-;ITMW_GS_2H_14;4,5;3;Gamemaster;FAŁSZ;BRAK;BRAK;BRAK;BRAK;BRAK;BRAK;BRAK;DAMAGE_EDGE;85;120;55;15;BRAK;BRAK;BRAK;BRAK;FAŁSZ;BRAK;BRAK;BRAK;;Średni zestaw naprawczy do broni;350;PRAWDA;5;5;BRAK;BRAK;2;BRAK;BRAK;BRAK;BRAK;BRAK;BRAK;BRAK;Kowal;Miecze;KM_ItMw_Rychu_2h_Sword_02.3ds;TAK;TAK;TAK;PRAWDA
Wielka maczeta szaleńca;384,75;613,34;FAŁSZ;To duża, zakrzywiona broń, której użycie wymaga dużej siły. Budzi grozę samym wyglądem.;ITEM_CAT_NF;ITEM_FLAG_2HD_SWD;Weapon;TwoHanded;AdminWeaponTwoHanded;weapons2h;FAŁSZ;ITMW_ADDON_HACKER_2H_01;-;ITMW_GS_2H_15;4,5;3;Gamemaster;FAŁSZ;BRAK;BRAK;BRAK;BRAK;BRAK;BRAK;BRAK;DAMAGE_EDGE;85;120;55;15;BRAK;BRAK;BRAK;BRAK;FAŁSZ;BRAK;BRAK;BRAK;;Średni zestaw naprawczy do broni;350;PRAWDA;5;5;BRAK;BRAK;2;BRAK;BRAK;BRAK;BRAK;BRAK;BRAK;BRAK;Kowal;Miecze;ItMw_2H_Machete_02.3ds;TAK;TAK;TAK;PRAWDA
Królewskie ramie;440,08;722,36;FAŁSZ;Stosowane przez królewskich gwardzistów.;ITEM_CAT_NF;ITEM_FLAG_2HD_SWD;Weapon;TwoHanded;AdminWeaponTwoHanded;weapons2h;FAŁSZ;ITMW_2H_SWORD_07;-;ITMW_GS_2H_16;4,5;3;Gamemaster;FAŁSZ;BRAK;BRAK;BRAK;BRAK;BRAK;BRAK;BRAK;DAMAGE_EDGE;95;120;60;16;BRAK;BRAK;BRAK;BRAK;FAŁSZ;BRAK;BRAK;BRAK;;Średni zestaw naprawczy do broni;350;PRAWDA;5;5;BRAK;BRAK;2;BRAK;BRAK;BRAK;BRAK;BRAK;BRAK;BRAK;Kowal;Miecze;KM_ItMw_2h_Sword_01.3ds;TAK;TAK;TAK;PRAWDA
Długi klarowany miecz;470,08;770,37;FAŁSZ;Miecz o dużym znaczeniu dla kolekcjonerów.;ITEM_CAT_NF;ITEM_FLAG_2HD_SWD;Weapon;TwoHanded;AdminWeaponTwoHanded;weapons2h;FAŁSZ;ITMW_2H_PAL_SWORD;-;ITMW_GS_2H_17;4,5;3;Gamemaster;FAŁSZ;BRAK;BRAK;BRAK;BRAK;BRAK;BRAK;BRAK;DAMAGE_EDGE;105;120;64;16;BRAK;BRAK;BRAK;BRAK;FAŁSZ;BRAK;BRAK;BRAK;;Średni zestaw naprawczy do broni;350;PRAWDA;5;5;BRAK;BRAK;2;BRAK;BRAK;BRAK;BRAK;BRAK;BRAK;BRAK;Kowal;Miecze;ItMw_040_2h_PAL_Sword_03.3ds;TAK;TAK;TAK;PRAWDA
Mściciel;533,92;884,47;FAŁSZ;Czy zemsta przynosi ulgę?;ITEM_CAT_NF;ITEM_FLAG_2HD_SWD;Weapon;TwoHanded;AdminWeaponTwoHanded;weapons2h;FAŁSZ;ITMW_2H_SWORD_02;-;ITMW_GS_2H_18;4,5;3;Gamemaster;FAŁSZ;BRAK;BRAK;BRAK;BRAK;BRAK;BRAK;BRAK;DAMAGE_EDGE;105;120;64;16;BRAK;BRAK;BRAK;BRAK;FAŁSZ;BRAK;BRAK;BRAK;;Średni zestaw naprawczy do broni;375;PRAWDA;5;5;BRAK;BRAK;2;BRAK;BRAK;BRAK;BRAK;BRAK;BRAK;BRAK;Kowal;Miecze;KM_sword_02.3ds;TAK;TAK;TAK;PRAWDA
Siepacz;598,92;970,97;FAŁSZ;Ponoć może ściąć trzy łby za jednym zamachem.;ITEM_CAT_NF;ITEM_FLAG_2HD_SWD;Weapon;TwoHanded;AdminWeaponTwoHanded;weapons2h;FAŁSZ;ITMW_NONE_2H_SWORD2;-;ITMW_GS_2H_19;4,5;3;Gamemaster;FAŁSZ;BRAK;BRAK;BRAK;BRAK;BRAK;BRAK;BRAK;DAMAGE_EDGE;120;120;72;18;BRAK;BRAK;BRAK;BRAK;FAŁSZ;BRAK;BRAK;BRAK;;Średni zestaw naprawczy do broni;375;PRAWDA;5;5;BRAK;BRAK;2;BRAK;BRAK;BRAK;BRAK;BRAK;BRAK;BRAK;Kowal;Miecze;KM_ItMw_2H_DragonSword_01.3ds;TAK;TAK;TAK;PRAWDA
Ostrze runiczne;628,92;1009,38;FAŁSZ;Magiczne ostrze wykute z rudy, na którym wyryto starożytne runy, zwiększające jego moc.;ITEM_CAT_NF;ITEM_FLAG_2HD_SWD;Weapon;TwoHanded;AdminWeaponTwoHanded;weapons2h;FAŁSZ;ITMW_ZWEIHAENDER3;-;ITMW_GS_2H_20;4,5;3;Gamemaster;FAŁSZ;BRAK;BRAK;BRAK;BRAK;BRAK;BRAK;BRAK;DAMAGE_EDGE;120;120;72;18;BRAK;BRAK;BRAK;BRAK;FAŁSZ;BRAK;BRAK;BRAK;;Średni zestaw naprawczy do broni;375;PRAWDA;5;5;BRAK;BRAK;2;BRAK;BRAK;BRAK;BRAK;BRAK;BRAK;BRAK;Kowal;Miecze;ItMw_060_2h_sword_01.3ds;TAK;TAK;TAK;PRAWDA
Dwuręczny wężowy miecz;704,25;1142,49;FAŁSZ;Ostrze wykute w kształcie wijącego się węża, z symbolami pradawnej rasy.;ITEM_CAT_NF;ITEM_FLAG_2HD_SWD;Weapon;TwoHanded;AdminWeaponTwoHanded;weapons2h;FAŁSZ;ITMW_2H_SWORD_01;-;ITMW_GS_2H_21;4,5;3;Gamemaster;FAŁSZ;BRAK;BRAK;BRAK;BRAK;BRAK;BRAK;BRAK;DAMAGE_EDGE;125;120;80;20;BRAK;BRAK;BRAK;BRAK;FAŁSZ;BRAK;BRAK;BRAK;;Średni zestaw naprawczy do broni;375;PRAWDA;5;5;BRAK;BRAK;2;BRAK;BRAK;BRAK;BRAK;BRAK;BRAK;BRAK;Kowal;Miecze;KM_sword_01.3ds;TAK;TAK;TAK;PRAWDA
Pozłacane ostrze;783,08;1276,02;FAŁSZ;Ostrze pokryte cienką warstwą złota, prawdopodobnie wykonane na zamówienie dla kogoś zamożnego.;ITEM_CAT_NF;ITEM_FLAG_2HD_SWD;Weapon;TwoHanded;AdminWeaponTwoHanded;weapons2h;FAŁSZ;ITMW_2H_SWORD_03_GENERATE;-;ITMW_GS_2H_22;5,5;4;Gamemaster;FAŁSZ;BRAK;BRAK;BRAK;BRAK;BRAK;BRAK;BRAK;DAMAGE_EDGE;145;130;90;20;BRAK;BRAK;BRAK;BRAK;FAŁSZ;BRAK;BRAK;BRAK;;Średni zestaw naprawczy do broni;375;FAŁSZ;5;5;BRAK;BRAK;2;BRAK;BRAK;BRAK;BRAK;BRAK;BRAK;BRAK;Kowal;Miecze;KM_sword_03.3ds;TAK;TAK;TAK;PRAWDA
Święty kat;866,42;1443,80;FAŁSZ;Do walki z grzesznikami, przyda się zawrówno wiara jak i ta broń.;ITEM_CAT_NF;ITEM_FLAG_2HD_SWD;Weapon;TwoHanded;AdminWeaponTwoHanded;weapons2h;FAŁSZ;ITMW_2H_BLESSED_03;-;ITMW_GS_2H_23;5,5;4;Gamemaster;FAŁSZ;BRAK;BRAK;BRAK;BRAK;BRAK;BRAK;BRAK;DAMAGE_EDGE;155;130;105;25;BRAK;BRAK;BRAK;BRAK;FAŁSZ;BRAK;BRAK;BRAK;;Średni zestaw naprawczy do broni;375;FAŁSZ;5;5;BRAK;BRAK;2;BRAK;BRAK;BRAK;BRAK;BRAK;BRAK;BRAK;Kowal;Miecze;ItMw_040_2h_PAL_sword_heavy_RAW_01.3ds;TAK;TAK;TAK;PRAWDA
Kordelas abordażowy;874,75;1514,08;FAŁSZ;Krótka, zakrzywiona broń sieczna, idealna do walki w zwarciu na pokładach statków.;ITEM_CAT_NF;ITEM_FLAG_2HD_SWD;Weapon;TwoHanded;AdminWeaponTwoHanded;weapons2h;FAŁSZ;ITMW_KRUMMSCHWERT;-;ITMW_GS_2H_24;5,5;4;Gamemaster;FAŁSZ;BRAK;BRAK;BRAK;BRAK;BRAK;BRAK;BRAK;DAMAGE_EDGE;155;130;105;25;BRAK;BRAK;BRAK;BRAK;FAŁSZ;BRAK;BRAK;BRAK;;Średni zestaw naprawczy do broni;375;FAŁSZ;5;5;BRAK;BRAK;2;BRAK;BRAK;BRAK;BRAK;BRAK;BRAK;BRAK;Kowal;Miecze;ItMw_070_2h_sword_09.3ds;TAK;TAK;TAK;PRAWDA
Pijawka;929,75;1586,88;FAŁSZ;Na jej ostrzu umieszczono wgłębienie na spływ posoki krwi.;ITEM_CAT_NF;ITEM_FLAG_2HD_SWD;Weapon;TwoHanded;AdminWeaponTwoHanded;weapons2h;FAŁSZ;ITMW_DRACHENSCHNEIDE;-;ITMW_GS_2H_25;5,5;4;Gamemaster;FAŁSZ;BRAK;BRAK;BRAK;BRAK;BRAK;BRAK;BRAK;DAMAGE_EDGE;160;120;112;28;BRAK;BRAK;BRAK;BRAK;FAŁSZ;BRAK;BRAK;BRAK;;Średni zestaw naprawczy do broni;375;FAŁSZ;5;5;BRAK;BRAK;2;BRAK;BRAK;BRAK;BRAK;BRAK;BRAK;BRAK;Kowal;Miecze;itMw_080_2h_sword_heavy_04.3ds;TAK;TAK;TAK;PRAWDA
Ostrze burzy;1043,08;1794,97;FAŁSZ;Poważny kawałek żelastwa.;ITEM_CAT_NF;ITEM_FLAG_2HD_SWD;Weapon;TwoHanded;AdminWeaponTwoHanded;weapons2h;FAŁSZ;ITMW_STURMBRINGER;-;ITMW_GS_2H_26;5,5;4;Gamemaster;FAŁSZ;BRAK;BRAK;BRAK;BRAK;BRAK;BRAK;BRAK;DAMAGE_EDGE;165;130;120;30;BRAK;BRAK;BRAK;BRAK;FAŁSZ;BRAK;BRAK;BRAK;;Średni zestaw naprawczy do broni;375;FAŁSZ;5;5;BRAK;BRAK;2;BRAK;BRAK;BRAK;BRAK;BRAK;BRAK;BRAK;Kowal;Miecze;ItMw_075_2h_sword_heavy_03.3ds;TAK;TAK;TAK;PRAWDA
Krzyk umierających;1093,08;1859,97;FAŁSZ;A wówczas usłyszą jeno przeraźliwy krzyk.;ITEM_CAT_NF;ITEM_FLAG_2HD_SWD;Weapon;TwoHanded;AdminWeaponTwoHanded;weapons2h;FAŁSZ;ITMW_2H_SWORD_08;-;ITMW_GS_2H_27;5,5;4;Gamemaster;FAŁSZ;BRAK;BRAK;BRAK;BRAK;BRAK;BRAK;BRAK;DAMAGE_EDGE;165;130;120;30;BRAK;BRAK;BRAK;BRAK;FAŁSZ;BRAK;BRAK;BRAK;;Średni zestaw naprawczy do broni;400;FAŁSZ;5;5;BRAK;BRAK;2;BRAK;BRAK;BRAK;BRAK;BRAK;BRAK;BRAK;Kowal;Miecze;KM_Rychu_big_sword_01.3ds;TAK;TAK;TAK;PRAWDA
Sihill;1824,75;3416,48;FAŁSZ;Miecz z mroźnej krainy.;ITEM_CAT_NF;ITEM_FLAG_2HD_SWD;Weapon;TwoHanded;AdminWeaponTwoHanded;weapons2h;FAŁSZ;ITMW_2HSTR_SWORDADDITIONAL_01;-;ITMW_GS_2H_28;6;5;Gamemaster;FAŁSZ;BRAK;BRAK;BRAK;BRAK;BRAK;BRAK;BRAK;DAMAGE_EDGE;175;140;140;30;BRAK;BRAK;BRAK;BRAK;FAŁSZ;BRAK;BRAK;BRAK;;Duży zestaw naprawczy do broni;400;FAŁSZ;5;5;BRAK;BRAK;2,5;BRAK;BRAK;BRAK;BRAK;BRAK;BRAK;BRAK;Kowal;Miecze;ItMw_2H_SilverSword_02.3ds;TAK;TAK;TAK;PRAWDA
Okurtnik;2365,25;4182,14;FAŁSZ;Ostrze obsadzone wielkim ametystem.;ITEM_CAT_NF;ITEM_FLAG_2HD_SWD;Weapon;TwoHanded;AdminWeaponTwoHanded;weapons2h;FAŁSZ;ITMW_PATRON_NIGHTMARE;-;ITMW_GS_2H_29;6;5;Gamemaster;FAŁSZ;BRAK;BRAK;BRAK;BRAK;BRAK;BRAK;BRAK;DAMAGE_EDGE;180;140;150;40;BRAK;BRAK;BRAK;BRAK;FAŁSZ;BRAK;BRAK;BRAK;;Duży zestaw naprawczy do broni;425;FAŁSZ;5;5;BRAK;BRAK;2,5;BRAK;BRAK;BRAK;BRAK;BRAK;BRAK;BRAK;Kowal;Miecze;KM_ItMw_2h_Sword_03.3ds;TAK;TAK;TAK;PRAWDA
Rubinowe ostrze;2646,92;4870,24;FAŁSZ;Ostrze obsadzone wielkim rubinem.;ITEM_CAT_NF;ITEM_FLAG_2HD_SWD;Weapon;TwoHanded;AdminWeaponTwoHanded;weapons2h;FAŁSZ;ITMW_2H_SPECIAL_04;-;ITMW_GS_2H_30;6;5;Gamemaster;FAŁSZ;BRAK;BRAK;BRAK;BRAK;BRAK;BRAK;BRAK;DAMAGE_EDGE;185;140;150;50;BRAK;BRAK;BRAK;BRAK;FAŁSZ;BRAK;BRAK;BRAK;;Duży zestaw naprawczy do broni;450;FAŁSZ;5;5;BRAK;BRAK;2,5;BRAK;BRAK;BRAK;BRAK;BRAK;BRAK;BRAK;Kowal;Miecze;ItMw_110_2h_sword_smith_05.3ds;TAK;TAK;TAK;PRAWDA
Długi kij;#N/D;#N/D;FAŁSZ;Najzwyklejszy długi kij.;ITEM_CAT_NF;ITEM_FLAG_2HD_OBUCH;Weapon;TwoHanded;AdminWeaponTwoHanded;weapons2h;FAŁSZ;ITMW_2H_SPEAR_15_NORMAL;-;ITMW_GS_2H_30_1;4;1;Gamemaster;FAŁSZ;BRAK;BRAK;BRAK;BRAK;BRAK;BRAK;BRAK;DAMAGE_BLUNT;20;95;3;0;BRAK;BRAK;BRAK;BRAK;FAŁSZ;BRAK;BRAK;BRAK;;BRAK;225;PRAWDA;5;5;BRAK;BRAK;1;BRAK;BRAK;BRAK;BRAK;BRAK;BRAK;BRAK;Kowal;Włócznie;ItMw_020_2h_Nov_Staff_01.3ds;TAK;TAK;TAK;FAŁSZ
Prowizoryczna wędka;#N/D;#N/D;FAŁSZ;Prosta wędka stworzona z paru kijów, służy do łowienia ryb, niestety niczym jej nie naprawisz.;ITEM_CAT_NF;ITEM_FLAG_2HD_OBUCH;Weapon;TwoHanded;AdminWeaponTwoHanded;weapons2h;FAŁSZ;ITMW_SDRP_2H_OTH_01;-;ITMW_GS_2H_30_2;2;1;Gamemaster;FAŁSZ;BRAK;BRAK;BRAK;BRAK;BRAK;BRAK;BRAK;DAMAGE_BLUNT;3;90;3;0;BRAK;BRAK;BRAK;BRAK;FAŁSZ;BRAK;BRAK;BRAK;;BRAK;40;PRAWDA;5;5;BRAK;BRAK;1;BRAK;BRAK;BRAK;BRAK;BRAK;BRAK;BRAK;Metalurg;;MALAWEDKA.3ds;TAK;TAK;TAK;FAŁSZ
Zardzewiała łopata;#N/D;#N/D;FAŁSZ;Narzędzie niezbędne do kopania dołów i rozkopywania ziemi, niestety niczym jej nie naprawisz.;ITEM_CAT_NF;ITEM_FLAG_2HD_OBUCH;Weapon;TwoHanded;AdminWeaponTwoHanded;weapons2h;FAŁSZ;itmw_SDRP_2h_oth_07;-;ITMW_GS_2H_30_3;2;1;Gamemaster;FAŁSZ;BRAK;BRAK;BRAK;BRAK;BRAK;BRAK;BRAK;DAMAGE_BLUNT;5;90;3;0;BRAK;BRAK;BRAK;BRAK;FAŁSZ;BRAK;BRAK;BRAK;;BRAK;40;PRAWDA;5;5;BRAK;BRAK;1;BRAK;BRAK;BRAK;BRAK;BRAK;BRAK;BRAK;Metalurg;;LOPATA2.3ds;TAK;TAK;TAK;FAŁSZ
Wędka;21,80;29,60;FAŁSZ;Sprzęt wędkarski składający się z wędziska, żyłki i haczyka, przeznaczony do połowu ryb.;ITEM_CAT_NF;ITEM_FLAG_2HD_OBUCH;Weapon;TwoHanded;AdminWeaponTwoHanded;weapons2h;FAŁSZ;ITMW_SDRP_2H_OTH_01;-;ITMW_GS_2H_31;2;1;Gamemaster;FAŁSZ;BRAK;BRAK;BRAK;BRAK;BRAK;BRAK;BRAK;DAMAGE_BLUNT;5;90;3;0;BRAK;BRAK;BRAK;BRAK;FAŁSZ;BRAK;BRAK;BRAK;;Mały zestaw naprawczy do broni;100;PRAWDA;5;5;BRAK;BRAK;1;BRAK;BRAK;BRAK;BRAK;BRAK;BRAK;BRAK;Metalurg;;MALAWEDKA.3ds;TAK;TAK;TAK;PRAWDA
Łopata;21,30;28,66;FAŁSZ;Narzędzie niezbędne do kopania dołów i rozkopywania ziemi, wykonane z solidnego drewna i metalu.;ITEM_CAT_NF;ITEM_FLAG_2HD_OBUCH;Weapon;TwoHanded;AdminWeaponTwoHanded;weapons2h;FAŁSZ;itmw_SDRP_2h_oth_07;-;ITMW_GS_2H_32;2;1;Gamemaster;FAŁSZ;BRAK;BRAK;BRAK;BRAK;BRAK;BRAK;BRAK;DAMAGE_BLUNT;10;90;4;2;BRAK;BRAK;BRAK;BRAK;FAŁSZ;BRAK;BRAK;BRAK;;Mały zestaw naprawczy do broni;100;PRAWDA;5;5;BRAK;BRAK;1;BRAK;BRAK;BRAK;BRAK;BRAK;BRAK;BRAK;Metalurg;;LOPATA2.3ds;TAK;TAK;TAK;PRAWDA
Kij sędziego;50,00;68,68;FAŁSZ;Solidny kij, używany przez sędziów do utrzymania porządku w sądzie.;ITEM_CAT_NF;ITEM_FLAG_2HD_OBUCH;Weapon;TwoHanded;AdminWeaponTwoHanded;weapons2h;FAŁSZ;ITMW_2H_SPEAR_15_NORMAL;-;ITMW_GS_2H_33;4;1;Gamemaster;FAŁSZ;BRAK;BRAK;BRAK;BRAK;BRAK;BRAK;BRAK;DAMAGE_BLUNT;30;95;8;2;BRAK;BRAK;BRAK;BRAK;FAŁSZ;BRAK;BRAK;BRAK;;Mały zestaw naprawczy do broni;225;PRAWDA;5;5;BRAK;BRAK;1;BRAK;BRAK;BRAK;BRAK;BRAK;BRAK;BRAK;Kowal;Obuchy;ItMw_020_2h_Nov_Staff_01.3ds;TAK;TAK;TAK;PRAWDA
Pika bojowa;62,50;85,90;FAŁSZ;Długa broń drzewcowa, stworzona do walki.;ITEM_CAT_NF;ITEM_FLAG_2HD_OBUCH;Weapon;TwoHanded;AdminWeaponTwoHanded;weapons2h;FAŁSZ;ITMW_2H_SPEAR_06;-;ITMW_GS_2H_34;4;1;Gamemaster;FAŁSZ;BRAK;BRAK;BRAK;BRAK;BRAK;BRAK;BRAK;DAMAGE_BLUNT;40;95;15;4;BRAK;BRAK;BRAK;BRAK;FAŁSZ;BRAK;BRAK;BRAK;;Mały zestaw naprawczy do broni;250;PRAWDA;5;5;BRAK;BRAK;1;BRAK;BRAK;BRAK;BRAK;BRAK;BRAK;BRAK;Kowal;Obuchy;ItMw_020_2h_Nov_Staff_01.3ds;TAK;TAK;TAK;PRAWDA
Ciężka laga;110,65;148,78;FAŁSZ;Kawałek grubszej gałęzi, używany jako oręż.;ITEM_CAT_NF;ITEM_FLAG_2HD_OBUCH;Weapon;TwoHanded;AdminWeaponTwoHanded;weapons2h;FAŁSZ;ITMW_ADDON_KEULE_1H_01;-;ITMW_GS_2H_35;4;1;Gamemaster;FAŁSZ;BRAK;BRAK;BRAK;BRAK;BRAK;BRAK;BRAK;DAMAGE_BLUNT;50;95;24;6;BRAK;BRAK;BRAK;BRAK;FAŁSZ;BRAK;BRAK;BRAK;;Mały zestaw naprawczy do broni;275;PRAWDA;5;5;BRAK;BRAK;1;BRAK;BRAK;BRAK;BRAK;BRAK;BRAK;BRAK;Kowal;Obuchy;ItMW_Club_1H_01.3ds;TAK;TAK;TAK;PRAWDA
Wzmocniona pika bojowa;139,05;186,81;FAŁSZ;Wytrzymalsza i cięższa wersja piki.;ITEM_CAT_NF;ITEM_FLAG_2HD_OBUCH;Weapon;TwoHanded;AdminWeaponTwoHanded;weapons2h;FAŁSZ;ITMW_2H_SPEAR_14;-;ITMW_GS_2H_36;5;2;Gamemaster;FAŁSZ;BRAK;BRAK;BRAK;BRAK;BRAK;BRAK;BRAK;DAMAGE_BLUNT;55;105;32;8;BRAK;BRAK;BRAK;BRAK;FAŁSZ;BRAK;BRAK;BRAK;;Mały zestaw naprawczy do broni;300;PRAWDA;5;5;BRAK;BRAK;1;BRAK;BRAK;BRAK;BRAK;BRAK;BRAK;BRAK;Kowal;Obuchy;ItMw_2h_spear_14.3ds;TAK;TAK;TAK;PRAWDA
Kolczasty kij;157,65;214,66;FAŁSZ;Kij z zakończony zaostrzeniami.;ITEM_CAT_NF;ITEM_FLAG_2HD_OBUCH;Weapon;TwoHanded;AdminWeaponTwoHanded;weapons2h;FAŁSZ;ITMW_STABKEULE_GENERATE;-;ITMW_GS_2H_37;5;2;Gamemaster;FAŁSZ;BRAK;BRAK;BRAK;BRAK;BRAK;BRAK;BRAK;DAMAGE_BLUNT;65;105;35;9;BRAK;BRAK;BRAK;BRAK;FAŁSZ;BRAK;BRAK;BRAK;;Mały zestaw naprawczy do broni;300;PRAWDA;5;5;BRAK;BRAK;1;BRAK;BRAK;BRAK;BRAK;BRAK;BRAK;BRAK;Kowal;Obuchy;ItMw_032_2h_staff_03.3ds;TAK;TAK;TAK;PRAWDA
Przebijak;219,75;292,76;FAŁSZ;Wydłużona pałka wyposażona w małe gwoździe.;ITEM_CAT_NF;ITEM_FLAG_2HD_OBUCH;Weapon;TwoHanded;AdminWeaponTwoHanded;weapons2h;FAŁSZ;ITMW_2H_SPEAR_09_NORMAL;-;ITMW_GS_2H_38;5;2;Gamemaster;FAŁSZ;BRAK;BRAK;BRAK;BRAK;BRAK;BRAK;BRAK;DAMAGE_BLUNT;70;105;38;10;BRAK;BRAK;BRAK;BRAK;FAŁSZ;BRAK;BRAK;BRAK;;Mały zestaw naprawczy do broni;325;PRAWDA;5;5;BRAK;BRAK;1;BRAK;BRAK;BRAK;BRAK;BRAK;BRAK;BRAK;Kowal;Obuchy;ItMw_2h_spear_09.3ds;TAK;TAK;TAK;PRAWDA
Wpieniacz;273,15;364,44;FAŁSZ;Średniej wielkości młot, idealny dla poddenerwowanych poszukiwaczy przygód.;ITEM_CAT_NF;ITEM_FLAG_2HD_OBUCH;Weapon;TwoHanded;AdminWeaponTwoHanded;weapons2h;FAŁSZ;ITMW_PATRON_SZPERLACZ;-;ITMW_GS_2H_39;5;2;Gamemaster;FAŁSZ;BRAK;BRAK;BRAK;BRAK;BRAK;BRAK;BRAK;DAMAGE_BLUNT;85;105;45;11;BRAK;BRAK;BRAK;BRAK;FAŁSZ;BRAK;BRAK;BRAK;;Mały zestaw naprawczy do broni;325;PRAWDA;5;5;BRAK;BRAK;1;BRAK;BRAK;BRAK;BRAK;BRAK;BRAK;BRAK;Kowal;Obuchy;KM_ItMw_1H_Hammer_03.3ds;TAK;TAK;TAK;PRAWDA
Sługa wichru;321,85;429,15;FAŁSZ;Podczas uderzenia da się poczuć mocny podmuch wiatru.;ITEM_CAT_NF;ITEM_FLAG_2HD_OBUCH;Weapon;TwoHanded;AdminWeaponTwoHanded;weapons2h;FAŁSZ;ITMW_ADDON_KEULE_2H_01;-;ITMW_GS_2H_40;5;2;Gamemaster;FAŁSZ;BRAK;BRAK;BRAK;BRAK;BRAK;BRAK;BRAK;DAMAGE_BLUNT;90;105;48;12;BRAK;BRAK;BRAK;BRAK;FAŁSZ;BRAK;BRAK;BRAK;;Mały zestaw naprawczy do broni;350;PRAWDA;5;5;BRAK;BRAK;1;BRAK;BRAK;BRAK;BRAK;BRAK;BRAK;BRAK;Kowal;Obuchy;ItMW_Club_2H_01.3ds;TAK;TAK;TAK;PRAWDA
Maczuga półświatku;426,25;634,37;FAŁSZ;Prosta, toporna broń, której używają uliczni bandyci i zbiry, wykonana z kawałka drewna wzmocnionego żelazem.;ITEM_CAT_NF;ITEM_FLAG_2HD_OBUCH;Weapon;TwoHanded;AdminWeaponTwoHanded;weapons2h;FAŁSZ;ITMW_2H_MACE_01_GENERATE;-;ITMW_GS_2H_41;5,5;3;Gamemaster;FAŁSZ;BRAK;BRAK;BRAK;BRAK;BRAK;BRAK;BRAK;DAMAGE_BLUNT;95;115;52;13;BRAK;BRAK;BRAK;BRAK;FAŁSZ;BRAK;BRAK;BRAK;;Średni zestaw naprawczy do broni;350;PRAWDA;5;5;BRAK;BRAK;2;BRAK;BRAK;BRAK;BRAK;BRAK;BRAK;BRAK;Kowal;Obuchy;KM_ItMw_2h_Mace_01.3ds;TAK;TAK;TAK;PRAWDA
Maczuga barbarzyńcy;491,92;730,87;FAŁSZ;Solidna, prosta maczuga, zaprojektowana by zadawać dotkliwe obrażenia obuchowe.;ITEM_CAT_NF;ITEM_FLAG_2HD_OBUCH;Weapon;TwoHanded;AdminWeaponTwoHanded;weapons2h;FAŁSZ;ITMW_2H_FROGMACE;-;ITMW_GS_2H_42;5,5;3;Gamemaster;FAŁSZ;BRAK;BRAK;BRAK;BRAK;BRAK;BRAK;BRAK;DAMAGE_BLUNT;105;115;55;15;BRAK;BRAK;BRAK;BRAK;FAŁSZ;BRAK;BRAK;BRAK;;Średni zestaw naprawczy do broni;375;PRAWDA;5;5;BRAK;BRAK;2;BRAK;BRAK;BRAK;BRAK;BRAK;BRAK;BRAK;Kowal;Obuchy;KM_FrogMace.3ds;TAK;TAK;TAK;PRAWDA
Warchlak;586,98;870,30;FAŁSZ;Mniejsza wersja Knura.;ITEM_CAT_NF;ITEM_FLAG_2HD_OBUCH;Weapon;TwoHanded;AdminWeaponTwoHanded;weapons2h;FAŁSZ;ITMW_2H_MACE_02_NORMAL;-;ITMW_GS_2H_43;5,5;3;Gamemaster;FAŁSZ;BRAK;BRAK;BRAK;BRAK;BRAK;BRAK;BRAK;DAMAGE_BLUNT;120;115;60;16;BRAK;BRAK;BRAK;BRAK;FAŁSZ;BRAK;BRAK;BRAK;;Średni zestaw naprawczy do broni;375;PRAWDA;5;5;BRAK;BRAK;2;BRAK;BRAK;BRAK;BRAK;BRAK;BRAK;BRAK;Kowal;Obuchy;KM_ItMw_2h_Mace_02.3ds;TAK;TAK;TAK;PRAWDA
Kolczasta pałka;647,78;968,58;FAŁSZ;Długa broń naostrzona kolcami.;ITEM_CAT_NF;ITEM_FLAG_2HD_OBUCH;Weapon;TwoHanded;AdminWeaponTwoHanded;weapons2h;FAŁSZ;ITMW_2H_DEX_BLUNT_04;-;ITMW_GS_2H_44;5,5;3;Gamemaster;FAŁSZ;BRAK;BRAK;BRAK;BRAK;BRAK;BRAK;BRAK;DAMAGE_BLUNT;125;115;65;18;BRAK;BRAK;BRAK;BRAK;FAŁSZ;BRAK;BRAK;BRAK;;Średni zestaw naprawczy do broni;375;PRAWDA;5;5;BRAK;BRAK;2;BRAK;BRAK;BRAK;BRAK;BRAK;BRAK;BRAK;Kowal;Obuchy;KM_2h_blunt_dex_04.3ds;TAK;TAK;TAK;PRAWDA
Górski kaznodzieja;732,85;1100,76;FAŁSZ;Młot który ogłasza twoją rychłą zgube.;ITEM_CAT_NF;ITEM_FLAG_2HD_OBUCH;Weapon;TwoHanded;AdminWeaponTwoHanded;weapons2h;FAŁSZ;ITMW_2H_DEX_BLUNT_03;-;ITMW_GS_2H_45;5,5;3;Gamemaster;FAŁSZ;BRAK;BRAK;BRAK;BRAK;BRAK;BRAK;BRAK;DAMAGE_BLUNT;130;115;70;20;BRAK;BRAK;BRAK;BRAK;FAŁSZ;BRAK;BRAK;BRAK;;Średni zestaw naprawczy do broni;375;PRAWDA;5;5;BRAK;BRAK;2;BRAK;BRAK;BRAK;BRAK;BRAK;BRAK;BRAK;Kowal;Obuchy;ItMw_2h_spear_12.3ds;TAK;TAK;TAK;PRAWDA
Stalowy młot;793,65;1199,04;FAŁSZ;Poteżny młot, ciekawe czy da sie nim kuć.;ITEM_CAT_NF;ITEM_FLAG_2HD_OBUCH;Weapon;TwoHanded;AdminWeaponTwoHanded;weapons2h;FAŁSZ;ITMW_2H_DEX_BLUNT_02;-;ITMW_GS_2H_46;5,5;3;Gamemaster;FAŁSZ;BRAK;BRAK;BRAK;BRAK;BRAK;BRAK;BRAK;DAMAGE_BLUNT;135;115;76;24;BRAK;BRAK;BRAK;BRAK;FAŁSZ;BRAK;BRAK;BRAK;;Średni zestaw naprawczy do broni;375;PRAWDA;5;5;BRAK;BRAK;2;BRAK;BRAK;BRAK;BRAK;BRAK;BRAK;BRAK;Kowal;Obuchy;KM_2h_blunt_dex_02.3ds;TAK;TAK;TAK;PRAWDA
Poskramiacz zamieszek;939,35;1413,45;FAŁSZ;Solidna, dwuręczna broń obuchowa używana do wprowadzania porządku.;ITEM_CAT_NF;ITEM_FLAG_2HD_OBUCH;Weapon;TwoHanded;AdminWeaponTwoHanded;weapons2h;FAŁSZ;ITMW_2H_DEX_BLUNT_05;-;ITMW_GS_2H_47;6,5;4;Gamemaster;FAŁSZ;BRAK;BRAK;BRAK;BRAK;BRAK;BRAK;BRAK;DAMAGE_BLUNT;155;125;85;25;BRAK;BRAK;BRAK;BRAK;FAŁSZ;BRAK;BRAK;BRAK;;Średni zestaw naprawczy do broni;375;FAŁSZ;5;5;BRAK;BRAK;2;BRAK;BRAK;BRAK;BRAK;BRAK;BRAK;BRAK;Kowal;Obuchy;KM_2h_blunt_dex_03.3ds;TAK;TAK;TAK;PRAWDA
Knur;1040,02;1553,85;FAŁSZ;Nieco większa wersja Warchlaka.;ITEM_CAT_NF;ITEM_FLAG_2HD_OBUCH;Weapon;TwoHanded;AdminWeaponTwoHanded;weapons2h;FAŁSZ;ITMW_2H_DEX_BLUNT_01;-;ITMW_GS_2H_48;6,5;4;Gamemaster;FAŁSZ;BRAK;BRAK;BRAK;BRAK;BRAK;BRAK;BRAK;DAMAGE_BLUNT;165;125;100;30;BRAK;BRAK;BRAK;BRAK;FAŁSZ;BRAK;BRAK;BRAK;;Średni zestaw naprawczy do broni;375;FAŁSZ;5;5;BRAK;BRAK;2;BRAK;BRAK;BRAK;BRAK;BRAK;BRAK;BRAK;Kowal;Obuchy;KM_2h_blunt_dex_01.3ds;TAK;TAK;TAK;PRAWDA
Stalowy gniew;1060,82;1597,68;FAŁSZ;Ciężki i potężny młot.;ITEM_CAT_NF;ITEM_FLAG_2HD_OBUCH;Weapon;TwoHanded;AdminWeaponTwoHanded;weapons2h;FAŁSZ;ITMW_2H_HAMMER_ILSE;-;ITMW_GS_2H_49;6,5;4;Gamemaster;FAŁSZ;BRAK;BRAK;BRAK;BRAK;BRAK;BRAK;BRAK;DAMAGE_BLUNT;165;125;100;30;BRAK;BRAK;BRAK;BRAK;FAŁSZ;BRAK;BRAK;BRAK;;Średni zestaw naprawczy do broni;400;FAŁSZ;5;5;BRAK;BRAK;2;BRAK;BRAK;BRAK;BRAK;BRAK;BRAK;BRAK;Kowal;Obuchy;KM_ItMw_2H_Hammer_02.3ds;TAK;TAK;TAK;PRAWDA
Miazga;1153,08;1760,72;FAŁSZ;Ta broń ma tylko jedno zadanie.;ITEM_CAT_NF;ITEM_FLAG_2HD_OBUCH;Weapon;TwoHanded;AdminWeaponTwoHanded;weapons2h;FAŁSZ;ITMW_2H_HAMMER_05;-;ITMW_GS_2H_50;6,5;4;Gamemaster;FAŁSZ;BRAK;BRAK;BRAK;BRAK;BRAK;BRAK;BRAK;DAMAGE_BLUNT;170;125;110;30;BRAK;BRAK;BRAK;BRAK;FAŁSZ;BRAK;BRAK;BRAK;;Średni zestaw naprawczy do broni;400;FAŁSZ;5;5;BRAK;BRAK;2;BRAK;BRAK;BRAK;BRAK;BRAK;BRAK;BRAK;Kowal;Obuchy;KM_ItMw_2H_Hammer_05.3ds;TAK;TAK;TAK;PRAWDA
Piorun;1336,28;2066,01;FAŁSZ;Uderzy jak piorun z jasnego nieba.;ITEM_CAT_NF;ITEM_FLAG_2HD_OBUCH;Weapon;TwoHanded;AdminWeaponTwoHanded;weapons2h;FAŁSZ;ITMW_2H_HAMMER_03;-;ITMW_GS_2H_51;6,5;4;Gamemaster;FAŁSZ;BRAK;BRAK;BRAK;BRAK;BRAK;BRAK;BRAK;DAMAGE_BLUNT;175;125;115;35;BRAK;BRAK;BRAK;BRAK;FAŁSZ;BRAK;BRAK;BRAK;;Średni zestaw naprawczy do broni;400;FAŁSZ;5;5;BRAK;BRAK;2;BRAK;BRAK;BRAK;BRAK;BRAK;BRAK;BRAK;Kowal;Obuchy;KM_ItMw_1H_Hammer_04.3ds;TAK;TAK;TAK;PRAWDA
Mistrzowska zbrodnia;1998,12;3238,94;FAŁSZ;Idealna do prawdziwych rozrób.;ITEM_CAT_NF;ITEM_FLAG_2HD_OBUCH;Weapon;TwoHanded;AdminWeaponTwoHanded;weapons2h;FAŁSZ;ITMW_2H_HAMMER_BIGBEN;-;ITMW_GS_2H_52;7;5;Gamemaster;FAŁSZ;BRAK;BRAK;BRAK;BRAK;BRAK;BRAK;BRAK;DAMAGE_BLUNT;190;135;130;40;BRAK;BRAK;BRAK;BRAK;FAŁSZ;BRAK;BRAK;BRAK;;Duży zestaw naprawczy do broni;425;FAŁSZ;5;5;BRAK;BRAK;2,5;BRAK;BRAK;BRAK;BRAK;BRAK;BRAK;BRAK;Kowal;Obuchy;KM_BigBen_Hammer.3ds;TAK;TAK;TAK;PRAWDA
Nordmarski młot;2462,92;3986,42;FAŁSZ;Młot prosto z przepisu Nordmarskich kuźni.;ITEM_CAT_NF;ITEM_FLAG_2HD_OBUCH;Weapon;TwoHanded;AdminWeaponTwoHanded;weapons2h;FAŁSZ;ITMW_2H_HAMMER_01_GENERATE;-;ITMW_GS_2H_53;7;5;Gamemaster;FAŁSZ;BRAK;BRAK;BRAK;BRAK;BRAK;BRAK;BRAK;DAMAGE_BLUNT;195;135;140;40;BRAK;BRAK;BRAK;BRAK;FAŁSZ;BRAK;BRAK;BRAK;;Duży zestaw naprawczy do broni;450;FAŁSZ;5;5;BRAK;BRAK;2,5;BRAK;BRAK;BRAK;BRAK;BRAK;BRAK;BRAK;Kowal;Obuchy;KM_ItMw_1H_Hammer_01.3ds;TAK;TAK;TAK;PRAWDA
Wojownicza gracja;2928,38;4744,71;FAŁSZ;Nazwa ma niewiele wspólnego z prawdą.;ITEM_CAT_NF;ITEM_FLAG_2HD_OBUCH;Weapon;TwoHanded;AdminWeaponTwoHanded;weapons2h;FAŁSZ;ITMW_2H_HAMMER_06;-;ITMW_GS_2H_54;7;5;Gamemaster;FAŁSZ;BRAK;BRAK;BRAK;BRAK;BRAK;BRAK;BRAK;DAMAGE_BLUNT;200;135;150;40;BRAK;BRAK;BRAK;BRAK;FAŁSZ;BRAK;BRAK;BRAK;;Duży zestaw naprawczy do broni;450;FAŁSZ;5;5;BRAK;BRAK;2,5;BRAK;BRAK;BRAK;BRAK;BRAK;BRAK;BRAK;Kowal;Obuchy;KM_ItMw_2H_Hammer_06.3ds;TAK;TAK;TAK;PRAWDA
Wyszczerbiony kij;23,80;26,81;FAŁSZ;Kawałek drewna znaleziony w lesie, z postrzępionymi krawędziami.;ITEM_CAT_NF;ITEM_FLAG_SPEAR;Weapon;TwoHanded;AdminWeaponTwoHanded;weapons2h;FAŁSZ;ITMW_PATRON_NETTLES;-;ITMW_GS_2H_55;4;0;Gamemaster;FAŁSZ;BRAK;BRAK;BRAK;BRAK;BRAK;BRAK;BRAK;DAMAGE_POINT;20;105;0;3;BRAK;BRAK;BRAK;BRAK;FAŁSZ;BRAK;BRAK;BRAK;;Gałąź;50;PRAWDA;5;5;BRAK;BRAK;1;BRAK;BRAK;BRAK;BRAK;BRAK;BRAK;BRAK;Kowal;Włócznie;ItMw_2h_spear_03.3ds;TAK;TAK;TAK;PRAWDA
Pordzewiały kilof;#N/D;#N/D;FAŁSZ;Narzędzie służące do rozbijania skał i wydobywania rudy. Niestety jest już stare i nie można go naprawić.;ITEM_CAT_NF;ITEM_FLAG_2HD_SWD;Weapon;TwoHanded;AdminWeaponTwoHanded;weapons2h;FAŁSZ;ITMW_PATRON_VALBRYCHA;-;ITMW_GS_2H_55_1;3;1;Gamemaster;FAŁSZ;BRAK;BRAK;BRAK;BRAK;BRAK;BRAK;BRAK;DAMAGE_EDGE;5;95;3;0;BRAK;BRAK;BRAK;BRAK;FAŁSZ;BRAK;BRAK;BRAK;;Gałąź;40;PRAWDA;5;5;BRAK;BRAK;1;BRAK;BRAK;BRAK;BRAK;BRAK;BRAK;BRAK;Metalurg;;ItMw_020_2h_Pickaxe_01.3ds;TAK;TAK;TAK;FAŁSZ
Pordzewiała siekiera;#N/D;#N/D;FAŁSZ;Narzędzie stworzone z myślą o rąbania drewna, nie zdatne do naprawy.;ITEM_CAT_NF;ITEM_FLAG_2HD_SWD;Weapon;TwoHanded;AdminWeaponTwoHanded;weapons2h;FAŁSZ;ITMW_2H_BAU_AXE;-;ITMW_GS_2H_55_2;3;1;Gamemaster;FAŁSZ;BRAK;BRAK;BRAK;BRAK;BRAK;BRAK;BRAK;DAMAGE_EDGE;5;95;3;0;BRAK;BRAK;BRAK;BRAK;FAŁSZ;BRAK;BRAK;BRAK;;Gałąź;40;PRAWDA;5;5;BRAK;BRAK;1;BRAK;BRAK;BRAK;BRAK;BRAK;BRAK;BRAK;Metalurg;;ItMw_2h_spear_03.3ds;TAK;TAK;TAK;FAŁSZ
Treningowa włócznia;#N/D;#N/D;FAŁSZ;Idealna włócznia do treningu.;ITEM_CAT_NF;ITEM_FLAG_SPEAR;Weapon;TwoHanded;AdminWeaponTwoHanded;weapons2h;FAŁSZ;-;-;ITMW_GS_2H_55_3;3;1;Gamemaster;FAŁSZ;BRAK;BRAK;BRAK;BRAK;BRAK;BRAK;BRAK;DAMAGE_POINT;0;105;0;0;BRAK;BRAK;BRAK;BRAK;FAŁSZ;BRAK;BRAK;BRAK;;Mały zestaw naprawczy do broni;275;PRAWDA;5;5;BRAK;BRAK;1;BRAK;BRAK;BRAK;BRAK;BRAK;BRAK;BRAK;;;;;;;FAŁSZ
Kilof;21,30;28,66;FAŁSZ;Narzędzie służące do rozbijania skał i wydobywania rudy. Wykonane z solidnego metalu i drewnianego trzonka.;ITEM_CAT_NF;ITEM_FLAG_2HD_SWD;Weapon;TwoHanded;AdminWeaponTwoHanded;weapons2h;FAŁSZ;ITMW_PATRON_VALBRYCHA;-;ITMW_GS_2H_56;3;1;Gamemaster;FAŁSZ;BRAK;BRAK;BRAK;BRAK;BRAK;BRAK;BRAK;DAMAGE_EDGE;15;95;5;1;BRAK;BRAK;BRAK;BRAK;FAŁSZ;BRAK;BRAK;BRAK;;Mały zestaw naprawczy do broni;100;PRAWDA;5;5;BRAK;BRAK;1;BRAK;BRAK;BRAK;BRAK;BRAK;BRAK;BRAK;Metalurg;;ItMw_020_2h_Pickaxe_01.3ds;TAK;TAK;TAK;PRAWDA
Siekiera;21,30;28,66;FAŁSZ;Narzędzie stworzone z żelaznej głowni osadzonej na drewnianym trzonku, używane do rąbania drewna.;ITEM_CAT_NF;ITEM_FLAG_2HD_SWD;Weapon;TwoHanded;AdminWeaponTwoHanded;weapons2h;FAŁSZ;ITMW_2H_BAU_AXE;-;ITMW_GS_2H_57;3;1;Gamemaster;FAŁSZ;BRAK;BRAK;BRAK;BRAK;BRAK;BRAK;BRAK;DAMAGE_EDGE;20;110;10;2;BRAK;BRAK;BRAK;BRAK;FAŁSZ;BRAK;BRAK;BRAK;;Mały zestaw naprawczy do broni;100;PRAWDA;5;5;BRAK;BRAK;1;BRAK;BRAK;BRAK;BRAK;BRAK;BRAK;BRAK;Metalurg;;ItMw_020_2h_Axe_Lumberjack_01.3ds;TAK;TAK;TAK;PRAWDA
Kosa;65,95;83,77;FAŁSZ;Narzędzie rolnicze używane do ścinania wysokich traw. Ostrze wykonane jest z solidnej stali.;ITEM_CAT_NF;ITEM_FLAG_2HD_SWD;Weapon;TwoHanded;AdminWeaponTwoHanded;weapons2h;FAŁSZ;ITMW_2H_BAU_SCYTHE;-;ITMW_GS_2H_58;4;1;Gamemaster;FAŁSZ;BRAK;BRAK;BRAK;BRAK;BRAK;BRAK;BRAK;DAMAGE_EDGE;25;95;6;6;BRAK;BRAK;BRAK;BRAK;FAŁSZ;BRAK;BRAK;BRAK;;Mały zestaw naprawczy do broni;100;PRAWDA;5;5;BRAK;BRAK;1;BRAK;BRAK;BRAK;BRAK;BRAK;BRAK;BRAK;Kowal;Inne;KM_ItMw_2H_BAU_Scythe.3ds;TAK;TAK;TAK;PRAWDA
Prymitywna włócznia;65,95;83,77;FAŁSZ;Włócznia zrobiona z prostego, ostro zakończonego kija. Broń często używana przez prymitywne plemiona.;ITEM_CAT_NF;ITEM_FLAG_SPEAR;Weapon;TwoHanded;AdminWeaponTwoHanded;weapons2h;FAŁSZ;ITMW_2H_SPEAR_08_GENERATE;-;ITMW_GS_2H_59;3;1;Gamemaster;FAŁSZ;BRAK;BRAK;BRAK;BRAK;BRAK;BRAK;BRAK;DAMAGE_POINT;40;105;6;24;BRAK;BRAK;BRAK;BRAK;FAŁSZ;BRAK;BRAK;BRAK;;Mały zestaw naprawczy do broni;275;PRAWDA;5;5;BRAK;BRAK;1;BRAK;BRAK;BRAK;BRAK;BRAK;BRAK;BRAK;Kowal;Włócznie;ItMw_2h_spear_08.3ds;TAK;TAK;TAK;PRAWDA
Ciężki topór drwala;120,35;154,87;FAŁSZ;Narzędzie pracy drwala z żelazną głowicą i drewnianym trzonkiem.;ITEM_CAT_NF;ITEM_FLAG_2HD_AXE;Weapon;TwoHanded;AdminWeaponTwoHanded;weapons2h;FAŁSZ;ITMW_1H_MISC_AXE_Q304_02;-;ITMW_GS_2H_60;4;1;Gamemaster;FAŁSZ;BRAK;BRAK;BRAK;BRAK;BRAK;BRAK;BRAK;DAMAGE_EDGE;40;95;24;6;BRAK;BRAK;BRAK;BRAK;FAŁSZ;BRAK;BRAK;BRAK;;Mały zestaw naprawczy do broni;275;PRAWDA;5;5;BRAK;BRAK;1;BRAK;BRAK;BRAK;BRAK;BRAK;BRAK;BRAK;Kowal;Topory;ItMw_025_2h_Misc_Axe_old_01.3ds;TAK;TAK;TAK;PRAWDA
Topór bojowy;154,75;204,08;FAŁSZ;Powszechnie używany topór z długim styliskiem i szerokim ostrzem, idealny do walki na bliski dystans.;ITEM_CAT_NF;ITEM_FLAG_2HD_AXE;Weapon;TwoHanded;AdminWeaponTwoHanded;weapons2h;FAŁSZ;ITMW_2H_SLD_AXE_Q304;-;ITMW_GS_2H_61;5;2;Gamemaster;FAŁSZ;BRAK;BRAK;BRAK;BRAK;BRAK;BRAK;BRAK;DAMAGE_EDGE;50;105;32;8;BRAK;BRAK;BRAK;BRAK;FAŁSZ;BRAK;BRAK;BRAK;;Mały zestaw naprawczy do broni;300;PRAWDA;5;5;BRAK;BRAK;1;BRAK;BRAK;BRAK;BRAK;BRAK;BRAK;BRAK;Kowal;Topory;ItMw_035_2h_sld_axe_01.3ds;TAK;TAK;TAK;PRAWDA
Krwawy orzeł;209,85;283,31;FAŁSZ;Symbol okrutnej legendy wikingów.;ITEM_CAT_NF;ITEM_FLAG_2HD_AXE;Weapon;TwoHanded;AdminWeaponTwoHanded;weapons2h;FAŁSZ;ITMW_HELLEBARDE;-;ITMW_GS_2H_62;4,5;2;Gamemaster;FAŁSZ;BRAK;BRAK;BRAK;BRAK;BRAK;BRAK;BRAK;DAMAGE_EDGE;65;105;38;10;BRAK;BRAK;BRAK;BRAK;FAŁSZ;BRAK;BRAK;BRAK;;Mały zestaw naprawczy do broni;300;PRAWDA;5;5;BRAK;BRAK;1;BRAK;BRAK;BRAK;BRAK;BRAK;BRAK;BRAK;Kowal;Topory;itmw_028_2h_halberd_01.3ds;TAK;TAK;TAK;PRAWDA
Kostur sędziego;188,75;251,00;FAŁSZ;Drewniany kostur, noszony przez sędziego jako symbol jego urzędu.;ITEM_CAT_NF;ITEM_FLAG_SPEAR;Weapon;TwoHanded;AdminWeaponTwoHanded;weapons2h;FAŁSZ;ITMW_RICHTSTAB;-;ITMW_GS_2H_63;4;2;Gamemaster;FAŁSZ;BRAK;BRAK;BRAK;BRAK;BRAK;BRAK;BRAK;DAMAGE_POINT;55;115;10;38;BRAK;BRAK;BRAK;BRAK;FAŁSZ;BRAK;BRAK;BRAK;;Mały zestaw naprawczy do broni;300;PRAWDA;5;5;BRAK;BRAK;1;BRAK;BRAK;BRAK;BRAK;BRAK;BRAK;BRAK;Kowal;Włócznie;ItMw_025_2h_Staff_02.3ds;TAK;TAK;TAK;PRAWDA
Lekki haraldski toporek;259,85;343,31;FAŁSZ;Lekki toporek bojowy, wyciosany z wytrzymałej stali haraldskiej. Dobrze wyważony i łatwy w użyciu.;ITEM_CAT_NF;ITEM_FLAG_2HD_AXE;Weapon;TwoHanded;AdminWeaponTwoHanded;weapons2h;FAŁSZ;ITMW_STREITAXT1_GENERATE;-;ITMW_GS_2H_64;5;2;Gamemaster;FAŁSZ;BRAK;BRAK;BRAK;BRAK;BRAK;BRAK;BRAK;DAMAGE_EDGE;85;105;48;12;BRAK;BRAK;BRAK;BRAK;FAŁSZ;BRAK;BRAK;BRAK;;Mały zestaw naprawczy do broni;325;PRAWDA;5;5;BRAK;BRAK;1;BRAK;BRAK;BRAK;BRAK;BRAK;BRAK;BRAK;Kowal;Topory;ItMw_035_2h_Axe_light_03.3ds;TAK;TAK;TAK;PRAWDA
Wzmocniona włócznia;303,65;402,03;FAŁSZ;Włócznia wzmocniona metalowymi elementami, zapewniająca lepszą skuteczność w walce.;ITEM_CAT_NF;ITEM_FLAG_SPEAR;Weapon;TwoHanded;AdminWeaponTwoHanded;weapons2h;FAŁSZ;ITMW_2H_SPEAR_07_GENERATE;-;ITMW_GS_2H_65;4;2;Gamemaster;FAŁSZ;BRAK;BRAK;BRAK;BRAK;BRAK;BRAK;BRAK;DAMAGE_POINT;75;115;12;48;BRAK;BRAK;BRAK;BRAK;FAŁSZ;BRAK;BRAK;BRAK;;Mały zestaw naprawczy do broni;325;PRAWDA;5;5;BRAK;BRAK;1;BRAK;BRAK;BRAK;BRAK;BRAK;BRAK;BRAK;Kowal;Włócznie;ItMw_2h_spear_07.3ds;TAK;TAK;TAK;PRAWDA
Glewia;496,25;725,28;FAŁSZ;Długa broń drzewcowa z szerokim, ostrym ostrzem, idealna do zadawania cięć z dystansu.;ITEM_CAT_NF;ITEM_FLAG_SPEAR;Weapon;TwoHanded;AdminWeaponTwoHanded;weapons2h;FAŁSZ;ITMW_2H_SPEAR_11_NORMAL;-;ITMW_GS_2H_66;5,5;3;Gamemaster;FAŁSZ;BRAK;BRAK;BRAK;BRAK;BRAK;BRAK;BRAK;DAMAGE_POINT;80;140;35;35;BRAK;BRAK;BRAK;BRAK;FAŁSZ;BRAK;BRAK;BRAK;;Średni zestaw naprawczy do broni;325;PRAWDA;5;5;BRAK;BRAK;2;BRAK;BRAK;BRAK;BRAK;BRAK;BRAK;BRAK;Kowal;Włócznie;ItMw_2h_spear_11.3ds;TAK;TAK;TAK;PRAWDA
Dwuręczny Haraldski toporek;568,75;838,37;FAŁSZ;Toporek doświadczonego Haraldczyka.;ITEM_CAT_NF;ITEM_FLAG_2HD_AXE;Weapon;TwoHanded;AdminWeaponTwoHanded;weapons2h;FAŁSZ;ITMW_STREITAXT2;-;ITMW_GS_2H_67;5,5;3;Gamemaster;FAŁSZ;BRAK;BRAK;BRAK;BRAK;BRAK;BRAK;BRAK;DAMAGE_EDGE;110;115;61;15;BRAK;BRAK;BRAK;BRAK;FAŁSZ;BRAK;BRAK;BRAK;;Średni zestaw naprawczy do broni;325;PRAWDA;5;5;BRAK;BRAK;2;BRAK;BRAK;BRAK;BRAK;BRAK;BRAK;BRAK;Kowal;Topory;ItMw_060_2h_axe_heavy_01.3ds;TAK;TAK;TAK;PRAWDA
Włócznia łowcy;612,25;898,63;FAŁSZ;Lekka włócznia często używana przez myśliwych. Zrobiona z twardego drewna i zaostrzona na końcu.;ITEM_CAT_NF;ITEM_FLAG_SPEAR;Weapon;TwoHanded;AdminWeaponTwoHanded;weapons2h;FAŁSZ;ITMW_2H_SPEAR_02_GENERATE;-;ITMW_GS_2H_68;5,5;3;Gamemaster;FAŁSZ;BRAK;BRAK;BRAK;BRAK;BRAK;BRAK;BRAK;DAMAGE_POINT;90;125;15;61;BRAK;BRAK;BRAK;BRAK;FAŁSZ;BRAK;BRAK;BRAK;;Średni zestaw naprawczy do broni;325;PRAWDA;5;5;BRAK;BRAK;2;BRAK;BRAK;BRAK;BRAK;BRAK;BRAK;BRAK;Kowal;Włócznie;ItMw_2h_spear_02.3ds;TAK;TAK;TAK;PRAWDA
Obrońca;724,75;1066,98;FAŁSZ;Długa i wyważona włócznia, nastawiona na defensywny styl walki.;ITEM_CAT_NF;ITEM_FLAG_SPEAR;Weapon;TwoHanded;AdminWeaponTwoHanded;weapons2h;FAŁSZ;ITMW_PATRON_MELONIDAS;-;ITMW_GS_2H_69;5,5;3;Gamemaster;FAŁSZ;BRAK;BRAK;BRAK;BRAK;BRAK;BRAK;BRAK;DAMAGE_POINT;115;130;18;72;BRAK;BRAK;BRAK;BRAK;FAŁSZ;BRAK;BRAK;BRAK;;Średni zestaw naprawczy do broni;350;PRAWDA;5;5;BRAK;BRAK;2;BRAK;BRAK;BRAK;BRAK;BRAK;BRAK;BRAK;Kowal;Włócznie;ItMw_2h_spear_04.3ds;TAK;TAK;TAK;PRAWDA
Zguba Ragnara;778,25;1134,48;FAŁSZ;Zguba prawdziwego Haraldczyka.;ITEM_CAT_NF;ITEM_FLAG_2HD_AXE;Weapon;TwoHanded;AdminWeaponTwoHanded;weapons2h;FAŁSZ;ITMW_PATRON_ARNI;-;ITMW_GS_2H_70;5,5;3;Gamemaster;FAŁSZ;BRAK;BRAK;BRAK;BRAK;BRAK;BRAK;BRAK;DAMAGE_EDGE;135;115;72;18;BRAK;BRAK;BRAK;BRAK;FAŁSZ;BRAK;BRAK;BRAK;;Średni zestaw naprawczy do broni;350;PRAWDA;5;5;BRAK;BRAK;2;BRAK;BRAK;BRAK;BRAK;BRAK;BRAK;BRAK;Kowal;Topory;KM_Rychu_Axe_03.3ds;TAK;TAK;TAK;PRAWDA
Topór bersekera;904,25;1315,07;FAŁSZ;Potężny topór bojowy, symbol dzikiej furii i siły. Wykuty z solidnej stali, idealny do siania spustoszenia w szeregach wroga.;ITEM_CAT_NF;ITEM_FLAG_2HD_AXE;Weapon;TwoHanded;AdminWeaponTwoHanded;weapons2h;FAŁSZ;ITMW_2H_NONE_AXE_03;-;ITMW_GS_2H_71;5,5;3;Gamemaster;FAŁSZ;BRAK;BRAK;BRAK;BRAK;BRAK;BRAK;BRAK;DAMAGE_EDGE;135;115;72;18;BRAK;BRAK;BRAK;BRAK;FAŁSZ;BRAK;BRAK;BRAK;;Średni zestaw naprawczy do broni;375;PRAWDA;5;5;BRAK;BRAK;2;BRAK;BRAK;BRAK;BRAK;BRAK;BRAK;BRAK;Kowal;Topory;KM_ItMw_Rychu_2H_Axe_01.3ds;TAK;TAK;TAK;PRAWDA
Halabarda;1057,25;1562,67;FAŁSZ;Długa broń drzewcowa z szerokim ostrzem, przeznaczona do walki na większą odległość.;ITEM_CAT_NF;ITEM_FLAG_SPEAR;Weapon;TwoHanded;AdminWeaponTwoHanded;weapons2h;FAŁSZ;ITMW_HALBERD;-;ITMW_GS_2H_72;6,5;4;Gamemaster;FAŁSZ;BRAK;BRAK;BRAK;BRAK;BRAK;BRAK;BRAK;DAMAGE_POINT;130;155;60;60;BRAK;BRAK;BRAK;BRAK;FAŁSZ;BRAK;BRAK;BRAK;;Średni zestaw naprawczy do broni;375;FAŁSZ;5;5;BRAK;BRAK;2;BRAK;BRAK;BRAK;BRAK;BRAK;BRAK;BRAK;Kowal;Włócznie;KM_mw_halberd_01.3ds;TAK;TAK;TAK;PRAWDA
Topór dręczyciela;1132,25;1660,17;FAŁSZ;Potężny topór bojowy kuty z ciemnej stali, używany do zadawania dotkliwych ran.;ITEM_CAT_NF;ITEM_FLAG_2HD_AXE;Weapon;TwoHanded;AdminWeaponTwoHanded;weapons2h;FAŁSZ;ITMW_2H_NONE_AXE_02_GENERATE;-;ITMW_GS_2H_73;6,5;4;Gamemaster;FAŁSZ;BRAK;BRAK;BRAK;BRAK;BRAK;BRAK;BRAK;DAMAGE_EDGE;160;125;95;25;BRAK;BRAK;BRAK;BRAK;FAŁSZ;BRAK;BRAK;BRAK;;Średni zestaw naprawczy do broni;375;FAŁSZ;5;5;BRAK;BRAK;2;BRAK;BRAK;BRAK;BRAK;BRAK;BRAK;BRAK;Kowal;Topory;KM_old_ax_01.3ds;TAK;TAK;TAK;PRAWDA
Oficerska włócznia;1207,25;1757,67;FAŁSZ;Elegancka i solidna włócznia, używana przez dowódców straży. Została wykuta z najlepszej stali.;ITEM_CAT_NF;ITEM_FLAG_SPEAR;Weapon;TwoHanded;AdminWeaponTwoHanded;weapons2h;FAŁSZ;ITMW_2H_SPEAR_05_NORMAL;-;ITMW_GS_2H_74;6,5;4;Gamemaster;FAŁSZ;BRAK;BRAK;BRAK;BRAK;BRAK;BRAK;BRAK;DAMAGE_POINT;140;135;25;95;BRAK;BRAK;BRAK;BRAK;FAŁSZ;BRAK;BRAK;BRAK;;Średni zestaw naprawczy do broni;375;FAŁSZ;5;5;BRAK;BRAK;2;BRAK;BRAK;BRAK;BRAK;BRAK;BRAK;BRAK;Kowal;Włócznie;ItMw_2h_spear_05.3ds;TAK;TAK;TAK;PRAWDA
Rzeźnik burzy;1262,25;1830,47;FAŁSZ;Potężny oręż, wykuty z magicznej rudy, zdolny do zadawania błyskawicznych cięć.;ITEM_CAT_NF;ITEM_FLAG_2HD_AXE;Weapon;TwoHanded;AdminWeaponTwoHanded;weapons2h;FAŁSZ;ITMW_KM_2H_AXE_HEAVY_EVENT;-;ITMW_GS_2H_75;6,5;4;Gamemaster;FAŁSZ;BRAK;BRAK;BRAK;BRAK;BRAK;BRAK;BRAK;DAMAGE_EDGE;170;125;110;30;BRAK;BRAK;BRAK;BRAK;FAŁSZ;BRAK;BRAK;BRAK;;Średni zestaw naprawczy do broni;375;FAŁSZ;5;5;BRAK;BRAK;2;BRAK;BRAK;BRAK;BRAK;BRAK;BRAK;BRAK;Kowal;Topory;ItMw_KM_2H_Axe_Heavy_EVENT.3ds;TAK;TAK;TAK;PRAWDA
Varancki oszczep;1422,75;2072,46;FAŁSZ;Lekki, drewniany oszczep wykorzystywany przez plemiona z pustynnych krain.;ITEM_CAT_NF;ITEM_FLAG_SPEAR;Weapon;TwoHanded;AdminWeaponTwoHanded;weapons2h;FAŁSZ;ITMW_2H_SPEAR_13;-;ITMW_GS_2H_76;6,5;4;Gamemaster;FAŁSZ;BRAK;BRAK;BRAK;BRAK;BRAK;BRAK;BRAK;DAMAGE_POINT;155;135;35;115;BRAK;BRAK;BRAK;BRAK;FAŁSZ;BRAK;BRAK;BRAK;;Średni zestaw naprawczy do broni;400;FAŁSZ;5;5;BRAK;BRAK;2;BRAK;BRAK;BRAK;BRAK;BRAK;BRAK;BRAK;Kowal;Włócznie;ItMw_2h_spear_13.3ds;TAK;TAK;TAK;PRAWDA
Topór wichru;1477,75;2145,26;FAŁSZ;Lekki topór bojowy wykonany z hartowanej stali, zdolny ciąć powietrze z niesamowitą szybkością.;ITEM_CAT_NF;ITEM_FLAG_2HD_AXE;Weapon;TwoHanded;AdminWeaponTwoHanded;weapons2h;FAŁSZ;ITMW_SCHLACHTAXT;-;ITMW_GS_2H_77;6,5;4;Gamemaster;FAŁSZ;BRAK;BRAK;BRAK;BRAK;BRAK;BRAK;BRAK;DAMAGE_EDGE;175;125;115;35;BRAK;BRAK;BRAK;BRAK;FAŁSZ;BRAK;BRAK;BRAK;;Średni zestaw naprawczy do broni;400;FAŁSZ;5;5;BRAK;BRAK;2;BRAK;BRAK;BRAK;BRAK;BRAK;BRAK;BRAK;Kowal;Topory;ItMw_070_2h_axe_heavy_03.3ds;TAK;TAK;TAK;PRAWDA
Poskramiacz trolli;2102,75;3286,51;FAŁSZ;Potężne ostrze kute z najczystszej stali, stworzone do walki z największymi i najsilniejszymi bestiami.;ITEM_CAT_NF;ITEM_FLAG_SPEAR;Weapon;TwoHanded;AdminWeaponTwoHanded;weapons2h;FAŁSZ;ITMW_2H_SPEAR_10_VARDHAL;-;ITMW_GS_2H_78;7;5;Gamemaster;FAŁSZ;BRAK;BRAK;BRAK;BRAK;BRAK;BRAK;BRAK;DAMAGE_POINT;165;145;40;130;BRAK;BRAK;BRAK;BRAK;FAŁSZ;BRAK;BRAK;BRAK;;Duży zestaw naprawczy do broni;425;FAŁSZ;5;5;BRAK;BRAK;2,5;BRAK;BRAK;BRAK;BRAK;BRAK;BRAK;BRAK;Kowal;Włócznie;ItMw_2h_spear_10.3ds;TAK;TAK;TAK;PRAWDA
Topór wodza;2102,75;3286,51;FAŁSZ;Wielki topór o szerokim ostrzu, używany przez wodzów orków. Jest wykuty z twardej, czarnej stali.;ITEM_CAT_NF;ITEM_FLAG_2HD_AXE;Weapon;TwoHanded;AdminWeaponTwoHanded;weapons2h;FAŁSZ;ITMW_2H_NONE_AXE_01;-;ITMW_GS_2H_79;7;5;Gamemaster;FAŁSZ;BRAK;BRAK;BRAK;BRAK;BRAK;BRAK;BRAK;DAMAGE_EDGE;185;135;130;40;BRAK;BRAK;BRAK;BRAK;FAŁSZ;BRAK;BRAK;BRAK;;Duży zestaw naprawczy do broni;425;FAŁSZ;5;5;BRAK;BRAK;2,5;BRAK;BRAK;BRAK;BRAK;BRAK;BRAK;BRAK;Kowal;Topory;KM_new_ax_01.3ds;TAK;TAK;TAK;PRAWDA
Włócznia słońca;2868,75;4534,01;FAŁSZ;Pobłogosławiona przez boga ognia.;ITEM_CAT_NF;ITEM_FLAG_SPEAR;Weapon;TwoHanded;AdminWeaponTwoHanded;weapons2h;FAŁSZ;ITMW_2H_SPEAR_ARCHOLOSMASTER;-;ITMW_GS_2H_80;7;5;Gamemaster;FAŁSZ;BRAK;BRAK;BRAK;BRAK;BRAK;BRAK;BRAK;DAMAGE_POINT;175;145;40;150;BRAK;BRAK;BRAK;BRAK;FAŁSZ;BRAK;BRAK;BRAK;;Duży zestaw naprawczy do broni;450;FAŁSZ;5;5;BRAK;BRAK;2,5;BRAK;BRAK;BRAK;BRAK;BRAK;BRAK;BRAK;Kowal;Włócznie;ItMw_2h_spear_01.3ds;TAK;TAK;TAK;PRAWDA
Nordmarski topór;2868,75;4534,01;FAŁSZ;Topór wykonany przez kowali z Nordmaru, idealny do walki w surowym, zimowym klimacie.;ITEM_CAT_NF;ITEM_FLAG_2HD_AXE;Weapon;TwoHanded;AdminWeaponTwoHanded;weapons2h;FAŁSZ;ITMW_BERSERKERAXT;-;ITMW_GS_2H_81;7;5;Gamemaster;FAŁSZ;BRAK;BRAK;BRAK;BRAK;BRAK;BRAK;BRAK;DAMAGE_EDGE;195;135;150;40;BRAK;BRAK;BRAK;BRAK;FAŁSZ;BRAK;BRAK;BRAK;;Duży zestaw naprawczy do broni;450;FAŁSZ;5;5;BRAK;BRAK;2,5;BRAK;BRAK;BRAK;BRAK;BRAK;BRAK;BRAK;Kowal;Topory;ItMw_080_2h_axe_heavy_02.3ds;TAK;TAK;TAK;PRAWDA
Lekki orkowy topór;#N/D;#N/D;FAŁSZ;Orkowa broń.;ITEM_CAT_NF;ITEM_FLAG_2HD_SWD;Weapon;TwoHanded;AdminOrc;weapons2h;FAŁSZ;-;-;ITMW_GS_ORC_01;6;0;Gamemaster;FAŁSZ;BRAK;BRAK;BRAK;BRAK;BRAK;BRAK;BRAK;DAMAGE_EDGE;25;140;0;0;BRAK;BRAK;BRAK;BRAK;FAŁSZ;BRAK;BRAK;BRAK;;BRAK;400;FAŁSZ;5;5;BRAK;BRAK;2,5;BRAK;BRAK;BRAK;BRAK;BRAK;BRAK;BRAK;;;;;;;FAŁSZ
Orkowa maczeta;#N/D;#N/D;FAŁSZ;Orkowa broń.;ITEM_CAT_NF;ITEM_FLAG_2HD_SWD;Weapon;TwoHanded;AdminOrc;weapons2h;FAŁSZ;-;-;ITMW_GS_ORC_02;6;0;Gamemaster;FAŁSZ;BRAK;BRAK;BRAK;BRAK;BRAK;BRAK;BRAK;DAMAGE_EDGE;25;140;0;0;BRAK;BRAK;BRAK;BRAK;FAŁSZ;BRAK;BRAK;BRAK;;BRAK;400;FAŁSZ;5;5;BRAK;BRAK;2,5;BRAK;BRAK;BRAK;BRAK;BRAK;BRAK;BRAK;;;;;;;FAŁSZ
Średni orkowy topór;#N/D;#N/D;FAŁSZ;Orkowa broń.;ITEM_CAT_NF;ITEM_FLAG_2HD_SWD;Weapon;TwoHanded;AdminOrc;weapons2h;FAŁSZ;-;-;ITMW_GS_ORC_03;6;0;Gamemaster;FAŁSZ;BRAK;BRAK;BRAK;BRAK;BRAK;BRAK;BRAK;DAMAGE_EDGE;25;140;0;0;BRAK;BRAK;BRAK;BRAK;FAŁSZ;BRAK;BRAK;BRAK;;BRAK;400;FAŁSZ;5;5;BRAK;BRAK;2,5;BRAK;BRAK;BRAK;BRAK;BRAK;BRAK;BRAK;;;;;;;FAŁSZ
Ciężki orkowy topór;#N/D;#N/D;FAŁSZ;Orkowa broń.;ITEM_CAT_NF;ITEM_FLAG_2HD_SWD;Weapon;TwoHanded;AdminOrc;weapons2h;FAŁSZ;-;-;ITMW_GS_ORC_04;6;0;Gamemaster;FAŁSZ;BRAK;BRAK;BRAK;BRAK;BRAK;BRAK;BRAK;DAMAGE_EDGE;25;140;0;0;BRAK;BRAK;BRAK;BRAK;FAŁSZ;BRAK;BRAK;BRAK;;BRAK;400;FAŁSZ;5;5;BRAK;BRAK;2,5;BRAK;BRAK;BRAK;BRAK;BRAK;BRAK;BRAK;;;;;;;FAŁSZ
Ogromny orkowy topór;#N/D;#N/D;FAŁSZ;Orkowa broń.;ITEM_CAT_NF;ITEM_FLAG_2HD_SWD;Weapon;TwoHanded;AdminOrc;weapons2h;FAŁSZ;-;-;ITMW_GS_ORC_05;6;0;Gamemaster;FAŁSZ;BRAK;BRAK;BRAK;BRAK;BRAK;BRAK;BRAK;DAMAGE_EDGE;25;140;0;0;BRAK;BRAK;BRAK;BRAK;FAŁSZ;BRAK;BRAK;BRAK;;BRAK;400;FAŁSZ;5;5;BRAK;BRAK;2,5;BRAK;BRAK;BRAK;BRAK;BRAK;BRAK;BRAK;;;;;;;FAŁSZ
Orkowy topór wojenny;#N/D;#N/D;FAŁSZ;Orkowa broń.;ITEM_CAT_NF;ITEM_FLAG_2HD_SWD;Weapon;TwoHanded;AdminOrc;weapons2h;FAŁSZ;-;-;ITMW_GS_ORC_06;6;0;Gamemaster;FAŁSZ;BRAK;BRAK;BRAK;BRAK;BRAK;BRAK;BRAK;DAMAGE_EDGE;25;140;0;0;BRAK;BRAK;BRAK;BRAK;FAŁSZ;BRAK;BRAK;BRAK;;BRAK;400;FAŁSZ;5;5;BRAK;BRAK;2,5;BRAK;BRAK;BRAK;BRAK;BRAK;BRAK;BRAK;;;;;;;FAŁSZ
Orkowy miecz wojenny;#N/D;#N/D;FAŁSZ;Orkowa broń.;ITEM_CAT_NF;ITEM_FLAG_2HD_SWD;Weapon;TwoHanded;AdminOrc;weapons2h;FAŁSZ;-;-;ITMW_GS_ORC_07;6;0;Gamemaster;FAŁSZ;BRAK;BRAK;BRAK;BRAK;BRAK;BRAK;BRAK;DAMAGE_EDGE;25;140;0;0;BRAK;BRAK;BRAK;BRAK;FAŁSZ;BRAK;BRAK;BRAK;;BRAK;400;FAŁSZ;5;5;BRAK;BRAK;2,5;BRAK;BRAK;BRAK;BRAK;BRAK;BRAK;BRAK;;;;;;;FAŁSZ
Kostur szamana;#N/D;#N/D;FAŁSZ;Orkowa broń.;ITEM_CAT_NF;ITEM_FLAG_2HD_SWD;Weapon;TwoHanded;AdminOrc;weapons2h;FAŁSZ;-;-;ITMW_GS_ORC_08;6;0;Gamemaster;FAŁSZ;BRAK;BRAK;BRAK;BRAK;BRAK;BRAK;BRAK;DAMAGE_EDGE;25;140;0;0;BRAK;BRAK;BRAK;BRAK;FAŁSZ;BRAK;BRAK;BRAK;;BRAK;400;FAŁSZ;5;5;BRAK;BRAK;2,5;BRAK;BRAK;BRAK;BRAK;BRAK;BRAK;BRAK;;;;;;;FAŁSZ
Kostur arcyszamana;#N/D;#N/D;FAŁSZ;Orkowa broń.;ITEM_CAT_NF;ITEM_FLAG_2HD_SWD;Weapon;TwoHanded;AdminOrc;weapons2h;FAŁSZ;-;-;ITMW_GS_ORC_09;6;0;Gamemaster;FAŁSZ;BRAK;BRAK;BRAK;BRAK;BRAK;BRAK;BRAK;DAMAGE_EDGE;25;140;0;0;BRAK;BRAK;BRAK;BRAK;FAŁSZ;BRAK;BRAK;BRAK;;BRAK;400;FAŁSZ;5;5;BRAK;BRAK;2,5;BRAK;BRAK;BRAK;BRAK;BRAK;BRAK;BRAK;;;;;;;FAŁSZ
Orkowy miecz bojowy;#N/D;#N/D;FAŁSZ;Orkowa broń.;ITEM_CAT_NF;ITEM_FLAG_2HD_SWD;Weapon;TwoHanded;AdminOrc;weapons2h;FAŁSZ;-;-;ITMW_GS_ORC_10;6;0;Gamemaster;FAŁSZ;BRAK;BRAK;BRAK;BRAK;BRAK;BRAK;BRAK;DAMAGE_EDGE;25;140;0;0;BRAK;BRAK;BRAK;BRAK;FAŁSZ;BRAK;BRAK;BRAK;;BRAK;400;FAŁSZ;5;5;BRAK;BRAK;2,5;BRAK;BRAK;BRAK;BRAK;BRAK;BRAK;BRAK;;;;;;;FAŁSZ
Orkowy fenser;#N/D;#N/D;FAŁSZ;Orkowa broń.;ITEM_CAT_NF;ITEM_FLAG_2HD_SWD;Weapon;TwoHanded;AdminOrc;weapons2h;FAŁSZ;-;-;ITMW_GS_ORC_11;6;0;Gamemaster;FAŁSZ;BRAK;BRAK;BRAK;BRAK;BRAK;BRAK;BRAK;DAMAGE_EDGE;25;140;0;0;BRAK;BRAK;BRAK;BRAK;FAŁSZ;BRAK;BRAK;BRAK;;BRAK;400;FAŁSZ;5;5;BRAK;BRAK;2,5;BRAK;BRAK;BRAK;BRAK;BRAK;BRAK;BRAK;;;;;;;FAŁSZ
Orkowy mały topór;#N/D;#N/D;FAŁSZ;Orkowa broń.;ITEM_CAT_NF;ITEM_FLAG_2HD_SWD;Weapon;TwoHanded;AdminOrc;weapons2h;FAŁSZ;-;-;ITMW_GS_ORC_12;6;0;Gamemaster;FAŁSZ;BRAK;BRAK;BRAK;BRAK;BRAK;BRAK;BRAK;DAMAGE_EDGE;25;140;0;0;BRAK;BRAK;BRAK;BRAK;FAŁSZ;BRAK;BRAK;BRAK;;BRAK;400;FAŁSZ;5;5;BRAK;BRAK;2,5;BRAK;BRAK;BRAK;BRAK;BRAK;BRAK;BRAK;;;;;;;FAŁSZ
Orkowa kolczasta maczuga;#N/D;#N/D;FAŁSZ;Orkowa broń.;ITEM_CAT_NF;ITEM_FLAG_2HD_SWD;Weapon;TwoHanded;AdminOrc;weapons2h;FAŁSZ;-;-;ITMW_GS_ORC_13;6;0;Gamemaster;FAŁSZ;BRAK;BRAK;BRAK;BRAK;BRAK;BRAK;BRAK;DAMAGE_EDGE;25;140;0;0;BRAK;BRAK;BRAK;BRAK;FAŁSZ;BRAK;BRAK;BRAK;;BRAK;400;FAŁSZ;5;5;BRAK;BRAK;2,5;BRAK;BRAK;BRAK;BRAK;BRAK;BRAK;BRAK;;;;;;;FAŁSZ
Orkowa maczuga;#N/D;#N/D;FAŁSZ;Orkowa broń.;ITEM_CAT_NF;ITEM_FLAG_2HD_SWD;Weapon;TwoHanded;AdminOrc;weapons2h;FAŁSZ;-;-;ITMW_GS_ORC_14;6;0;Gamemaster;FAŁSZ;BRAK;BRAK;BRAK;BRAK;BRAK;BRAK;BRAK;DAMAGE_EDGE;25;140;0;0;BRAK;BRAK;BRAK;BRAK;FAŁSZ;BRAK;BRAK;BRAK;;BRAK;400;FAŁSZ;5;5;BRAK;BRAK;2,5;BRAK;BRAK;BRAK;BRAK;BRAK;BRAK;BRAK;;;;;;;FAŁSZ
Orkowa młot 1;#N/D;#N/D;FAŁSZ;Orkowa broń.;ITEM_CAT_NF;ITEM_FLAG_2HD_SWD;Weapon;TwoHanded;AdminOrc;weapons2h;FAŁSZ;-;-;ITMW_GS_ORC_15;6;0;Gamemaster;FAŁSZ;BRAK;BRAK;BRAK;BRAK;BRAK;BRAK;BRAK;DAMAGE_EDGE;25;140;0;0;BRAK;BRAK;BRAK;BRAK;FAŁSZ;BRAK;BRAK;BRAK;;BRAK;400;FAŁSZ;5;5;BRAK;BRAK;2,5;BRAK;BRAK;BRAK;BRAK;BRAK;BRAK;BRAK;;;;;;;FAŁSZ
Orkowa młot 2;#N/D;#N/D;FAŁSZ;Orkowa broń.;ITEM_CAT_NF;ITEM_FLAG_2HD_SWD;Weapon;TwoHanded;AdminOrc;weapons2h;FAŁSZ;-;-;ITMW_GS_ORC_16;6;0;Gamemaster;FAŁSZ;BRAK;BRAK;BRAK;BRAK;BRAK;BRAK;BRAK;DAMAGE_EDGE;25;140;0;0;BRAK;BRAK;BRAK;BRAK;FAŁSZ;BRAK;BRAK;BRAK;;BRAK;400;FAŁSZ;5;5;BRAK;BRAK;2,5;BRAK;BRAK;BRAK;BRAK;BRAK;BRAK;BRAK;;;;;;;FAŁSZ
Orkowa młot 3;#N/D;#N/D;FAŁSZ;Orkowa broń.;ITEM_CAT_NF;ITEM_FLAG_2HD_SWD;Weapon;TwoHanded;AdminOrc;weapons2h;FAŁSZ;-;-;ITMW_GS_ORC_17;6;0;Gamemaster;FAŁSZ;BRAK;BRAK;BRAK;BRAK;BRAK;BRAK;BRAK;DAMAGE_EDGE;25;140;0;0;BRAK;BRAK;BRAK;BRAK;FAŁSZ;BRAK;BRAK;BRAK;;BRAK;400;FAŁSZ;5;5;BRAK;BRAK;2,5;BRAK;BRAK;BRAK;BRAK;BRAK;BRAK;BRAK;;;;;;;FAŁSZ
Ulu-Mulu;#N/D;#N/D;FAŁSZ;Orkowa broń.;ITEM_CAT_NF;ITEM_FLAG_2HD_SWD;Weapon;TwoHanded;AdminOrc;weapons2h;FAŁSZ;-;-;ITMW_GS_ORC_18;6;0;Gamemaster;FAŁSZ;BRAK;BRAK;BRAK;BRAK;BRAK;BRAK;BRAK;DAMAGE_EDGE;25;140;0;0;BRAK;BRAK;BRAK;BRAK;FAŁSZ;BRAK;BRAK;BRAK;;BRAK;400;FAŁSZ;5;5;BRAK;BRAK;2,5;BRAK;BRAK;BRAK;BRAK;BRAK;BRAK;BRAK;;;;;;;FAŁSZ
Piła;21,30;28,66;FAŁSZ;Narzędzie niezbędne do obróbki drewna.;ITEM_CAT_NONE;-;Common;Common;AdminCommon;common;FAŁSZ;ITMI_SAW;-;ITMI_GS_COM_13;1,5;1;Gamemaster;FAŁSZ;BRAK;BRAK;BRAK;BRAK;BRAK;BRAK;BRAK;BRAK;BRAK;BRAK;BRAK;BRAK;BRAK;BRAK;BRAK;BRAK;FAŁSZ;BRAK;BRAK;BRAK;;Mały zestaw naprawczy do narzędzi;100;PRAWDA;5;5;BRAK;BRAK;BRAK;BRAK;BRAK;BRAK;BRAK;BRAK;BRAK;BRAK;Metalurg;;ItMi_Saw.3ds;TAK;TAK;TAK;PRAWDA
Młot kowalski;44,70;60,79;FAŁSZ;Narzędzie niezbędne każdemu kowalowi do obróbki metalu. Solidna głowica i mocny drewniany trzon.;ITEM_CAT_NF;ITEM_FLAG_OBUCH;Weapon;OneHanded;AdminWeaponOneHanded;weapons1h;FAŁSZ;ITMW_1H_MACE_L_04;-;ITMW_GS_1H_35_1;2;2;Gamemaster;FAŁSZ;BRAK;BRAK;BRAK;BRAK;BRAK;BRAK;BRAK;DAMAGE_BLUNT;10;45;6;2;BRAK;BRAK;BRAK;BRAK;FAŁSZ;BRAK;BRAK;BRAK;;Mały zestaw naprawczy do narzędzi;100;PRAWDA;5;5;BRAK;BRAK;1;BRAK;BRAK;BRAK;BRAK;BRAK;BRAK;BRAK;Metalurg;;ItMw_010_1h_sledgehammer_01.3ds;TAK;TAK;TAK;PRAWDA
Motyka;25,70;35,37;FAŁSZ;Proste narzędzie rolnicze o szerokim, metalowym ostrzu osadzonym na drewnianym trzonku, służące do spulchniania ziemi.;ITEM_CAT_NONE;-;Common;Common;AdminCommon;common;FAŁSZ;ITMI_RAKE;-;ITMI_GS_COM_14;1,5;1;Gamemaster;FAŁSZ;BRAK;BRAK;BRAK;BRAK;BRAK;BRAK;BRAK;BRAK;BRAK;BRAK;BRAK;BRAK;BRAK;BRAK;BRAK;BRAK;FAŁSZ;BRAK;BRAK;BRAK;;Mały zestaw naprawczy do narzędzi;100;PRAWDA;5;5;BRAK;BRAK;BRAK;BRAK;BRAK;BRAK;BRAK;BRAK;BRAK;BRAK;Metalurg;;ItMi_Rake.3ds;TAK;TAK;TAK;PRAWDA
Młotek ciesielski;23,20;32,50;FAŁSZ;Solidne narzędzie z drewnianym trzonkiem i metalową głowicą.;ITEM_CAT_NONE;-;Common;Common;AdminCommon;common;FAŁSZ;ITMI_HAMMER;-;ITMI_GS_COM_15;1;1;Gamemaster;FAŁSZ;BRAK;BRAK;BRAK;BRAK;BRAK;BRAK;BRAK;BRAK;BRAK;BRAK;BRAK;BRAK;BRAK;BRAK;BRAK;BRAK;FAŁSZ;BRAK;BRAK;BRAK;;Mały zestaw naprawczy do narzędzi;100;PRAWDA;5;5;BRAK;BRAK;BRAK;BRAK;BRAK;BRAK;BRAK;BRAK;BRAK;BRAK;Metalurg;;ItMi_Hammer.3ds;TAK;TAK;TAK;PRAWDA
Nóż garbarski;#N/D;#N/D;FAŁSZ;Narzędzie niezbędne do obróbki skór, pozwala na precyzyjne oddzielanie poszczególnych warstw.;ITEM_CAT_NF;ITEM_FLAG_DAG;Weapon;OneHanded;AdminWeaponOneHanded;weapons1h;FAŁSZ;ITMW_1H_VLK_DAGGER;-;ITMW_GS_1H_80_1;0,5;1;Gamemaster;FAŁSZ;BRAK;BRAK;BRAK;BRAK;BRAK;BRAK;BRAK;DAMAGE_POINT;10;30;1;5;BRAK;BRAK;BRAK;BRAK;FAŁSZ;BRAK;BRAK;BRAK;;Mały zestaw naprawczy do narzędzi;100;PRAWDA;5;5;BRAK;BRAK;1;BRAK;BRAK;BRAK;BRAK;BRAK;BRAK;BRAK;Metalurg;;Itmw_005_1h_dagger_01.3ds;TAK;TAK;TAK;PRAWDA
Kołowrót;18,80;25,78;FAŁSZ;Służący do rozdrabniania skał.;ITEM_CAT_NONE;-;Common;Common;AdminCommon;common;FAŁSZ;KOLOWROT;-;ITMI_GS_COM_16;1;1;Gamemaster;FAŁSZ;BRAK;BRAK;BRAK;BRAK;BRAK;BRAK;BRAK;BRAK;BRAK;BRAK;BRAK;BRAK;BRAK;BRAK;BRAK;BRAK;FAŁSZ;BRAK;BRAK;BRAK;;Mały zestaw naprawczy do narzędzi;100;PRAWDA;5;5;BRAK;BRAK;BRAK;BRAK;BRAK;BRAK;BRAK;BRAK;BRAK;BRAK;Metalurg;;KOLOWROT.3ds;TAK;TAK;TAK;PRAWDA
Alembik;25,70;36,91;FAŁSZ;Naczynie destylacyjne używane przez alchemików do przetwarzania różnych substancji.;ITEM_CAT_NONE;-;Common;Common;AdminCommon;common;FAŁSZ;ITMI_FLASK;-;ITMI_GS_COM_17;0,5;2;Gamemaster;FAŁSZ;BRAK;BRAK;BRAK;BRAK;BRAK;BRAK;BRAK;BRAK;BRAK;BRAK;BRAK;BRAK;BRAK;BRAK;BRAK;BRAK;FAŁSZ;BRAK;BRAK;BRAK;;Mały zestaw naprawczy do narzędzi;100;PRAWDA;5;5;BRAK;BRAK;BRAK;BRAK;BRAK;BRAK;BRAK;BRAK;BRAK;BRAK;Metalurg;;ItMi_Flask.3ds;TAK;TAK;TAK;PRAWDA
Nożyce;13,10;18,24;FAŁSZ;Metalowe narzędzie z dwoma ostrzami, używane do precyzyjnego cięcia.;ITEM_CAT_NONE;-;Common;Common;AdminCommon;common;FAŁSZ;ITMW_1H_NOZYCE;-;ITMI_GS_COM_18;0,5;1;Gamemaster;FAŁSZ;BRAK;BRAK;BRAK;BRAK;BRAK;BRAK;BRAK;BRAK;BRAK;BRAK;BRAK;BRAK;BRAK;BRAK;BRAK;BRAK;FAŁSZ;BRAK;BRAK;BRAK;;Mały zestaw naprawczy do narzędzi;100;PRAWDA;5;5;BRAK;BRAK;BRAK;BRAK;BRAK;BRAK;BRAK;BRAK;BRAK;BRAK;Metalurg;;ITMW_1H_NOZYCE_01.3ds;TAK;TAK;TAK;PRAWDA
Brzytwa;18,80;25,78;FAŁSZ;Ostre narzędzie używane do precyzyjnego cięcia, wykonane ze stali.;ITEM_CAT_NONE;-;Common;Common;AdminCommon;common;FAŁSZ;ItMi_Stuff_Barbknife_01;-;ITMI_GS_COM_19;0,25;1;Gamemaster;FAŁSZ;BRAK;BRAK;BRAK;BRAK;BRAK;BRAK;BRAK;BRAK;BRAK;BRAK;BRAK;BRAK;BRAK;BRAK;BRAK;BRAK;FAŁSZ;BRAK;BRAK;BRAK;;Mały zestaw naprawczy do narzędzi;100;PRAWDA;5;5;BRAK;BRAK;BRAK;BRAK;BRAK;BRAK;BRAK;BRAK;BRAK;BRAK;Metalurg;;ItMi_Stuff_BarbKnife_01.3ds;TAK;TAK;TAK;PRAWDA
Łopatka do ciast;15,40;19,61;FAŁSZ;Łopatka do wyciągania ciast z pieca.;ITEM_CAT_NONE;-;Common;Common;AdminCommon;common;FAŁSZ;KM_VOB_BREADGIVER;-;ITMI_GS_COM_20;0,3;1;Gamemaster;FAŁSZ;BRAK;BRAK;BRAK;BRAK;BRAK;BRAK;BRAK;BRAK;BRAK;BRAK;BRAK;BRAK;BRAK;BRAK;BRAK;BRAK;FAŁSZ;BRAK;BRAK;BRAK;;Mały zestaw naprawczy do narzędzi;100;PRAWDA;5;5;BRAK;BRAK;BRAK;BRAK;BRAK;BRAK;BRAK;BRAK;BRAK;BRAK;Metalurg;;KM_VOB_BREADGIVER.3ds;TAK;TAK;TAK;PRAWDA
Żuwaczka;35,00;52,09;FAŁSZ;Żelazne szczypce, które przeżyły więcej kłótni z kowalem niż jego własna żona.;ITEM_CAT_NONE;-;Common;Common;AdminCommon;common;FAŁSZ;ITMI_PLIERS;-;ITMI_GS_COM_21;0,5;2;Gamemaster;FAŁSZ;BRAK;BRAK;BRAK;BRAK;BRAK;BRAK;BRAK;BRAK;BRAK;BRAK;BRAK;BRAK;BRAK;BRAK;BRAK;BRAK;FAŁSZ;BRAK;BRAK;BRAK;;Mały zestaw naprawczy do narzędzi;100;PRAWDA;5;5;BRAK;BRAK;BRAK;BRAK;BRAK;BRAK;BRAK;BRAK;BRAK;BRAK;Metalurg;;ItMi_Pliers.3ds;TAK;TAK;TAK;PRAWDA
Patelnia;18,80;25,78;FAŁSZ;Solidne, żelazne naczynie służące do obróbki cieplnej różnego rodzaju pożywienia.;ITEM_CAT_NONE;-;Common;Common;AdminCommon;common;FAŁSZ;ITMI_PAN;-;ITMI_GS_COM_22;0,7;1;Gamemaster;FAŁSZ;BRAK;BRAK;BRAK;BRAK;BRAK;BRAK;BRAK;BRAK;BRAK;BRAK;BRAK;BRAK;BRAK;BRAK;BRAK;BRAK;FAŁSZ;BRAK;BRAK;BRAK;;Mały zestaw naprawczy do narzędzi;100;PRAWDA;5;5;BRAK;BRAK;BRAK;BRAK;BRAK;BRAK;BRAK;BRAK;BRAK;BRAK;Metalurg;;ItMi_Pan.3ds;TAK;TAK;TAK;PRAWDA
Chochla;18,80;25,78;FAŁSZ;Narzędzie kuchenne służące do nabierania zup i gulaszów.;ITEM_CAT_NONE;-;Common;Common;AdminCommon;common;FAŁSZ;ITMI_SCOOP;-;ITMI_GS_COM_23;0,3;1;Gamemaster;FAŁSZ;BRAK;BRAK;BRAK;BRAK;BRAK;BRAK;BRAK;BRAK;BRAK;BRAK;BRAK;BRAK;BRAK;BRAK;BRAK;BRAK;FAŁSZ;BRAK;BRAK;BRAK;;Mały zestaw naprawczy do narzędzi;100;PRAWDA;5;5;BRAK;BRAK;BRAK;BRAK;BRAK;BRAK;BRAK;BRAK;BRAK;BRAK;Metalurg;;ItMi_Scoop.3ds;TAK;TAK;TAK;PRAWDA
Forma monet;#N/D;#N/D;FAŁSZ;Ważna forma wykorzystywana do tworzenia monet.;ITEM_CAT_NONE;-;Common;Common;AdminCommon;common;FAŁSZ;ITMI_PLIERS;ITMI_GS_COM_21;ITMI_GS_COM_21_V1;0,5;1;Gamemaster;FAŁSZ;BRAK;BRAK;BRAK;BRAK;BRAK;BRAK;BRAK;BRAK;BRAK;BRAK;BRAK;BRAK;BRAK;BRAK;BRAK;BRAK;FAŁSZ;BRAK;BRAK;BRAK;;Mały zestaw naprawczy do narzędzi;100;PRAWDA;5;5;BRAK;BRAK;BRAK;BRAK;BRAK;BRAK;BRAK;BRAK;BRAK;BRAK;Metalurg;;ItMi_Pliers.3ds;NIE;NIE;NIE;PRAWDA
Kolczuga;24,00;30,66;FAŁSZ;Zbroja płytkowa, spleciona z tysięcy metalowych kółek, zapewniająca noszącemu solidną ochronę przed ciosami.;ITEM_CAT_NONE;-;Materials;Materials;AdminMaterials;materials;PRAWDA;KOLCZUGASRUDAS;-;ITMI_GS_MAT_135;1;1;Gamemaster;FAŁSZ;BRAK;BRAK;BRAK;BRAK;BRAK;BRAK;BRAK;BRAK;BRAK;BRAK;BRAK;BRAK;BRAK;BRAK;BRAK;BRAK;FAŁSZ;BRAK;BRAK;BRAK;;BRAK;BRAK;PRAWDA;5;5;BRAK;BRAK;BRAK;BRAK;BRAK;BRAK;BRAK;BRAK;BRAK;BRAK;Metalurg;;KOLCZUGASRUDAS.3ds;TAK;TAK;TAK;PRAWDA
Żelazne elementy;67,40;95,06;FAŁSZ;Niezbędny komponent kowalski, wymagany do tworzenia solidnych pancerzy i ostrzy.;ITEM_CAT_NONE;-;Materials;Materials;AdminMaterials;materials;PRAWDA;itcr_sdrp_ingr_13;-;ITMI_GS_MAT_136;0,5;1;Gamemaster;FAŁSZ;BRAK;BRAK;BRAK;BRAK;BRAK;BRAK;BRAK;BRAK;BRAK;BRAK;BRAK;BRAK;BRAK;BRAK;BRAK;BRAK;FAŁSZ;BRAK;BRAK;BRAK;;BRAK;BRAK;PRAWDA;5;5;BRAK;BRAK;BRAK;BRAK;BRAK;BRAK;BRAK;BRAK;BRAK;BRAK;Metalurg;;JELEC.3ds;TAK;TAK;TAK;PRAWDA
Gwoździe;3,67;4,50;FAŁSZ;Ostre kawałki metalu, często używane do łączenia drewna.;ITEM_CAT_NONE;-;Materials;Materials;AdminMaterials;materials;PRAWDA;ItSe_Olav;-;ITMI_GS_MAT_137;0,15;0;Gamemaster;FAŁSZ;BRAK;BRAK;BRAK;BRAK;BRAK;BRAK;BRAK;BRAK;BRAK;BRAK;BRAK;BRAK;BRAK;BRAK;BRAK;BRAK;FAŁSZ;BRAK;BRAK;BRAK;;BRAK;BRAK;PRAWDA;5;5;BRAK;BRAK;BRAK;BRAK;BRAK;BRAK;BRAK;BRAK;BRAK;BRAK;Metalurg;;ItMi_Pocket.3ds;TAK;TAK;TAK;PRAWDA
Nieuformowane żelazne ostrze;26,00;30,21;FAŁSZ;Kawałek surowego żelaza, wstępnie wykuty w kształt ostrza.;ITEM_CAT_NONE;-;Materials;Materials;AdminMaterials;materials;PRAWDA;NIEUFORMOWANE_ZELAZNE_OSTRZE;-;ITMI_GS_MAT_138;1;1;Gamemaster;FAŁSZ;BRAK;BRAK;BRAK;BRAK;BRAK;BRAK;BRAK;BRAK;BRAK;BRAK;BRAK;BRAK;BRAK;BRAK;BRAK;BRAK;FAŁSZ;BRAK;BRAK;BRAK;;BRAK;BRAK;PRAWDA;5;5;BRAK;BRAK;BRAK;BRAK;BRAK;BRAK;BRAK;BRAK;BRAK;BRAK;Metalurg;;NIEUFORMOWANE_ZELAZNE_OSTRZE.3ds;TAK;TAK;TAK;PRAWDA
Uformowane żelazne ostrze;31,50;35,71;FAŁSZ;Ciężkie, obrobione ostrze wykonane z czystego żelaza, gotowe do osadzenia w rękojeści.;ITEM_CAT_NONE;-;Materials;Materials;AdminMaterials;materials;PRAWDA;UFORMOWANE_ZELAZNE_OSTRZE;-;ITMI_GS_MAT_139;1;1;Gamemaster;FAŁSZ;BRAK;BRAK;BRAK;BRAK;BRAK;BRAK;BRAK;BRAK;BRAK;BRAK;BRAK;BRAK;BRAK;BRAK;BRAK;BRAK;FAŁSZ;BRAK;BRAK;BRAK;;BRAK;BRAK;PRAWDA;5;5;BRAK;BRAK;BRAK;BRAK;BRAK;BRAK;BRAK;BRAK;BRAK;BRAK;Metalurg;;UFORMOWANE_ZELAZNE_OSTRZE.3ds;TAK;TAK;TAK;PRAWDA
Nienaostrzone żelazne ostrze;34,00;38,21;FAŁSZ;Surowe, żelazne ostrze, które wymaga kunsztu kowalskiego, by stać się bronią.;ITEM_CAT_NONE;-;Materials;Materials;AdminMaterials;materials;PRAWDA;NIENAOSTRZONE_ZELAZNE_OSTRZE;-;ITMI_GS_MAT_140;1;1;Gamemaster;FAŁSZ;BRAK;BRAK;BRAK;BRAK;BRAK;BRAK;BRAK;BRAK;BRAK;BRAK;BRAK;BRAK;BRAK;BRAK;BRAK;BRAK;FAŁSZ;BRAK;BRAK;BRAK;;BRAK;BRAK;PRAWDA;5;5;BRAK;BRAK;BRAK;BRAK;BRAK;BRAK;BRAK;BRAK;BRAK;BRAK;Metalurg;;NIENAOSTRZONE_ZELAZNE_OSTRZE.3ds;TAK;TAK;TAK;PRAWDA
Żelazne ostrze;35,00;45,09;FAŁSZ;Ostrze wykonane z solidnego kawałka żelaza.;ITEM_CAT_NONE;-;Materials;Materials;AdminMaterials;materials;PRAWDA;ZELAZNE_OSTRZE;-;ITMI_GS_MAT_141;0,8;1;Gamemaster;FAŁSZ;BRAK;BRAK;BRAK;BRAK;BRAK;BRAK;BRAK;BRAK;BRAK;BRAK;BRAK;BRAK;BRAK;BRAK;BRAK;BRAK;FAŁSZ;BRAK;BRAK;BRAK;;BRAK;BRAK;PRAWDA;5;5;BRAK;BRAK;BRAK;BRAK;BRAK;BRAK;BRAK;BRAK;BRAK;BRAK;Metalurg;;ZELAZNE_OSTRZE.3ds;TAK;TAK;TAK;PRAWDA
Nieuformowane stalowe ostrze;41,83;56,69;FAŁSZ;Surowa, ciężka bryła stali, z której dopiero powstanie ostrze.;ITEM_CAT_NONE;-;Materials;Materials;AdminMaterials;materials;PRAWDA;NIEUFORMOWANE_STALOWE_OSTRZE;-;ITMI_GS_MAT_142;1;3;Gamemaster;FAŁSZ;BRAK;BRAK;BRAK;BRAK;BRAK;BRAK;BRAK;BRAK;BRAK;BRAK;BRAK;BRAK;BRAK;BRAK;BRAK;BRAK;FAŁSZ;BRAK;BRAK;BRAK;;BRAK;BRAK;PRAWDA;5;5;BRAK;BRAK;BRAK;BRAK;BRAK;BRAK;BRAK;BRAK;BRAK;BRAK;Metalurg;;NIEUFORMOWANE_STALOWE_OSTRZE.3ds;TAK;TAK;TAK;PRAWDA
Uformowane stalowe ostrze;45,83;60,69;FAŁSZ;Ostrze z wysokiej jakości stali, gotowe do osadzenia w rękojeści.;ITEM_CAT_NONE;-;Materials;Materials;AdminMaterials;materials;PRAWDA;UFORMOWANE_STALOWE_OSTRZE;-;ITMI_GS_MAT_143;1;3;Gamemaster;FAŁSZ;BRAK;BRAK;BRAK;BRAK;BRAK;BRAK;BRAK;BRAK;BRAK;BRAK;BRAK;BRAK;BRAK;BRAK;BRAK;BRAK;FAŁSZ;BRAK;BRAK;BRAK;;BRAK;BRAK;PRAWDA;5;5;BRAK;BRAK;BRAK;BRAK;BRAK;BRAK;BRAK;BRAK;BRAK;BRAK;Metalurg;;UFORMOWANE_STALOWE_OSTRZE.3ds;TAK;TAK;TAK;PRAWDA
Nienaostrzone stalowe ostrze;48,33;63,19;FAŁSZ;Surowe, stalowe ostrze, które wymaga jeszcze pracy kowala.;ITEM_CAT_NONE;-;Materials;Materials;AdminMaterials;materials;PRAWDA;NIENAOSTRZONE_STALOWE_OSTRZE;-;ITMI_GS_MAT_144;1;3;Gamemaster;FAŁSZ;BRAK;BRAK;BRAK;BRAK;BRAK;BRAK;BRAK;BRAK;BRAK;BRAK;BRAK;BRAK;BRAK;BRAK;BRAK;BRAK;FAŁSZ;BRAK;BRAK;BRAK;;BRAK;BRAK;PRAWDA;5;5;BRAK;BRAK;BRAK;BRAK;BRAK;BRAK;BRAK;BRAK;BRAK;BRAK;Metalurg;;NIENAOSTRZONE_STALOWE_OSTRZE.3ds;TAK;TAK;TAK;PRAWDA
Stalowe ostrze;50,33;81,48;FAŁSZ;Ostrze wykute z solidnej stali, idealne do osadzenia w rękojeści miecza.;ITEM_CAT_NONE;-;Materials;Materials;AdminMaterials;materials;PRAWDA;STALOWE_OSTRZE;-;ITMI_GS_MAT_145;0,8;3;Gamemaster;FAŁSZ;BRAK;BRAK;BRAK;BRAK;BRAK;BRAK;BRAK;BRAK;BRAK;BRAK;BRAK;BRAK;BRAK;BRAK;BRAK;BRAK;FAŁSZ;BRAK;BRAK;BRAK;;BRAK;BRAK;PRAWDA;5;5;BRAK;BRAK;BRAK;BRAK;BRAK;BRAK;BRAK;BRAK;BRAK;BRAK;Metalurg;;STALOWE_OSTRZE.3ds;TAK;TAK;TAK;PRAWDA
Nieuformowane ostrze z metorytowej stali;49,83;71,55;FAŁSZ;Kawałek czystej stali meteorytowej, nieobrobiony. W rękach wprawnego kowala może stać się potężną bronią.;ITEM_CAT_NONE;-;Materials;Materials;AdminMaterials;materials;PRAWDA;NIEUFORMOWANE_METEORYTOWE_OSTRZE;-;ITMI_GS_MAT_146;1;4;Gamemaster;FAŁSZ;BRAK;BRAK;BRAK;BRAK;BRAK;BRAK;BRAK;BRAK;BRAK;BRAK;BRAK;BRAK;BRAK;BRAK;BRAK;BRAK;FAŁSZ;BRAK;BRAK;BRAK;;BRAK;BRAK;FAŁSZ;5;5;BRAK;BRAK;BRAK;BRAK;BRAK;BRAK;BRAK;BRAK;BRAK;BRAK;Metalurg;;NIEUFORMOWANE_METEORYTOWE_OSTRZE.3ds;TAK;TAK;TAK;PRAWDA
Uformowane ostrze z metorytowej stali;52,33;74,05;FAŁSZ;Surowy kawałek kosmicznej skały, wykuty na kształt ostrza. Idealny materiał do stworzenia potężnej broni.;ITEM_CAT_NONE;-;Materials;Materials;AdminMaterials;materials;PRAWDA;UFORMOWANE_METEORYTOWE_OSTRZE;-;ITMI_GS_MAT_147;1;4;Gamemaster;FAŁSZ;BRAK;BRAK;BRAK;BRAK;BRAK;BRAK;BRAK;BRAK;BRAK;BRAK;BRAK;BRAK;BRAK;BRAK;BRAK;BRAK;FAŁSZ;BRAK;BRAK;BRAK;;BRAK;BRAK;FAŁSZ;5;5;BRAK;BRAK;BRAK;BRAK;BRAK;BRAK;BRAK;BRAK;BRAK;BRAK;Metalurg;;UFORMOWANE_METEORYTOWE_OSTRZE.3ds;TAK;TAK;TAK;PRAWDA
Nienaostrzone ostrze z metorytowej stali;55,83;77,55;FAŁSZ;Ostrze wykute z czystej stali meteorytowej, wciąż czeka na kowala, który nada mu ostateczny kształt i ostrość.;ITEM_CAT_NONE;-;Materials;Materials;AdminMaterials;materials;PRAWDA;NIENAOSTRZONE_METEORYTOWE_OSTRZE;-;ITMI_GS_MAT_148;1;4;Gamemaster;FAŁSZ;BRAK;BRAK;BRAK;BRAK;BRAK;BRAK;BRAK;BRAK;BRAK;BRAK;BRAK;BRAK;BRAK;BRAK;BRAK;BRAK;FAŁSZ;BRAK;BRAK;BRAK;;BRAK;BRAK;FAŁSZ;5;5;BRAK;BRAK;BRAK;BRAK;BRAK;BRAK;BRAK;BRAK;BRAK;BRAK;Metalurg;;NIENAOSTRZONE_METEORYTOWE_OSTRZE.3ds;TAK;TAK;TAK;PRAWDA
Ostrze z metorytowej stali;58,33;104,06;FAŁSZ;Ostrze wykute z tajemniczego metalu, który spadł z nieba.;ITEM_CAT_NONE;-;Materials;Materials;AdminMaterials;materials;PRAWDA;METEORYTOWE_OSTRZE;-;ITMI_GS_MAT_149;0,8;4;Gamemaster;FAŁSZ;BRAK;BRAK;BRAK;BRAK;BRAK;BRAK;BRAK;BRAK;BRAK;BRAK;BRAK;BRAK;BRAK;BRAK;BRAK;BRAK;FAŁSZ;BRAK;BRAK;BRAK;;BRAK;BRAK;FAŁSZ;5;5;BRAK;BRAK;BRAK;BRAK;BRAK;BRAK;BRAK;BRAK;BRAK;BRAK;Metalurg;;METEORYTOWE_OSTRZE.3ds;TAK;TAK;TAK;PRAWDA
Nieuformowane ostrze z magicznej rudy;153,67;259,77;FAŁSZ;Kawałek magicznej rudy, z której można wykuć broń zdolną przebić nawet najmocniejszy pancerz.;ITEM_CAT_NONE;-;Materials;Materials;AdminMaterials;materials;PRAWDA;NIEUFORMOWANE_MAGICZNE_OSTRZE;-;ITMI_GS_MAT_150;1;5;Gamemaster;FAŁSZ;BRAK;BRAK;BRAK;BRAK;BRAK;BRAK;BRAK;BRAK;BRAK;BRAK;BRAK;BRAK;BRAK;BRAK;BRAK;BRAK;FAŁSZ;BRAK;BRAK;BRAK;;BRAK;BRAK;FAŁSZ;5;5;BRAK;BRAK;BRAK;BRAK;BRAK;BRAK;BRAK;BRAK;BRAK;BRAK;Metalurg;;NIEUFORMOWANE_MAGICZNE_OSTRZE.3ds;TAK;TAK;TAK;PRAWDA
Uformowane ostrze z magicznej rudy;157,17;263,27;FAŁSZ;Ostrze wykute z tajemniczej magicznej rudy, metalu o niezwykłych właściwościach.;ITEM_CAT_NONE;-;Materials;Materials;AdminMaterials;materials;PRAWDA;UFORMOWANE_MAGICZNE_OSTRZE;-;ITMI_GS_MAT_151;1;5;Gamemaster;FAŁSZ;BRAK;BRAK;BRAK;BRAK;BRAK;BRAK;BRAK;BRAK;BRAK;BRAK;BRAK;BRAK;BRAK;BRAK;BRAK;BRAK;FAŁSZ;BRAK;BRAK;BRAK;;BRAK;BRAK;FAŁSZ;5;5;BRAK;BRAK;BRAK;BRAK;BRAK;BRAK;BRAK;BRAK;BRAK;BRAK;Metalurg;;UFORMOWANE_MAGICZNE_OSTRZE.3ds;TAK;TAK;TAK;PRAWDA
Nienaostrzone ostrze z magicznej rudy;162,17;268,27;FAŁSZ;Nienaostrzone ostrze wykute z czystej magicznej rudy. Wymaga jeszcze pracy kowala, by stać się potężną bronią.;ITEM_CAT_NONE;-;Materials;Materials;AdminMaterials;materials;PRAWDA;NIENAOSTRZONE_MAGICZNEJ_OSTRZE;-;ITMI_GS_MAT_152;1;5;Gamemaster;FAŁSZ;BRAK;BRAK;BRAK;BRAK;BRAK;BRAK;BRAK;BRAK;BRAK;BRAK;BRAK;BRAK;BRAK;BRAK;BRAK;BRAK;FAŁSZ;BRAK;BRAK;BRAK;;BRAK;BRAK;FAŁSZ;5;5;BRAK;BRAK;BRAK;BRAK;BRAK;BRAK;BRAK;BRAK;BRAK;BRAK;Metalurg;;NIENAOSTRZONE_MAGICZNEJ_OSTRZE.3ds;TAK;TAK;TAK;PRAWDA
Ostrze z magicznej rudy;166,17;367,56;FAŁSZ;Ostrze wykonane z czystej magicznej rudy, lśniące tajemniczym blaskiem.;ITEM_CAT_NONE;-;Materials;Materials;AdminMaterials;materials;PRAWDA;MAGICZNE_OSTRZE;-;ITMI_GS_MAT_153;0,8;5;Gamemaster;FAŁSZ;BRAK;BRAK;BRAK;BRAK;BRAK;BRAK;BRAK;BRAK;BRAK;BRAK;BRAK;BRAK;BRAK;BRAK;BRAK;BRAK;FAŁSZ;BRAK;BRAK;BRAK;;BRAK;BRAK;FAŁSZ;5;5;BRAK;BRAK;BRAK;BRAK;BRAK;BRAK;BRAK;BRAK;BRAK;BRAK;Metalurg;;MAGICZNE_OSTRZE.3ds;TAK;TAK;TAK;PRAWDA
Nieuformowany żelazny pręt;39,00;44,10;FAŁSZ;Kawałek czystego, nieobrobionego żelaza, gotowy do formowania.;ITEM_CAT_NONE;-;Materials;Materials;AdminMaterials;materials;PRAWDA;NIEUFORMOWANY_ZELAZNY_PRET;-;ITMI_GS_MAT_154;1;1;Gamemaster;FAŁSZ;BRAK;BRAK;BRAK;BRAK;BRAK;BRAK;BRAK;BRAK;BRAK;BRAK;BRAK;BRAK;BRAK;BRAK;BRAK;BRAK;FAŁSZ;BRAK;BRAK;BRAK;;BRAK;BRAK;PRAWDA;5;5;BRAK;BRAK;BRAK;BRAK;BRAK;BRAK;BRAK;BRAK;BRAK;BRAK;Metalurg;;NIEUFORMOWANY_ZELAZNY_PRET.3ds;TAK;TAK;TAK;PRAWDA
Uformowany żelazny pręt;42,50;47,60;FAŁSZ;Gotowy element, z którego można wykuć broń.;ITEM_CAT_NONE;-;Materials;Materials;AdminMaterials;materials;PRAWDA;UFORMOWANY_ZELAZNY_PRET;-;ITMI_GS_MAT_155;1;1;Gamemaster;FAŁSZ;BRAK;BRAK;BRAK;BRAK;BRAK;BRAK;BRAK;BRAK;BRAK;BRAK;BRAK;BRAK;BRAK;BRAK;BRAK;BRAK;FAŁSZ;BRAK;BRAK;BRAK;;BRAK;BRAK;PRAWDA;5;5;BRAK;BRAK;BRAK;BRAK;BRAK;BRAK;BRAK;BRAK;BRAK;BRAK;Metalurg;;UFORMOWANY_ZELAZNY_PRET.3ds;TAK;TAK;TAK;PRAWDA
Żelazny pręt;15,00;19,21;FAŁSZ;Surowiec do wyrobu broni i narzędzi.;ITEM_CAT_NONE;-;Materials;Materials;AdminMaterials;materials;PRAWDA;ZELAZNY_PRET;-;ITMI_GS_MAT_156;0,4;1;Gamemaster;FAŁSZ;BRAK;BRAK;BRAK;BRAK;BRAK;BRAK;BRAK;BRAK;BRAK;BRAK;BRAK;BRAK;BRAK;BRAK;BRAK;BRAK;FAŁSZ;BRAK;BRAK;BRAK;;BRAK;BRAK;PRAWDA;5;5;BRAK;BRAK;BRAK;BRAK;BRAK;BRAK;BRAK;BRAK;BRAK;BRAK;Metalurg;;ZELAZNY_PRET.3ds;TAK;TAK;TAK;PRAWDA
Nieuformowany stalowy pręt;83,00;100,75;FAŁSZ;Kawałek czystej stali, gotowy do obróbki przez wprawnego kowala.;ITEM_CAT_NONE;-;Materials;Materials;AdminMaterials;materials;PRAWDA;NIEUFORMOWANY_STALOWY_PRET;-;ITMI_GS_MAT_157;1;3;Gamemaster;FAŁSZ;BRAK;BRAK;BRAK;BRAK;BRAK;BRAK;BRAK;BRAK;BRAK;BRAK;BRAK;BRAK;BRAK;BRAK;BRAK;BRAK;FAŁSZ;BRAK;BRAK;BRAK;;BRAK;BRAK;PRAWDA;5;5;BRAK;BRAK;BRAK;BRAK;BRAK;BRAK;BRAK;BRAK;BRAK;BRAK;Metalurg;;NIEUFORMOWANY_STALOWY_PRET.3ds;TAK;TAK;TAK;PRAWDA
Uformowany stalowy pręt;87,00;104,75;FAŁSZ;Masywny kawał stali, wstępnie przygotowany do dalszej obróbki przez kowala.;ITEM_CAT_NONE;-;Materials;Materials;AdminMaterials;materials;PRAWDA;UFORMOWANY_STALOWY_PRET;-;ITMI_GS_MAT_158;1;3;Gamemaster;FAŁSZ;BRAK;BRAK;BRAK;BRAK;BRAK;BRAK;BRAK;BRAK;BRAK;BRAK;BRAK;BRAK;BRAK;BRAK;BRAK;BRAK;FAŁSZ;BRAK;BRAK;BRAK;;BRAK;BRAK;PRAWDA;5;5;BRAK;BRAK;BRAK;BRAK;BRAK;BRAK;BRAK;BRAK;BRAK;BRAK;Metalurg;;UFORMOWANY_STALOWY_PRET.3ds;TAK;TAK;TAK;PRAWDA
Stalowy pręt;29,83;44,69;FAŁSZ;Kawałek wytrzymałego metalu, wykorzystywany do zbrojenia konstrukcji lub jako surowiec.;ITEM_CAT_NONE;-;Materials;Materials;AdminMaterials;materials;PRAWDA;STALOWY_PRET;-;ITMI_GS_MAT_159;0,4;3;Gamemaster;FAŁSZ;BRAK;BRAK;BRAK;BRAK;BRAK;BRAK;BRAK;BRAK;BRAK;BRAK;BRAK;BRAK;BRAK;BRAK;BRAK;BRAK;FAŁSZ;BRAK;BRAK;BRAK;;BRAK;BRAK;PRAWDA;5;5;BRAK;BRAK;BRAK;BRAK;BRAK;BRAK;BRAK;BRAK;BRAK;BRAK;Metalurg;;STALOWY_PRET.3ds;TAK;TAK;TAK;PRAWDA
Nieuformowany pręt z metorytowej stali;100,00;125,65;FAŁSZ;Nieuformowany pręt wykonany z rzadkiej metorytowej stali, idealny do wykucia potężnej broni.;ITEM_CAT_NONE;-;Materials;Materials;AdminMaterials;materials;PRAWDA;NIEUFORMOWANY_METEORYTOWY_PRET;-;ITMI_GS_MAT_160;1;4;Gamemaster;FAŁSZ;BRAK;BRAK;BRAK;BRAK;BRAK;BRAK;BRAK;BRAK;BRAK;BRAK;BRAK;BRAK;BRAK;BRAK;BRAK;BRAK;FAŁSZ;BRAK;BRAK;BRAK;;BRAK;BRAK;FAŁSZ;5;5;BRAK;BRAK;BRAK;BRAK;BRAK;BRAK;BRAK;BRAK;BRAK;BRAK;Metalurg;;NIEUFORMOWANY_METEORYTOWY_PRET.3ds;TAK;TAK;TAK;PRAWDA
Uformowany pręt z metorytowej stali;102,50;128,15;FAŁSZ;Wysokiej jakości pręt wykuty z rzadkiej i wytrzymałej stali meteorytowej.;ITEM_CAT_NONE;-;Materials;Materials;AdminMaterials;materials;PRAWDA;UFORMOWANY_METEORYTOWY_PRET;-;ITMI_GS_MAT_161;1;4;Gamemaster;FAŁSZ;BRAK;BRAK;BRAK;BRAK;BRAK;BRAK;BRAK;BRAK;BRAK;BRAK;BRAK;BRAK;BRAK;BRAK;BRAK;BRAK;FAŁSZ;BRAK;BRAK;BRAK;;BRAK;BRAK;FAŁSZ;5;5;BRAK;BRAK;BRAK;BRAK;BRAK;BRAK;BRAK;BRAK;BRAK;BRAK;Metalurg;;UFORMOWANY_METEORYTOWY_PRET.3ds;TAK;TAK;TAK;PRAWDA
Pręt z metorytowej stali;35,33;57,05;FAŁSZ;Pojedynczy pręt wykonany z wyjątkowo twardej i rzadkiej stali metorytowej.;ITEM_CAT_NONE;-;Materials;Materials;AdminMaterials;materials;PRAWDA;METEORYTOWY_PRET;-;ITMI_GS_MAT_162;0,4;4;Gamemaster;FAŁSZ;BRAK;BRAK;BRAK;BRAK;BRAK;BRAK;BRAK;BRAK;BRAK;BRAK;BRAK;BRAK;BRAK;BRAK;BRAK;BRAK;FAŁSZ;BRAK;BRAK;BRAK;;BRAK;BRAK;FAŁSZ;5;5;BRAK;BRAK;BRAK;BRAK;BRAK;BRAK;BRAK;BRAK;BRAK;BRAK;Metalurg;;METEORYTOWY_PRET.3ds;TAK;TAK;TAK;PRAWDA
Nieuformowany pręt z magicznej rudy;394,00;525,43;FAŁSZ;Półprodukt potrzebny do wykuwania potężnych broni. Jest to surowa, nieobrobiona magiczna ruda.;ITEM_CAT_NONE;-;Materials;Materials;AdminMaterials;materials;PRAWDA;NIEUFORMOWANY_MAGICZNY_PRET;-;ITMI_GS_MAT_163;1;5;Gamemaster;FAŁSZ;BRAK;BRAK;BRAK;BRAK;BRAK;BRAK;BRAK;BRAK;BRAK;BRAK;BRAK;BRAK;BRAK;BRAK;BRAK;BRAK;FAŁSZ;BRAK;BRAK;BRAK;;BRAK;BRAK;FAŁSZ;5;5;BRAK;BRAK;BRAK;BRAK;BRAK;BRAK;BRAK;BRAK;BRAK;BRAK;Metalurg;;NIEUFORMOWANY_MAGICZNY_PRET.3ds;TAK;TAK;TAK;PRAWDA
Uformowany pręt z magicznej rudy;396,50;527,93;FAŁSZ;Ten pręt został uformowany z czystej magicznej rudy, będącej cennym i rzadkim minerałem.;ITEM_CAT_NONE;-;Materials;Materials;AdminMaterials;materials;PRAWDA;UFORMOWANY_MAGICZNY_PRET;-;ITMI_GS_MAT_164;1;5;Gamemaster;FAŁSZ;BRAK;BRAK;BRAK;BRAK;BRAK;BRAK;BRAK;BRAK;BRAK;BRAK;BRAK;BRAK;BRAK;BRAK;BRAK;BRAK;FAŁSZ;BRAK;BRAK;BRAK;;BRAK;BRAK;FAŁSZ;5;5;BRAK;BRAK;BRAK;BRAK;BRAK;BRAK;BRAK;BRAK;BRAK;BRAK;Metalurg;;UFORMOWANY_MAGICZNY_PRET.3ds;TAK;TAK;TAK;PRAWDA
Pręt z magicznej rudy;134,17;240,27;FAŁSZ;Sztaba stworzona z magicznego minerału.;ITEM_CAT_NONE;-;Materials;Materials;AdminMaterials;materials;PRAWDA;MAGICZNY_PRET;-;ITMI_GS_MAT_165;0,4;5;Gamemaster;FAŁSZ;BRAK;BRAK;BRAK;BRAK;BRAK;BRAK;BRAK;BRAK;BRAK;BRAK;BRAK;BRAK;BRAK;BRAK;BRAK;BRAK;FAŁSZ;BRAK;BRAK;BRAK;;BRAK;BRAK;FAŁSZ;5;5;BRAK;BRAK;BRAK;BRAK;BRAK;BRAK;BRAK;BRAK;BRAK;BRAK;Metalurg;;MAGICZNY_PRET.3ds;TAK;TAK;TAK;PRAWDA
Nieuformowane żelazo;47,00;52,10;FAŁSZ;Kawałek czystego żelaza gotowy do obróbki.;ITEM_CAT_NONE;-;Materials;Materials;AdminMaterials;materials;PRAWDA;NIEUFORMOWANE_ZELAZO;-;ITMI_GS_MAT_166;1;1;Gamemaster;FAŁSZ;BRAK;BRAK;BRAK;BRAK;BRAK;BRAK;BRAK;BRAK;BRAK;BRAK;BRAK;BRAK;BRAK;BRAK;BRAK;BRAK;FAŁSZ;BRAK;BRAK;BRAK;;BRAK;BRAK;PRAWDA;5;5;BRAK;BRAK;BRAK;BRAK;BRAK;BRAK;BRAK;BRAK;BRAK;BRAK;Metalurg;;NIEUFORMOWANE_ZELAZO.3ds;TAK;TAK;TAK;PRAWDA
Uformowane żelazo;50,50;55,60;FAŁSZ;Kawałek żelaza uformowany do określonego kształtu.;ITEM_CAT_NONE;-;Materials;Materials;AdminMaterials;materials;PRAWDA;UFORMOWANE_ZELAZO;-;ITMI_GS_MAT_167;1;1;Gamemaster;FAŁSZ;BRAK;BRAK;BRAK;BRAK;BRAK;BRAK;BRAK;BRAK;BRAK;BRAK;BRAK;BRAK;BRAK;BRAK;BRAK;BRAK;FAŁSZ;BRAK;BRAK;BRAK;;BRAK;BRAK;PRAWDA;5;5;BRAK;BRAK;BRAK;BRAK;BRAK;BRAK;BRAK;BRAK;BRAK;BRAK;Metalurg;;UFORMOWANE_ZELAZO.3ds;TAK;TAK;TAK;PRAWDA
Żelazna blacha;10,60;13,36;FAŁSZ;Gruba blacha wykuta z czystego żelaza.;ITEM_CAT_NONE;-;Materials;Materials;AdminMaterials;materials;PRAWDA;ZELAZNA_BLACHA;-;ITMI_GS_MAT_168;0,2;1;Gamemaster;FAŁSZ;BRAK;BRAK;BRAK;BRAK;BRAK;BRAK;BRAK;BRAK;BRAK;BRAK;BRAK;BRAK;BRAK;BRAK;BRAK;BRAK;FAŁSZ;BRAK;BRAK;BRAK;;BRAK;BRAK;PRAWDA;5;5;BRAK;BRAK;BRAK;BRAK;BRAK;BRAK;BRAK;BRAK;BRAK;BRAK;Metalurg;;ZELAZNA_BLACHA.3ds;TAK;TAK;TAK;PRAWDA
Nieuformowana stal;83,00;100,75;FAŁSZ;Surowa, nieobrobiona bryła metalu, idealna do kucia potężnej broni.;ITEM_CAT_NONE;-;Materials;Materials;AdminMaterials;materials;PRAWDA;NIEUFORMOWANA_STAL;-;ITMI_GS_MAT_169;1;3;Gamemaster;FAŁSZ;BRAK;BRAK;BRAK;BRAK;BRAK;BRAK;BRAK;BRAK;BRAK;BRAK;BRAK;BRAK;BRAK;BRAK;BRAK;BRAK;FAŁSZ;BRAK;BRAK;BRAK;;BRAK;BRAK;PRAWDA;5;5;BRAK;BRAK;BRAK;BRAK;BRAK;BRAK;BRAK;BRAK;BRAK;BRAK;Metalurg;;NIEUFORMOWANA_STAL.3ds;TAK;TAK;TAK;PRAWDA
Uformowane stal;87,00;104,75;FAŁSZ;Kawał przygotowanej stali, gotowy do przekucia na ostrze.;ITEM_CAT_NONE;-;Materials;Materials;AdminMaterials;materials;PRAWDA;UFURMOWANA_STAL;-;ITMI_GS_MAT_170;1;3;Gamemaster;FAŁSZ;BRAK;BRAK;BRAK;BRAK;BRAK;BRAK;BRAK;BRAK;BRAK;BRAK;BRAK;BRAK;BRAK;BRAK;BRAK;BRAK;FAŁSZ;BRAK;BRAK;BRAK;;BRAK;BRAK;PRAWDA;5;5;BRAK;BRAK;BRAK;BRAK;BRAK;BRAK;BRAK;BRAK;BRAK;BRAK;Metalurg;;UFURMOWANA_STAL.3ds;TAK;TAK;TAK;PRAWDA
Stalowa blacha;17,90;26,81;FAŁSZ;Ciężki, płaski kawałek obrobionej stali.;ITEM_CAT_NONE;-;Materials;Materials;AdminMaterials;materials;PRAWDA;STALOWA_BLACHA;-;ITMI_GS_MAT_171;0,2;3;Gamemaster;FAŁSZ;BRAK;BRAK;BRAK;BRAK;BRAK;BRAK;BRAK;BRAK;BRAK;BRAK;BRAK;BRAK;BRAK;BRAK;BRAK;BRAK;FAŁSZ;BRAK;BRAK;BRAK;;BRAK;BRAK;PRAWDA;5;5;BRAK;BRAK;BRAK;BRAK;BRAK;BRAK;BRAK;BRAK;BRAK;BRAK;Metalurg;;STALOWA_BLACHA.3ds;TAK;TAK;TAK;PRAWDA
Nieuformowana meteorytowa stal;98,00;123,65;FAŁSZ;Kawałek czystej stali, wykutej z metalu pochodzącego z głębi kosmosu.;ITEM_CAT_NONE;-;Materials;Materials;AdminMaterials;materials;PRAWDA;NIEUFORMOWANY_METEORYT;-;ITMI_GS_MAT_172;1;4;Gamemaster;FAŁSZ;BRAK;BRAK;BRAK;BRAK;BRAK;BRAK;BRAK;BRAK;BRAK;BRAK;BRAK;BRAK;BRAK;BRAK;BRAK;BRAK;FAŁSZ;BRAK;BRAK;BRAK;;BRAK;BRAK;FAŁSZ;5;5;BRAK;BRAK;BRAK;BRAK;BRAK;BRAK;BRAK;BRAK;BRAK;BRAK;Metalurg;;NIEUFORMOWANY_METEORYT.3ds;TAK;TAK;TAK;PRAWDA
Uformowana meteorytowa stal;100,50;126,15;FAŁSZ;Kawałek stali uformowany z żelaza meteorytowego.;ITEM_CAT_NONE;-;Materials;Materials;AdminMaterials;materials;PRAWDA;UFURMOWANY_METEORYT;-;ITMI_GS_MAT_173;1;4;Gamemaster;FAŁSZ;BRAK;BRAK;BRAK;BRAK;BRAK;BRAK;BRAK;BRAK;BRAK;BRAK;BRAK;BRAK;BRAK;BRAK;BRAK;BRAK;FAŁSZ;BRAK;BRAK;BRAK;;BRAK;BRAK;FAŁSZ;5;5;BRAK;BRAK;BRAK;BRAK;BRAK;BRAK;BRAK;BRAK;BRAK;BRAK;Metalurg;;UFURMOWANY_METEORYT.3ds;TAK;TAK;TAK;PRAWDA
Blacha meteorytowej stali;20,80;33,71;FAŁSZ;Kawałek czystej, meteorytowej stali. Idealny materiał do wykucia niezwykłego oręża.;ITEM_CAT_NONE;-;Materials;Materials;AdminMaterials;materials;PRAWDA;METEORYTOWA_BLACHA;-;ITMI_GS_MAT_174;0,2;4;Gamemaster;FAŁSZ;BRAK;BRAK;BRAK;BRAK;BRAK;BRAK;BRAK;BRAK;BRAK;BRAK;BRAK;BRAK;BRAK;BRAK;BRAK;BRAK;FAŁSZ;BRAK;BRAK;BRAK;;BRAK;BRAK;FAŁSZ;5;5;BRAK;BRAK;BRAK;BRAK;BRAK;BRAK;BRAK;BRAK;BRAK;BRAK;Metalurg;;METEORYTOWA_BLACHA.3ds;TAK;TAK;TAK;PRAWDA
Nieuformowana magiczna ruda;388,00;519,43;FAŁSZ;Nieszlachetny, surowy kruszec, który może posłużyć do wyrobu oręża o niebywałej wytrzymałości.;ITEM_CAT_NONE;-;Materials;Materials;AdminMaterials;materials;PRAWDA;NIEUFORMOWANA_MAGICZNA;-;ITMI_GS_MAT_175;1;5;Gamemaster;FAŁSZ;BRAK;BRAK;BRAK;BRAK;BRAK;BRAK;BRAK;BRAK;BRAK;BRAK;BRAK;BRAK;BRAK;BRAK;BRAK;BRAK;FAŁSZ;BRAK;BRAK;BRAK;;BRAK;BRAK;FAŁSZ;5;5;BRAK;BRAK;BRAK;BRAK;BRAK;BRAK;BRAK;BRAK;BRAK;BRAK;Metalurg;;NIEUFORMOWANA_MAGICZNA.3ds;TAK;TAK;TAK;PRAWDA
Uformowane magiczna ruda;390,50;521,93;FAŁSZ;Bryłka magicznej rudy, uformowana w poręczny kształt, gotowa do dalszego przetworzenia.;ITEM_CAT_NONE;-;Materials;Materials;AdminMaterials;materials;PRAWDA;UFURMOWANA_MAGICZNA;-;ITMI_GS_MAT_176;1;5;Gamemaster;FAŁSZ;BRAK;BRAK;BRAK;BRAK;BRAK;BRAK;BRAK;BRAK;BRAK;BRAK;BRAK;BRAK;BRAK;BRAK;BRAK;BRAK;FAŁSZ;BRAK;BRAK;BRAK;;BRAK;BRAK;FAŁSZ;5;5;BRAK;BRAK;BRAK;BRAK;BRAK;BRAK;BRAK;BRAK;BRAK;BRAK;Metalurg;;UFURMOWANA_MAGICZNA.3ds;TAK;TAK;TAK;PRAWDA
Blacha z magicznej rudy;79,30;142,54;FAŁSZ;Jest to jeden z elementów, który powstał z przetopienia rudy.;ITEM_CAT_NONE;-;Materials;Materials;AdminMaterials;materials;PRAWDA;MAGICZNA_BLACHA;-;ITMI_GS_MAT_177;0,2;5;Gamemaster;FAŁSZ;BRAK;BRAK;BRAK;BRAK;BRAK;BRAK;BRAK;BRAK;BRAK;BRAK;BRAK;BRAK;BRAK;BRAK;BRAK;BRAK;FAŁSZ;BRAK;BRAK;BRAK;;BRAK;BRAK;FAŁSZ;5;5;BRAK;BRAK;BRAK;BRAK;BRAK;BRAK;BRAK;BRAK;BRAK;BRAK;Metalurg;;MAGICZNA_BLACHA.3ds;TAK;TAK;TAK;PRAWDA
Tarczka;39,70;45,34;FAŁSZ;Okrągła lub owalna płyta metalowa, używana jako ochrona przed bronią białą.;ITEM_CAT_NONE;-;Materials;Materials;AdminMaterials;materials;PRAWDA;TARCZKA;-;ITMI_GS_MAT_178;1;0;Gamemaster;FAŁSZ;BRAK;BRAK;BRAK;BRAK;BRAK;BRAK;BRAK;BRAK;BRAK;BRAK;BRAK;BRAK;BRAK;BRAK;BRAK;BRAK;FAŁSZ;BRAK;BRAK;BRAK;;BRAK;BRAK;PRAWDA;5;5;BRAK;BRAK;BRAK;BRAK;BRAK;BRAK;BRAK;BRAK;BRAK;BRAK;Płatnerz;Inne;TARCZKA.3ds;TAK;TAK;TAK;PRAWDA
Napierśnik;80,55;88,95;FAŁSZ;Solidna ochrona dla torsu, wykuta z najlepszej stali.;ITEM_CAT_NONE;-;Materials;Materials;AdminMaterials;materials;PRAWDA;NAPIERSNIK;-;ITMI_GS_MAT_179;1,2;2;Gamemaster;FAŁSZ;BRAK;BRAK;BRAK;BRAK;BRAK;BRAK;BRAK;BRAK;BRAK;BRAK;BRAK;BRAK;BRAK;BRAK;BRAK;BRAK;FAŁSZ;BRAK;BRAK;BRAK;;BRAK;BRAK;PRAWDA;5;5;BRAK;BRAK;BRAK;BRAK;BRAK;BRAK;BRAK;BRAK;BRAK;BRAK;Płatnerz;Inne;NAPIERSNIK.3ds;TAK;TAK;TAK;PRAWDA
Taszka;252,60;288,25;FAŁSZ;Część zbroi, chroniąca dolną część ciała.;ITEM_CAT_NONE;-;Materials;Materials;AdminMaterials;materials;PRAWDA;TASZKA;-;ITMI_GS_MAT_180;2;3;Gamemaster;FAŁSZ;BRAK;BRAK;BRAK;BRAK;BRAK;BRAK;BRAK;BRAK;BRAK;BRAK;BRAK;BRAK;BRAK;BRAK;BRAK;BRAK;FAŁSZ;BRAK;BRAK;BRAK;;BRAK;BRAK;PRAWDA;5;5;BRAK;BRAK;BRAK;BRAK;BRAK;BRAK;BRAK;BRAK;BRAK;BRAK;Płatnerz;Inne;TASZKA.3ds;TAK;TAK;TAK;PRAWDA
Wzmocnione rękawice;244,70;296,34;FAŁSZ;Rękawice wzmocnione dodatkowymi warstwami skóry dla lepszej ochrony dłoni.;ITEM_CAT_NONE;-;Materials;Materials;AdminMaterials;materials;PRAWDA;KM_VOB_ARMORER_GLOVES_01;-;ITMI_GS_MAT_181;3;4;Gamemaster;FAŁSZ;BRAK;BRAK;BRAK;BRAK;BRAK;BRAK;BRAK;BRAK;BRAK;BRAK;BRAK;BRAK;BRAK;BRAK;BRAK;BRAK;FAŁSZ;BRAK;BRAK;BRAK;;BRAK;BRAK;FAŁSZ;5;5;BRAK;BRAK;BRAK;BRAK;BRAK;BRAK;BRAK;BRAK;BRAK;BRAK;Płatnerz;Inne;KM_VOB_ARMORER_GLOVES_01.3ds;TAK;TAK;TAK;PRAWDA
Płytowe trzewiki;1914,20;2167,16;FAŁSZ;Pancerz stóp, wykonany ze stalowych płyt nitowanych ze sobą, zakrywający górę i boki buta.;ITEM_CAT_NONE;-;Materials;Materials;AdminMaterials;materials;PRAWDA;PLYTOWE_TRZEWIKI;-;ITMI_GS_MAT_182;4;5;Gamemaster;FAŁSZ;BRAK;BRAK;BRAK;BRAK;BRAK;BRAK;BRAK;BRAK;BRAK;BRAK;BRAK;BRAK;BRAK;BRAK;BRAK;BRAK;FAŁSZ;BRAK;BRAK;BRAK;;BRAK;BRAK;FAŁSZ;5;5;BRAK;BRAK;BRAK;BRAK;BRAK;BRAK;BRAK;BRAK;BRAK;BRAK;Płatnerz;Inne;PLYTOWE_TRZEWIKI.3ds;TAK;TAK;TAK;PRAWDA
Toga awanturnika;234,40;306,93;FAŁSZ;Lekki pancerz nie krępujący ruchów i pozwalający na pływanie w wodzie. Po odegraniu może być ubrany bez niczyjej pomocy.;ITEM_CAT_ARMOR;ITEM_WEAR_TORSO;Armor;Armor;AdminArmor;armors;FAŁSZ;ITAR_SDRP_LTH_62;-;ITAR_GS_STR_01;15;1;Gamemaster;FAŁSZ;BRAK;BRAK;BRAK;BRAK;BRAK;BRAK;BRAK;BRAK;BRAK;BRAK;16;4;BRAK;BRAK;BRAK;BRAK;FAŁSZ;BRAK;BRAK;BRAK;;Mały zestaw naprawczy do pancerzy;300;PRAWDA;5;5;BRAK;BRAK;BRAK;BRAK;10;15;20;0;0;5;Płatnerz;Pancerz ciężki;Gladiatorchyba.asc;TAK;TAK;TAK;PRAWDA
Pancerz szkodnika;234,40;306,93;FAŁSZ;Lekki pancerz nie krępujący ruchów i pozwalający na pływanie w wodzie. Po odegraniu może być ubrany bez niczyjej pomocy.;ITEM_CAT_ARMOR;ITEM_WEAR_TORSO;Armor;Armor;AdminArmor;armors;FAŁSZ;ITAR_SDRP_LTH_89;-;ITAR_GS_STR_02;15;1;Gamemaster;FAŁSZ;BRAK;BRAK;BRAK;BRAK;BRAK;BRAK;BRAK;BRAK;BRAK;BRAK;16;4;BRAK;BRAK;BRAK;BRAK;FAŁSZ;BRAK;BRAK;BRAK;;Mały zestaw naprawczy do pancerzy;300;PRAWDA;5;5;BRAK;BRAK;BRAK;BRAK;10;15;20;0;0;5;Płatnerz;Pancerz ciężki;ARMOR_KARES_T1.asc;TAK;TAK;TAK;PRAWDA
Prosta kolczuga;234,40;306,93;FAŁSZ;Lekki pancerz nie krępujący ruchów i pozwalający na pływanie w wodzie. Po odegraniu może być ubrany bez niczyjej pomocy.;ITEM_CAT_ARMOR;ITEM_WEAR_TORSO;Armor;Armor;AdminArmor;armors;FAŁSZ;itar_km_leather_m;-;ITAR_GS_STR_03;15;1;Gamemaster;FAŁSZ;BRAK;BRAK;BRAK;BRAK;BRAK;BRAK;BRAK;BRAK;BRAK;BRAK;16;4;BRAK;BRAK;BRAK;BRAK;FAŁSZ;BRAK;BRAK;BRAK;;Mały zestaw naprawczy do pancerzy;300;PRAWDA;5;5;BRAK;BRAK;BRAK;BRAK;10;15;20;0;0;5;Płatnerz;Pancerz ciężki;KM_ARX_A1.asc;TAK;TAK;TAK;PRAWDA
Pancerz rekruta;234,40;306,93;FAŁSZ;Lekki pancerz nie krępujący ruchów i pozwalający na pływanie w wodzie. Po odegraniu może być ubrany bez niczyjej pomocy.;ITEM_CAT_ARMOR;ITEM_WEAR_TORSO;Armor;Armor;AdminArmor;armors;FAŁSZ;itar_chain_l;-;ITAR_GS_STR_04;15;1;Gamemaster;FAŁSZ;BRAK;BRAK;BRAK;BRAK;BRAK;BRAK;BRAK;BRAK;BRAK;BRAK;16;4;BRAK;BRAK;BRAK;BRAK;FAŁSZ;BRAK;BRAK;BRAK;;Mały zestaw naprawczy do pancerzy;300;PRAWDA;5;5;BRAK;BRAK;BRAK;BRAK;10;15;20;0;0;5;Płatnerz;Pancerz ciężki;KM_CH_ARMOR.asc;TAK;TAK;TAK;PRAWDA
Pancerz giermka;234,40;306,93;FAŁSZ;Lekki pancerz nie krępujący ruchów i pozwalający na pływanie w wodzie. Po odegraniu może być ubrany bez niczyjej pomocy.;ITEM_CAT_ARMOR;ITEM_WEAR_TORSO;Armor;Armor;AdminArmor;armors;FAŁSZ;ARMOR_VAMP_FIST_1;-;ITAR_GS_STR_05;15;1;Gamemaster;FAŁSZ;BRAK;BRAK;BRAK;BRAK;BRAK;BRAK;BRAK;BRAK;BRAK;BRAK;16;4;BRAK;BRAK;BRAK;BRAK;FAŁSZ;BRAK;BRAK;BRAK;;Mały zestaw naprawczy do pancerzy;300;PRAWDA;5;5;BRAK;BRAK;BRAK;BRAK;10;15;20;0;0;5;Płatnerz;Pancerz ciężki;ARMOR_VAMP_FIST_1.asc;TAK;TAK;TAK;PRAWDA
Pancerz podróżnika;234,40;306,93;FAŁSZ;Lekki pancerz nie krępujący ruchów i pozwalający na pływanie w wodzie. Po odegraniu może być ubrany bez niczyjej pomocy.;ITEM_CAT_ARMOR;ITEM_WEAR_TORSO;Armor;Armor;AdminArmor;armors;FAŁSZ;HUM_DHT1_ARMOR;-;ITAR_GS_STR_06;15;1;Gamemaster;FAŁSZ;BRAK;BRAK;BRAK;BRAK;BRAK;BRAK;BRAK;BRAK;BRAK;BRAK;16;4;BRAK;BRAK;BRAK;BRAK;FAŁSZ;BRAK;BRAK;BRAK;;Mały zestaw naprawczy do pancerzy;300;PRAWDA;5;5;BRAK;BRAK;BRAK;BRAK;10;15;20;0;0;5;Płatnerz;Pancerz ciężki;HUM_DHT1_ARMOR.asc;TAK;TAK;TAK;PRAWDA
Pancerz niezrzeszonego rekruta;234,40;306,93;FAŁSZ;Lekki pancerz nie krępujący ruchów i pozwalający na pływanie w wodzie. Po odegraniu może być ubrany bez niczyjej pomocy.;ITEM_CAT_ARMOR;ITEM_WEAR_TORSO;Armor;Armor;AdminArmor;armors;FAŁSZ;ITAR_SDRP_LTH_06;-;ITAR_GS_STR_07;15;1;Gamemaster;FAŁSZ;BRAK;BRAK;BRAK;BRAK;BRAK;BRAK;BRAK;BRAK;BRAK;BRAK;16;4;BRAK;BRAK;BRAK;BRAK;FAŁSZ;BRAK;BRAK;BRAK;;Mały zestaw naprawczy do pancerzy;300;PRAWDA;5;5;BRAK;BRAK;BRAK;BRAK;10;15;20;0;0;5;Płatnerz;Pancerz ciężki;guard_L_A_black.asc;TAK;TAK;TAK;PRAWDA
Lekki pancerz południowca;BRAK;BRAK;FAŁSZ;Lekki pancerz nie krępujący ruchów i pozwalający na pływanie w wodzie. Po odegraniu może być ubrany bez niczyjej pomocy.;ITEM_CAT_ARMOR;ITEM_WEAR_TORSO;Armor;Armor;AdminArmor;armors;FAŁSZ;ITAR_STH_L;-;ITAR_GS_UN_01;12;1;Gamemaster;FAŁSZ;BRAK;BRAK;BRAK;BRAK;BRAK;BRAK;BRAK;BRAK;BRAK;BRAK;4;16;BRAK;BRAK;BRAK;BRAK;FAŁSZ;BRAK;BRAK;BRAK;;Zestaw do szycia;300;PRAWDA;5;5;BRAK;BRAK;BRAK;BRAK;20;15;10;0;0;25;Kuśnierz;Pancerz lekki;KM_STHR_L.asc;TAK;TAK;TAK;FAŁSZ
Strój rabusia;207,25;268,71;FAŁSZ;Lekki pancerz nie krępujący ruchów i pozwalający na pływanie w wodzie. Po odegraniu może być ubrany bez niczyjej pomocy.;ITEM_CAT_ARMOR;ITEM_WEAR_TORSO;Armor;Armor;AdminArmor;armors;FAŁSZ;ITAR_SDRP_LTH_34;-;ITAR_GS_DEX_01;12;1;Gamemaster;FAŁSZ;BRAK;BRAK;BRAK;BRAK;BRAK;BRAK;BRAK;BRAK;BRAK;BRAK;4;16;BRAK;BRAK;BRAK;BRAK;FAŁSZ;BRAK;BRAK;BRAK;;Zestaw do szycia;300;PRAWDA;5;5;BRAK;BRAK;BRAK;BRAK;20;15;15;0;0;25;Kuśnierz;Pancerz lekki;ARMOR_RABUS.asc;TAK;TAK;TAK;PRAWDA
Kobiecy futrzany pancerz;207,25;268,71;FAŁSZ;Lekki pancerz nie krępujący ruchów i pozwalający na pływanie w wodzie. Po odegraniu może być ubrany bez niczyjej pomocy.;ITEM_CAT_ARMOR;ITEM_WEAR_TORSO;Armor;Armor;AdminArmor;armors;FAŁSZ;itar_sg_bab_07;-;ITAR_GS_DEX_02;12;1;Gamemaster;FAŁSZ;BRAK;BRAK;BRAK;BRAK;BRAK;BRAK;BRAK;BRAK;BRAK;BRAK;4;16;BRAK;BRAK;BRAK;BRAK;FAŁSZ;BRAK;BRAK;BRAK;;Zestaw do szycia;300;PRAWDA;5;5;BRAK;BRAK;BRAK;BRAK;20;15;15;0;0;25;Kuśnierz;Pancerz lekki;ARMOR_BAB_PRAVEN_L.asc;TAK;TAK;TAK;PRAWDA
Futrzany kobiecy pancerz;207,25;268,71;FAŁSZ;Lekki pancerz nie krępujący ruchów i pozwalający na pływanie w wodzie. Po odegraniu może być ubrany bez niczyjej pomocy.;ITEM_CAT_ARMOR;ITEM_WEAR_TORSO;Armor;Armor;AdminArmor;armors;FAŁSZ;itar_sg_bab_06;-;ITAR_GS_DEX_03;12;1;Gamemaster;FAŁSZ;BRAK;BRAK;BRAK;BRAK;BRAK;BRAK;BRAK;BRAK;BRAK;BRAK;4;16;BRAK;BRAK;BRAK;BRAK;FAŁSZ;BRAK;BRAK;BRAK;;Zestaw do szycia;300;PRAWDA;5;5;BRAK;BRAK;BRAK;BRAK;20;15;15;0;0;25;Kuśnierz;Pancerz lekki;ARMOR_BAB_BDTL_L.asc;TAK;TAK;TAK;PRAWDA
Ciemny futrzany kobiecy pancerz;207,25;268,71;FAŁSZ;Lekki pancerz nie krępujący ruchów i pozwalający na pływanie w wodzie. Po odegraniu może być ubrany bez niczyjej pomocy.;ITEM_CAT_ARMOR;ITEM_WEAR_TORSO;Armor;Armor;AdminArmor;armors;FAŁSZ;itar_sg_bab_01;-;ITAR_GS_DEX_04;12;1;Gamemaster;FAŁSZ;BRAK;BRAK;BRAK;BRAK;BRAK;BRAK;BRAK;BRAK;BRAK;BRAK;4;16;BRAK;BRAK;BRAK;BRAK;FAŁSZ;BRAK;BRAK;BRAK;;Zestaw do szycia;300;PRAWDA;5;5;BRAK;BRAK;BRAK;BRAK;20;15;15;0;0;25;Kuśnierz;Pancerz lekki;SYN_ARMOR_BABE_BLACKSZKODNIK.asc;TAK;TAK;TAK;PRAWDA
Skórzany pancerz;207,25;268,71;FAŁSZ;Lekki pancerz nie krępujący ruchów i pozwalający na pływanie w wodzie. Po odegraniu może być ubrany bez niczyjej pomocy.;ITEM_CAT_ARMOR;ITEM_WEAR_TORSO;Armor;Armor;AdminArmor;armors;FAŁSZ;ITAR_LEATHER_L;-;ITAR_GS_DEX_05;12;1;Gamemaster;FAŁSZ;BRAK;BRAK;BRAK;BRAK;BRAK;BRAK;BRAK;BRAK;BRAK;BRAK;4;16;BRAK;BRAK;BRAK;BRAK;FAŁSZ;BRAK;BRAK;BRAK;;Zestaw do szycia;300;PRAWDA;5;5;BRAK;BRAK;BRAK;BRAK;20;15;15;0;0;25;Kuśnierz;Pancerz lekki;Armor_Leather_L.asc;TAK;TAK;TAK;PRAWDA
Pancerz początkującego łowczego;207,25;268,71;FAŁSZ;Lekki pancerz nie krępujący ruchów i pozwalający na pływanie w wodzie. Po odegraniu może być ubrany bez niczyjej pomocy.;ITEM_CAT_ARMOR;ITEM_WEAR_TORSO;Armor;Armor;AdminArmor;armors;FAŁSZ;Armor_Hunter_Damaged_01.asc;-;ITAR_GS_DEX_05_1;12;1;Gamemaster;FAŁSZ;BRAK;BRAK;BRAK;BRAK;BRAK;BRAK;BRAK;BRAK;BRAK;BRAK;4;16;BRAK;BRAK;BRAK;BRAK;FAŁSZ;BRAK;BRAK;BRAK;;Zestaw do szycia;300;PRAWDA;5;5;BRAK;BRAK;BRAK;BRAK;20;15;15;0;0;25;Kuśnierz;Pancerz lekki;Armor_Hunter_Damaged_01.asc;TAK;TAK;TAK;PRAWDA
Lekki ciemny pancerz koczownika;BRAK;#N/D;FAŁSZ;Lekki pancerz nie krępujący ruchów i pozwalający na pływanie w wodzie. Po odegraniu może być ubrany bez niczyjej pomocy.;ITEM_CAT_ARMOR;ITEM_WEAR_TORSO;Armor;Armor;AdminArmor;armors;FAŁSZ;ARMOR_ASASYN_VAR_03;-;ITAR_GS_UN_01_1;15;1;Gamemaster;FAŁSZ;BRAK;BRAK;BRAK;BRAK;BRAK;BRAK;BRAK;BRAK;BRAK;BRAK;4;16;BRAK;BRAK;BRAK;BRAK;FAŁSZ;BRAK;BRAK;BRAK;;Zestaw do szycia;300;PRAWDA;5;5;BRAK;BRAK;BRAK;BRAK;20;15;15;0;0;25;Kuśnierz;Pancerz lekki;;NIE;NIE;TAK;FAŁSZ
Lekki jasny pancerz koczownika;BRAK;#N/D;FAŁSZ;Lekki pancerz nie krępujący ruchów i pozwalający na pływanie w wodzie. Po odegraniu może być ubrany bez niczyjej pomocy.;ITEM_CAT_ARMOR;ITEM_WEAR_TORSO;Armor;Armor;AdminArmor;armors;FAŁSZ;ARMOR_ASASYN_VAR_04;-;ITAR_GS_UN_01_2;15;1;Gamemaster;FAŁSZ;BRAK;BRAK;BRAK;BRAK;BRAK;BRAK;BRAK;BRAK;BRAK;BRAK;4;16;BRAK;BRAK;BRAK;BRAK;FAŁSZ;BRAK;BRAK;BRAK;;Zestaw do szycia;300;PRAWDA;5;5;BRAK;BRAK;BRAK;BRAK;20;15;15;0;0;25;Kuśnierz;Pancerz lekki;;NIE;NIE;TAK;FAŁSZ
Lekka skórzana zbroja myśliwego;207,25;268,71;FAŁSZ;Lekki pancerz nie krępujący ruchów i pozwalający na pływanie w wodzie. Po odegraniu może być ubrany bez niczyjej pomocy.;ITEM_CAT_ARMOR;ITEM_WEAR_TORSO;Armor;Armor;AdminArmor;armors;FAŁSZ;itar_km_leather_l;-;ITAR_GS_DEX_06;12;1;Gamemaster;FAŁSZ;BRAK;BRAK;BRAK;BRAK;BRAK;BRAK;BRAK;BRAK;BRAK;BRAK;4;16;BRAK;BRAK;BRAK;BRAK;FAŁSZ;BRAK;BRAK;BRAK;;Zestaw do szycia;300;PRAWDA;5;5;BRAK;BRAK;BRAK;BRAK;20;15;15;0;0;25;Kuśnierz;Pancerz lekki;KM_arm_arx_l2.asc;TAK;TAK;TAK;PRAWDA
Futrzana zbroja;207,25;268,71;FAŁSZ;Lekki pancerz nie krępujący ruchów i pozwalający na pływanie w wodzie. Po odegraniu może być ubrany bez niczyjej pomocy.;ITEM_CAT_ARMOR;ITEM_WEAR_TORSO;Armor;Armor;AdminArmor;armors;FAŁSZ;ITAR_SDRP_LTH_29;-;ITAR_GS_DEX_07;12;1;Gamemaster;FAŁSZ;BRAK;BRAK;BRAK;BRAK;BRAK;BRAK;BRAK;BRAK;BRAK;BRAK;4;16;BRAK;BRAK;BRAK;BRAK;FAŁSZ;BRAK;BRAK;BRAK;;Zestaw do szycia;300;PRAWDA;5;5;BRAK;BRAK;BRAK;BRAK;20;15;15;0;0;25;Kuśnierz;Pancerz lekki;ZRP26.asc;TAK;TAK;TAK;PRAWDA
Ubranie kata;207,25;268,71;FAŁSZ;Lekki pancerz nie krępujący ruchów i pozwalający na pływanie w wodzie. Po odegraniu może być ubrany bez niczyjej pomocy.;ITEM_CAT_ARMOR;ITEM_WEAR_TORSO;Armor;Armor;AdminArmor;armors;FAŁSZ;ITAR_SDRP_HYBRYD_25;-;ITAR_GS_DEX_08;12;1;Gamemaster;FAŁSZ;BRAK;BRAK;BRAK;BRAK;BRAK;BRAK;BRAK;BRAK;BRAK;BRAK;4;16;BRAK;BRAK;BRAK;BRAK;FAŁSZ;BRAK;BRAK;BRAK;;Zestaw do szycia;300;PRAWDA;5;5;BRAK;BRAK;BRAK;BRAK;20;15;15;0;0;25;Kuśnierz;Pancerz lekki;TESMAGE.asc;TAK;TAK;TAK;PRAWDA
Pancerz nadzorcy;519,15;702,60;FAŁSZ;Pancerz pomiędzy lekkim a średnim, delikatnie krępuje ruchy, ale pozwala na pływanie w wodzie. Po odegraniu może być ubrany bez niczyjej pomocy.;ITEM_CAT_ARMOR;ITEM_WEAR_TORSO;Armor;Armor;AdminArmor;armors;FAŁSZ;ITAR_GS_CUSTOM_26;-;ITAR_GS_STR_08;18;2;Gamemaster;FAŁSZ;BRAK;BRAK;BRAK;BRAK;BRAK;BRAK;BRAK;BRAK;BRAK;BRAK;32;8;BRAK;BRAK;BRAK;BRAK;FAŁSZ;BRAK;BRAK;BRAK;;Mały zestaw naprawczy do pancerzy;300;PRAWDA;5;5;BRAK;BRAK;BRAK;BRAK;20;25;30;0;0;0;Płatnerz;Pancerz ciężki;gs_piraty_t2.asc;TAK;TAK;TAK;PRAWDA
Pancerz gońca;519,15;702,60;FAŁSZ;Pancerz pomiędzy lekkim a średnim, delikatnie krępuje ruchy, ale pozwala na pływanie w wodzie. Po odegraniu może być ubrany bez niczyjej pomocy.;ITEM_CAT_ARMOR;ITEM_WEAR_TORSO;Armor;Armor;AdminArmor;armors;FAŁSZ;ITAR_ARX_B_SUNDER;-;ITAR_GS_STR_09;18;2;Gamemaster;FAŁSZ;BRAK;BRAK;BRAK;BRAK;BRAK;BRAK;BRAK;BRAK;BRAK;BRAK;32;8;BRAK;BRAK;BRAK;BRAK;FAŁSZ;BRAK;BRAK;BRAK;;Mały zestaw naprawczy do pancerzy;300;PRAWDA;5;5;BRAK;BRAK;BRAK;BRAK;20;25;30;0;0;0;Płatnerz;Pancerz ciężki;KM_ARX_B.asc;TAK;TAK;TAK;PRAWDA
Wyprawowa zbroja;519,15;702,60;FAŁSZ;Pancerz pomiędzy lekkim a średnim, delikatnie krępuje ruchy, ale pozwala na pływanie w wodzie. Po odegraniu może być ubrany bez niczyjej pomocy.;ITEM_CAT_ARMOR;ITEM_WEAR_TORSO;Armor;Armor;AdminArmor;armors;FAŁSZ;ITAR_SDRP_HYBRYD_23;-;ITAR_GS_STR_10;18;2;Gamemaster;FAŁSZ;BRAK;BRAK;BRAK;BRAK;BRAK;BRAK;BRAK;BRAK;BRAK;BRAK;32;8;BRAK;BRAK;BRAK;BRAK;FAŁSZ;BRAK;BRAK;BRAK;;Mały zestaw naprawczy do pancerzy;300;PRAWDA;5;5;BRAK;BRAK;BRAK;BRAK;20;25;30;0;0;0;Płatnerz;Pancerz ciężki;MITTLEREFREIESOELDNERRUESTUNG.asc;TAK;TAK;TAK;PRAWDA
Pancerz wartownika;519,15;702,60;FAŁSZ;Pancerz pomiędzy lekkim a średnim, delikatnie krępuje ruchy, ale pozwala na pływanie w wodzie. Po odegraniu może być ubrany bez niczyjej pomocy.;ITEM_CAT_ARMOR;ITEM_WEAR_TORSO;Armor;Armor;AdminArmor;armors;FAŁSZ;itar_chain_l_tier2;-;ITAR_GS_STR_11;18;2;Gamemaster;FAŁSZ;BRAK;BRAK;BRAK;BRAK;BRAK;BRAK;BRAK;BRAK;BRAK;BRAK;32;8;BRAK;BRAK;BRAK;BRAK;FAŁSZ;BRAK;BRAK;BRAK;;Mały zestaw naprawczy do pancerzy;300;PRAWDA;5;5;BRAK;BRAK;BRAK;BRAK;20;25;30;0;0;0;Płatnerz;Pancerz ciężki;KM_HCH_ARMOR.asc;TAK;TAK;TAK;PRAWDA
Pancerz ogara;519,15;702,60;FAŁSZ;Pancerz pomiędzy lekkim a średnim, delikatnie krępuje ruchy, ale pozwala na pływanie w wodzie. Po odegraniu może być ubrany bez niczyjej pomocy.;ITEM_CAT_ARMOR;ITEM_WEAR_TORSO;Armor;Armor;AdminArmor;armors;FAŁSZ;ITAR_SDRP_LTH_01;-;ITAR_GS_STR_12;18;2;Gamemaster;FAŁSZ;BRAK;BRAK;BRAK;BRAK;BRAK;BRAK;BRAK;BRAK;BRAK;BRAK;32;8;BRAK;BRAK;BRAK;BRAK;FAŁSZ;BRAK;BRAK;BRAK;;Mały zestaw naprawczy do pancerzy;300;PRAWDA;5;5;BRAK;BRAK;BRAK;BRAK;20;25;30;0;0;0;Płatnerz;Pancerz ciężki;ARMOR_OGAR.asc;TAK;TAK;TAK;PRAWDA
Panerz dziesiętnika;519,15;702,60;FAŁSZ;Pancerz pomiędzy lekkim a średnim, delikatnie krępuje ruchy, ale pozwala na pływanie w wodzie. Po odegraniu może być ubrany bez niczyjej pomocy.;ITEM_CAT_ARMOR;ITEM_WEAR_TORSO;Armor;Armor;AdminArmor;armors;FAŁSZ;ITAR_CHAIN_DETLOW;-;ITAR_GS_STR_13;18;2;Gamemaster;FAŁSZ;BRAK;BRAK;BRAK;BRAK;BRAK;BRAK;BRAK;BRAK;BRAK;BRAK;32;8;BRAK;BRAK;BRAK;BRAK;FAŁSZ;BRAK;BRAK;BRAK;;Mały zestaw naprawczy do pancerzy;300;PRAWDA;5;5;BRAK;BRAK;BRAK;BRAK;20;25;30;0;0;0;Płatnerz;Pancerz ciężki;KM_CH_DETLOW_ARMOR.asc;TAK;TAK;TAK;PRAWDA
Lekka zbroja płytowa;519,15;702,60;FAŁSZ;Pancerz pomiędzy lekkim a średnim, delikatnie krępuje ruchy, ale pozwala na pływanie w wodzie. Po odegraniu może być ubrany bez niczyjej pomocy.;ITEM_CAT_ARMOR;ITEM_WEAR_TORSO;Armor;Armor;AdminArmor;armors;FAŁSZ;KM_BOOTLEG_IRONSCALES;-;ITAR_GS_STR_13_1;18;2;Gamemaster;FAŁSZ;BRAK;BRAK;BRAK;BRAK;BRAK;BRAK;BRAK;BRAK;BRAK;BRAK;32;8;BRAK;BRAK;BRAK;BRAK;FAŁSZ;BRAK;BRAK;BRAK;;Mały zestaw naprawczy do pancerzy;300;PRAWDA;5;5;BRAK;BRAK;BRAK;BRAK;20;25;30;0;0;0;Płatnerz;Pancerz ciężki;KM_BOOTLEG_IRONSCALES.asc;TAK;TAK;TAK;PRAWDA
Zniszczony pancerz dezertera;BRAK;BRAK;FAŁSZ;Pancerz pomiędzy lekkim a średnim, delikatnie krępuje ruchy, ale pozwala na pływanie w wodzie. Po odegraniu może być ubrany bez niczyjej pomocy.;ITEM_CAT_ARMOR;ITEM_WEAR_TORSO;Armor;Armor;AdminArmor;armors;FAŁSZ;SLD_DEZERTER_H;-;ITAR_GS_STR_13_2;18;2;Gamemaster;FAŁSZ;BRAK;BRAK;BRAK;BRAK;BRAK;BRAK;BRAK;BRAK;BRAK;BRAK;32;8;BRAK;BRAK;BRAK;BRAK;FAŁSZ;BRAK;BRAK;BRAK;;Mały zestaw naprawczy do pancerzy;300;PRAWDA;5;5;BRAK;BRAK;BRAK;BRAK;20;25;30;0;0;0;Płatnerz;Pancerz ciężki;SLD_DEZERTER_M.asc;TAK;TAK;TAK;FAŁSZ
Kobiecy pancerz Varantczyka;BRAK;BRAK;FAŁSZ;Lekki pancerz nie krępujący ruchów i pozwalający na pływanie w wodzie. Po odegraniu może być ubrany bez niczyjej pomocy.;ITEM_CAT_ARMOR;ITEM_WEAR_TORSO;Armor;Armor;AdminArmor;armors;FAŁSZ;LINK;-;ITAR_GS_UN_02;18;2;Gamemaster;FAŁSZ;BRAK;BRAK;BRAK;BRAK;BRAK;BRAK;BRAK;BRAK;BRAK;BRAK;8;32;BRAK;BRAK;BRAK;BRAK;FAŁSZ;BRAK;BRAK;BRAK;;Zestaw do szycia;300;PRAWDA;5;5;BRAK;BRAK;BRAK;BRAK;30;25;20;0;0;20;Płatnerz;Pancerz ciężki;;NIE;NIE;TAK;FAŁSZ
Pancerz Varantczyka;BRAK;BRAK;FAŁSZ;Lekki pancerz nie krępujący ruchów i pozwalający na pływanie w wodzie. Po odegraniu może być ubrany bez niczyjej pomocy.;ITEM_CAT_ARMOR;ITEM_WEAR_TORSO;Armor;Armor;AdminArmor;armors;FAŁSZ;LINK;-;ITAR_GS_UN_03;18;2;Gamemaster;FAŁSZ;BRAK;BRAK;BRAK;BRAK;BRAK;BRAK;BRAK;BRAK;BRAK;BRAK;8;32;BRAK;BRAK;BRAK;BRAK;FAŁSZ;BRAK;BRAK;BRAK;;Zestaw do szycia;300;PRAWDA;5;5;BRAK;BRAK;BRAK;BRAK;30;25;20;0;0;20;Płatnerz;Pancerz ciężki;;NIE;NIE;TAK;FAŁSZ
Pancerz południowca;BRAK;BRAK;FAŁSZ;Lekki pancerz nie krępujący ruchów i pozwalający na pływanie w wodzie. Po odegraniu może być ubrany bez niczyjej pomocy.;ITEM_CAT_ARMOR;ITEM_WEAR_TORSO;Armor;Armor;AdminArmor;armors;FAŁSZ;ITAR_STH_H;-;ITAR_GS_UN_06;18;2;Gamemaster;FAŁSZ;BRAK;BRAK;BRAK;BRAK;BRAK;BRAK;BRAK;BRAK;BRAK;BRAK;8;32;BRAK;BRAK;BRAK;BRAK;FAŁSZ;BRAK;BRAK;BRAK;;Zestaw do szycia;300;PRAWDA;5;5;BRAK;BRAK;BRAK;BRAK;30;25;20;0;0;20;Płatnerz;Pancerz ciężki;;NIE;NIE;TAK;FAŁSZ
Pancerz rabusia;464,38;637,20;FAŁSZ;Lekki pancerz nie krępujący ruchów i pozwalający na pływanie w wodzie. Po odegraniu może być ubrany bez niczyjej pomocy.;ITEM_CAT_ARMOR;ITEM_WEAR_TORSO;Armor;Armor;AdminArmor;armors;FAŁSZ;ARMOR_RANGERIST;-;ITAR_GS_DEX_09;15;2;Gamemaster;FAŁSZ;BRAK;BRAK;BRAK;BRAK;BRAK;BRAK;BRAK;BRAK;BRAK;BRAK;8;32;BRAK;BRAK;BRAK;BRAK;FAŁSZ;BRAK;BRAK;BRAK;;Zestaw do szycia;300;PRAWDA;5;5;BRAK;BRAK;BRAK;BRAK;30;25;20;0;0;20;Kuśnierz;Pancerz lekki;ARMOR_RANGERIST.asc;TAK;TAK;TAK;PRAWDA
Pancerz gildijny;464,38;637,20;FAŁSZ;Lekki pancerz nie krępujący ruchów i pozwalający na pływanie w wodzie. Po odegraniu może być ubrany bez niczyjej pomocy.;ITEM_CAT_ARMOR;ITEM_WEAR_TORSO;Armor;Armor;AdminArmor;armors;FAŁSZ;ITAR_ARX_R;-;ITAR_GS_DEX_10;15;2;Gamemaster;FAŁSZ;BRAK;BRAK;BRAK;BRAK;BRAK;BRAK;BRAK;BRAK;BRAK;BRAK;8;32;BRAK;BRAK;BRAK;BRAK;FAŁSZ;BRAK;BRAK;BRAK;;Zestaw do szycia;300;PRAWDA;5;5;BRAK;BRAK;BRAK;BRAK;30;25;20;0;0;20;Kuśnierz;Pancerz lekki;KM_ARX_M.asc;TAK;TAK;TAK;PRAWDA
Pancerz doświadczonego łowcy;464,38;637,20;FAŁSZ;Lekki pancerz nie krępujący ruchów i pozwalający na pływanie w wodzie. Po odegraniu może być ubrany bez niczyjej pomocy.;ITEM_CAT_ARMOR;ITEM_WEAR_TORSO;Armor;Armor;AdminArmor;armors;FAŁSZ;ITAR_SDRP_LTH_33;-;ITAR_GS_DEX_11;15;2;Gamemaster;FAŁSZ;BRAK;BRAK;BRAK;BRAK;BRAK;BRAK;BRAK;BRAK;BRAK;BRAK;8;32;BRAK;BRAK;BRAK;BRAK;FAŁSZ;BRAK;BRAK;BRAK;;Zestaw do szycia;300;PRAWDA;5;5;BRAK;BRAK;BRAK;BRAK;30;25;20;0;0;20;Kuśnierz;Pancerz lekki;Pir_Mar_H.asc;TAK;TAK;TAK;PRAWDA
Wzmocniony skórzany pancerz;464,38;637,20;FAŁSZ;Lekki pancerz nie krępujący ruchów i pozwalający na pływanie w wodzie. Po odegraniu może być ubrany bez niczyjej pomocy.;ITEM_CAT_ARMOR;ITEM_WEAR_TORSO;Armor;Armor;AdminArmor;armors;FAŁSZ;ITAR_SDRP_LTH_32;-;ITAR_GS_DEX_12;15;2;Gamemaster;FAŁSZ;BRAK;BRAK;BRAK;BRAK;BRAK;BRAK;BRAK;BRAK;BRAK;BRAK;8;32;BRAK;BRAK;BRAK;BRAK;FAŁSZ;BRAK;BRAK;BRAK;;Zestaw do szycia;300;PRAWDA;5;5;BRAK;BRAK;BRAK;BRAK;30;25;20;0;0;20;Kuśnierz;Pancerz lekki;ARMOR_LEATHER_L_GRD5.asc;TAK;TAK;TAK;PRAWDA
Wzmocniony strój marynarza;464,38;637,20;FAŁSZ;Lekki pancerz nie krępujący ruchów i pozwalający na pływanie w wodzie. Po odegraniu może być ubrany bez niczyjej pomocy.;ITEM_CAT_ARMOR;ITEM_WEAR_TORSO;Armor;Armor;AdminArmor;armors;FAŁSZ;ITAR_SDRP_LTH_13;-;ITAR_GS_DEX_13;15;2;Gamemaster;FAŁSZ;BRAK;BRAK;BRAK;BRAK;BRAK;BRAK;BRAK;BRAK;BRAK;BRAK;8;32;BRAK;BRAK;BRAK;BRAK;FAŁSZ;BRAK;BRAK;BRAK;;Zestaw do szycia;300;PRAWDA;5;5;BRAK;BRAK;BRAK;BRAK;30;25;20;0;0;20;Kuśnierz;Pancerz lekki;ARMOR_SCHATTEN_M_NEW.asc;TAK;TAK;TAK;PRAWDA
Jasny pancerz koczownika;BRAK;BRAK;FAŁSZ;Lekki pancerz nie krępujący ruchów i pozwalający na pływanie w wodzie. Po odegraniu może być ubrany bez niczyjej pomocy.;ITEM_CAT_ARMOR;ITEM_WEAR_TORSO;Armor;Armor;AdminArmor;armors;FAŁSZ;ARMOR_ASASYN_VAR_06;-;ITAR_GS_UN_06_1;15;2;Gamemaster;FAŁSZ;BRAK;BRAK;BRAK;BRAK;BRAK;BRAK;BRAK;BRAK;BRAK;BRAK;8;32;BRAK;BRAK;BRAK;BRAK;FAŁSZ;BRAK;BRAK;BRAK;;Zestaw do szycia;300;PRAWDA;5;5;BRAK;BRAK;BRAK;BRAK;30;25;20;0;0;20;Kuśnierz;Pancerz lekki;;NIE;NIE;TAK;FAŁSZ
Ciemny pancerz koczownika;BRAK;BRAK;FAŁSZ;Lekki pancerz nie krępujący ruchów i pozwalający na pływanie w wodzie. Po odegraniu może być ubrany bez niczyjej pomocy.;ITEM_CAT_ARMOR;ITEM_WEAR_TORSO;Armor;Armor;AdminArmor;armors;FAŁSZ;ARMOR_ASASYN_VAR_05;-;ITAR_GS_UN_06_2;15;2;Gamemaster;FAŁSZ;BRAK;BRAK;BRAK;BRAK;BRAK;BRAK;BRAK;BRAK;BRAK;BRAK;8;32;BRAK;BRAK;BRAK;BRAK;FAŁSZ;BRAK;BRAK;BRAK;;Zestaw do szycia;300;PRAWDA;5;5;BRAK;BRAK;BRAK;BRAK;30;25;20;0;0;20;Kuśnierz;Pancerz lekki;;NIE;NIE;TAK;FAŁSZ
Zbroja podróżnika;464,38;637,20;FAŁSZ;Lekki pancerz nie krępujący ruchów i pozwalający na pływanie w wodzie. Po odegraniu może być ubrany bez niczyjej pomocy.;ITEM_CAT_ARMOR;ITEM_WEAR_TORSO;Armor;Armor;AdminArmor;armors;FAŁSZ;ITAR_FAKE_RANGER;-;ITAR_GS_DEX_14;15;2;Gamemaster;FAŁSZ;BRAK;BRAK;BRAK;BRAK;BRAK;BRAK;BRAK;BRAK;BRAK;BRAK;8;32;BRAK;BRAK;BRAK;BRAK;FAŁSZ;BRAK;BRAK;BRAK;;Zestaw do szycia;300;PRAWDA;5;5;BRAK;BRAK;BRAK;BRAK;30;25;20;0;0;20;Kuśnierz;Pancerz lekki;Armor_Ranger_ADDON.asc;TAK;TAK;TAK;PRAWDA
Pancerz grabieżcy;464,38;637,20;FAŁSZ;Lekki pancerz nie krępujący ruchów i pozwalający na pływanie w wodzie. Po odegraniu może być ubrany bez niczyjej pomocy.;ITEM_CAT_ARMOR;ITEM_WEAR_TORSO;Armor;Armor;AdminArmor;armors;FAŁSZ;KM_BOOTLEG_SOUTHARMOR;-;ITAR_GS_DEX_14_1;15;2;Gamemaster;FAŁSZ;BRAK;BRAK;BRAK;BRAK;BRAK;BRAK;BRAK;BRAK;BRAK;BRAK;8;32;BRAK;BRAK;BRAK;BRAK;FAŁSZ;BRAK;BRAK;BRAK;;Zestaw do szycia;300;PRAWDA;5;5;BRAK;BRAK;BRAK;BRAK;30;25;20;0;0;20;Kuśnierz;Pancerz lekki;KM_BOOTLEG_SOUTHARMOR.asc;TAK;TAK;TAK;PRAWDA
Lekki pancerz najemnika;464,38;637,20;FAŁSZ;Lekki pancerz nie krępujący ruchów i pozwalający na pływanie w wodzie. Po odegraniu może być ubrany bez niczyjej pomocy.;ITEM_CAT_ARMOR;ITEM_WEAR_TORSO;Armor;Armor;AdminArmor;armors;FAŁSZ;ITAR_SLD_L;-;ITAR_GS_DEX_15;15;2;Gamemaster;FAŁSZ;BRAK;BRAK;BRAK;BRAK;BRAK;BRAK;BRAK;BRAK;BRAK;BRAK;8;32;BRAK;BRAK;BRAK;BRAK;FAŁSZ;BRAK;BRAK;BRAK;;Zestaw do szycia;300;PRAWDA;5;5;BRAK;BRAK;BRAK;BRAK;30;25;20;0;0;20;Kuśnierz;Pancerz lekki;Armor_Sld_L.asc;TAK;TAK;TAK;PRAWDA
Wzmocniony czarny strój;464,38;637,20;FAŁSZ;Lekki pancerz nie krępujący ruchów i pozwalający na pływanie w wodzie. Po odegraniu może być ubrany bez niczyjej pomocy.;ITEM_CAT_ARMOR;ITEM_WEAR_TORSO;Armor;Armor;AdminArmor;armors;FAŁSZ;ITAR_SDRP_LTH_39;-;ITAR_GS_DEX_16;15;2;Gamemaster;FAŁSZ;BRAK;BRAK;BRAK;BRAK;BRAK;BRAK;BRAK;BRAK;BRAK;BRAK;8;32;BRAK;BRAK;BRAK;BRAK;FAŁSZ;BRAK;BRAK;BRAK;;Zestaw do szycia;300;PRAWDA;5;5;BRAK;BRAK;BRAK;BRAK;30;25;20;0;0;20;Kuśnierz;Pancerz lekki;ORG_M_02_black.asc;TAK;TAK;TAK;PRAWDA
Pancerz ze wzmocnionej skóry;464,38;637,20;FAŁSZ;Lekki pancerz nie krępujący ruchów i pozwalający na pływanie w wodzie. Po odegraniu może być ubrany bez niczyjej pomocy.;ITEM_CAT_ARMOR;ITEM_WEAR_TORSO;Armor;Armor;AdminArmor;armors;FAŁSZ;ITAR_SDRP_LTH_86;-;ITAR_GS_DEX_17;15;2;Gamemaster;FAŁSZ;BRAK;BRAK;BRAK;BRAK;BRAK;BRAK;BRAK;BRAK;BRAK;BRAK;8;32;BRAK;BRAK;BRAK;BRAK;FAŁSZ;BRAK;BRAK;BRAK;;Zestaw do szycia;300;PRAWDA;5;5;BRAK;BRAK;BRAK;BRAK;30;25;20;0;0;20;Kuśnierz;Pancerz lekki;ARMOR_LEATHER_L_GRD1.asc;TAK;TAK;TAK;PRAWDA
Pancerz pustynnego łowcy;464,38;637,20;FAŁSZ;Lekki pancerz nie krępujący ruchów i pozwalający na pływanie w wodzie. Po odegraniu może być ubrany bez niczyjej pomocy.;ITEM_CAT_ARMOR;ITEM_WEAR_TORSO;Armor;Armor;AdminArmor;armors;FAŁSZ;ITAR_SDRP_LTH_52;-;ITAR_GS_DEX_18;15;2;Gamemaster;FAŁSZ;BRAK;BRAK;BRAK;BRAK;BRAK;BRAK;BRAK;BRAK;BRAK;BRAK;8;32;BRAK;BRAK;BRAK;BRAK;FAŁSZ;BRAK;BRAK;BRAK;;Zestaw do szycia;300;PRAWDA;5;5;BRAK;BRAK;BRAK;BRAK;30;25;20;0;0;20;Kuśnierz;Pancerz lekki;RB_MK_CIENIOSTWOR.asc;TAK;TAK;TAK;PRAWDA
Pancerz zbója;464,38;637,20;FAŁSZ;Lekki pancerz nie krępujący ruchów i pozwalający na pływanie w wodzie. Po odegraniu może być ubrany bez niczyjej pomocy.;ITEM_CAT_ARMOR;ITEM_WEAR_TORSO;Armor;Armor;AdminArmor;armors;FAŁSZ;itar_km_bandit2;-;ITAR_GS_DEX_19;15;2;Gamemaster;FAŁSZ;BRAK;BRAK;BRAK;BRAK;BRAK;BRAK;BRAK;BRAK;BRAK;BRAK;8;32;BRAK;BRAK;BRAK;BRAK;FAŁSZ;BRAK;BRAK;BRAK;;Zestaw do szycia;300;PRAWDA;5;5;BRAK;BRAK;BRAK;BRAK;30;25;20;0;0;20;Kuśnierz;Pancerz lekki;KM_Bandit_Armor_M.asc;TAK;TAK;TAK;PRAWDA
Kobiecy pancerz łowczy;464,38;637,20;FAŁSZ;Lekki pancerz nie krępujący ruchów i pozwalający na pływanie w wodzie. Po odegraniu może być ubrany bez niczyjej pomocy.;ITEM_CAT_ARMOR;ITEM_WEAR_TORSO;Armor;Armor;AdminArmor;armors;FAŁSZ;LightWomanArmor_Grey.asc;-;ITAR_GS_DEX_19_1;15;2;Gamemaster;FAŁSZ;BRAK;BRAK;BRAK;BRAK;BRAK;BRAK;BRAK;BRAK;BRAK;BRAK;8;32;BRAK;BRAK;BRAK;BRAK;FAŁSZ;BRAK;BRAK;BRAK;;Zestaw do szycia;300;PRAWDA;5;5;BRAK;BRAK;BRAK;BRAK;30;25;20;0;0;20;Kuśnierz;Pancerz lekki;LightWomanArmor_Grey.asc;TAK;TAK;TAK;PRAWDA
Pancerz z płytek pełzacza;1004,25;1446,90;FAŁSZ;Pancerz średni, krępuje ruchy i nie pozwala na pływanie w wodzie. Po szczegółowym odegraniu może być ubrany bez niczyjej pomocy.;ITEM_CAT_ARMOR;ITEM_WEAR_TORSO;Armor;Armor;AdminArmor;armors;FAŁSZ;ITAR_SDRP_HYBRYD_34;-;ITAR_GS_STR_14;20;3;Gamemaster;FAŁSZ;BRAK;BRAK;BRAK;BRAK;BRAK;BRAK;BRAK;BRAK;BRAK;BRAK;54;16;BRAK;BRAK;BRAK;BRAK;FAŁSZ;BRAK;BRAK;BRAK;;Średni zestaw naprawczy do pancerzy;350;PRAWDA;5;5;BRAK;BRAK;BRAK;BRAK;30;35;40;0;0;0;Płatnerz;Pancerz ciężki;Armor_wache_dmh.asc;TAK;TAK;TAK;PRAWDA
Pancerz najemnika;1004,25;1446,90;FAŁSZ;Pancerz średni, krępuje ruchy i nie pozwala na pływanie w wodzie. Po szczegółowym odegraniu może być ubrany bez niczyjej pomocy.;ITEM_CAT_ARMOR;ITEM_WEAR_TORSO;Armor;Armor;AdminArmor;armors;FAŁSZ;ITAR_SDRP_HYBRYD_13;-;ITAR_GS_STR_15;20;3;Gamemaster;FAŁSZ;BRAK;BRAK;BRAK;BRAK;BRAK;BRAK;BRAK;BRAK;BRAK;BRAK;54;16;BRAK;BRAK;BRAK;BRAK;FAŁSZ;BRAK;BRAK;BRAK;;Średni zestaw naprawczy do pancerzy;350;PRAWDA;5;5;BRAK;BRAK;BRAK;BRAK;30;35;40;0;0;0;Płatnerz;Pancerz ciężki;Najemnik_m.asc;TAK;TAK;TAK;PRAWDA
Pancerz cyklopa;1004,25;1446,90;FAŁSZ;Średnio-ciężki pancerz, krępuje ruchy i uniemożliwia pływanie. Po szczegółowym odegraniu można go założyć samemu, ale zalecana jest pomoc.;ITEM_CAT_ARMOR;ITEM_WEAR_TORSO;Armor;Armor;AdminArmor;armors;FAŁSZ;ITAR_SDRP_LTH_02;-;ITAR_GS_STR_16;25;3;Gamemaster;FAŁSZ;BRAK;BRAK;BRAK;BRAK;BRAK;BRAK;BRAK;BRAK;BRAK;BRAK;54;16;BRAK;BRAK;BRAK;BRAK;FAŁSZ;BRAK;BRAK;BRAK;;Średni zestaw naprawczy do pancerzy;350;PRAWDA;5;5;BRAK;BRAK;BRAK;BRAK;30;35;40;0;0;0;Płatnerz;Pancerz ciężki;ARMOR_CYKLOP.asc;TAK;TAK;TAK;PRAWDA
Zbroja świtu;1004,25;1446,90;FAŁSZ;Pancerz średni, krępuje ruchy i nie pozwala na pływanie w wodzie. Po szczegółowym odegraniu może być ubrany bez niczyjej pomocy.;ITEM_CAT_ARMOR;ITEM_WEAR_TORSO;Armor;Armor;AdminArmor;armors;FAŁSZ;ITAR_SDRP_LTH_17;-;ITAR_GS_STR_17;20;3;Gamemaster;FAŁSZ;BRAK;BRAK;BRAK;BRAK;BRAK;BRAK;BRAK;BRAK;BRAK;BRAK;54;16;BRAK;BRAK;BRAK;BRAK;FAŁSZ;BRAK;BRAK;BRAK;;Średni zestaw naprawczy do pancerzy;350;PRAWDA;5;5;BRAK;BRAK;BRAK;BRAK;30;35;40;0;0;0;Płatnerz;Pancerz ciężki;ARMOR_RAVON_CIEZKI_BLUE.asc;TAK;TAK;TAK;PRAWDA
Ciężka kobieca zbroja najemniczki;1004,25;1446,90;FAŁSZ;Średnio-ciężki pancerz, krępuje ruchy i uniemożliwia pływanie. Po szczegółowym odegraniu można go założyć samemu, ale zalecana jest pomoc.;ITEM_CAT_ARMOR;ITEM_WEAR_TORSO;Armor;Armor;AdminArmor;armors;FAŁSZ;itar_sg_bab_02;-;ITAR_GS_STR_18;25;3;Gamemaster;FAŁSZ;BRAK;BRAK;BRAK;BRAK;BRAK;BRAK;BRAK;BRAK;BRAK;BRAK;54;16;BRAK;BRAK;BRAK;BRAK;FAŁSZ;BRAK;BRAK;BRAK;;Średni zestaw naprawczy do pancerzy;350;PRAWDA;5;5;BRAK;BRAK;BRAK;BRAK;30;35;40;0;0;0;Płatnerz;Pancerz ciężki;MK_BAB_SLD_H.asc;TAK;TAK;TAK;PRAWDA
Wzmocniona zbroja płytowa;1004,25;1446,90;FAŁSZ;Średnio-ciężki pancerz, krępuje ruchy i uniemożliwia pływanie. Po szczegółowym odegraniu można go założyć samemu, ale zalecana jest pomoc.;ITEM_CAT_ARMOR;ITEM_WEAR_TORSO;Armor;Armor;AdminArmor;armors;FAŁSZ;KM_BOOTLEG_IRONSCALES_HEAVY;-;ITAR_GS_STR_18_1;25;3;Gamemaster;FAŁSZ;BRAK;BRAK;BRAK;BRAK;BRAK;BRAK;BRAK;BRAK;BRAK;BRAK;54;16;BRAK;BRAK;BRAK;BRAK;FAŁSZ;BRAK;BRAK;BRAK;;Średni zestaw naprawczy do pancerzy;350;PRAWDA;5;5;BRAK;BRAK;BRAK;BRAK;30;35;40;0;0;0;Płatnerz;Pancerz ciężki;KM_BOOTLEG_IRONSCALES_HEAVY.asc;TAK;TAK;TAK;PRAWDA
Ciężki pancerz wartownika;1004,25;1446,90;FAŁSZ;Pancerz średni, krępuje ruchy i nie pozwala na pływanie w wodzie. Po szczegółowym odegraniu może być ubrany bez niczyjej pomocy.;ITEM_CAT_ARMOR;ITEM_WEAR_TORSO;Armor;Armor;AdminArmor;armors;FAŁSZ;ITAR_SDRP_HYBRYD_110;-;ITAR_GS_STR_19;20;3;Gamemaster;FAŁSZ;BRAK;BRAK;BRAK;BRAK;BRAK;BRAK;BRAK;BRAK;BRAK;BRAK;54;16;BRAK;BRAK;BRAK;BRAK;FAŁSZ;BRAK;BRAK;BRAK;;Średni zestaw naprawczy do pancerzy;350;PRAWDA;5;5;BRAK;BRAK;BRAK;BRAK;30;35;40;0;0;0;Płatnerz;Pancerz ciężki;ARMOR_STARSZY_STRAZNIK.asc;TAK;TAK;TAK;PRAWDA
Magncaki kirys;1004,25;1446,90;FAŁSZ;Pancerz średni, krępuje ruchy i nie pozwala na pływanie w wodzie. Po szczegółowym odegraniu może być ubrany bez niczyjej pomocy.;ITEM_CAT_ARMOR;ITEM_WEAR_TORSO;Armor;Armor;AdminArmor;armors;FAŁSZ;ITAR_SDRP2_HYBRYD_06;-;ITAR_GS_STR_20;20;3;Gamemaster;FAŁSZ;BRAK;BRAK;BRAK;BRAK;BRAK;BRAK;BRAK;BRAK;BRAK;BRAK;54;16;BRAK;BRAK;BRAK;BRAK;FAŁSZ;BRAK;BRAK;BRAK;;Średni zestaw naprawczy do pancerzy;350;PRAWDA;5;5;BRAK;BRAK;BRAK;BRAK;30;35;40;0;0;0;Płatnerz;Pancerz ciężki;dragomir.asc;TAK;TAK;TAK;PRAWDA
Ciężki pancerz najemnika;1004,25;1446,90;FAŁSZ;Średnio-ciężki pancerz, krępuje ruchy i uniemożliwia pływanie. Po szczegółowym odegraniu można go założyć samemu, ale zalecana jest pomoc.;ITEM_CAT_ARMOR;ITEM_WEAR_TORSO;Armor;Armor;AdminArmor;armors;FAŁSZ;ARMOR_SLD_H;-;ITAR_GS_STR_21;25;3;Gamemaster;FAŁSZ;BRAK;BRAK;BRAK;BRAK;BRAK;BRAK;BRAK;BRAK;BRAK;BRAK;54;16;BRAK;BRAK;BRAK;BRAK;FAŁSZ;BRAK;BRAK;BRAK;;Średni zestaw naprawczy do pancerzy;350;PRAWDA;5;5;BRAK;BRAK;BRAK;BRAK;30;35;40;0;0;0;Płatnerz;Pancerz ciężki;ARMOR_SLD_H.asc;TAK;TAK;TAK;PRAWDA
Pikowany pancerz strażnika;1004,25;1446,90;FAŁSZ;Pancerz średni, krępuje ruchy i nie pozwala na pływanie w wodzie. Po szczegółowym odegraniu może być ubrany bez niczyjej pomocy.;ITEM_CAT_ARMOR;ITEM_WEAR_TORSO;Armor;Armor;AdminArmor;armors;FAŁSZ;ITAR_SDRP_LTH_59;-;ITAR_GS_STR_22;20;3;Gamemaster;FAŁSZ;BRAK;BRAK;BRAK;BRAK;BRAK;BRAK;BRAK;BRAK;BRAK;BRAK;54;16;BRAK;BRAK;BRAK;BRAK;FAŁSZ;BRAK;BRAK;BRAK;;Średni zestaw naprawczy do pancerzy;350;PRAWDA;5;5;BRAK;BRAK;BRAK;BRAK;30;35;40;0;0;0;Płatnerz;Pancerz ciężki;tramis_guard.asc;TAK;TAK;TAK;PRAWDA
Zniszczony ciężki pancerz dezertera;BRAK;BRAK;FAŁSZ;Pancerz średni, krępuje ruchy i nie pozwala na pływanie w wodzie. Po szczegółowym odegraniu może być ubrany bez niczyjej pomocy.;ITEM_CAT_ARMOR;ITEM_WEAR_TORSO;Armor;Armor;AdminArmor;armors;FAŁSZ;SLD_DEZERTER_H;-;ITAR_GS_STR_22_1;20;3;Gamemaster;FAŁSZ;BRAK;BRAK;BRAK;BRAK;BRAK;BRAK;BRAK;BRAK;BRAK;BRAK;54;16;BRAK;BRAK;BRAK;BRAK;FAŁSZ;BRAK;BRAK;BRAK;;Średni zestaw naprawczy do pancerzy;350;PRAWDA;5;5;BRAK;BRAK;BRAK;BRAK;30;35;40;0;0;0;Płatnerz;Pancerz ciężki;SLD_DEZERTER_H.asc;TAK;TAK;TAK;FAŁSZ
Ciężki pancerz południowca;BRAK;BRAK;FAŁSZ;Pancerz średni, krępuje ruchy i nie pozwala na pływanie w wodzie. Po szczegółowym odegraniu może być ubrany bez niczyjej pomocy.;ITEM_CAT_ARMOR;ITEM_WEAR_TORSO;Armor;Armor;AdminArmor;armors;FAŁSZ;HUM_ASSA_ARMOR;-;ITAR_GS_UN_08;20;3;Gamemaster;FAŁSZ;BRAK;BRAK;BRAK;BRAK;BRAK;BRAK;BRAK;BRAK;BRAK;BRAK;16;54;BRAK;BRAK;BRAK;BRAK;FAŁSZ;BRAK;BRAK;BRAK;;Wełniany zestaw do szycia;350;PRAWDA;5;5;BRAK;BRAK;BRAK;BRAK;30;35;40;0;0;15;Płatnerz;Pancerz ciężki;;NIE;NIE;TAK;FAŁSZ
Pancerz Skrytobójcy;BRAK;BRAK;FAŁSZ;Pancerz średni, krępuje ruchy i nie pozwala na pływanie w wodzie. Po szczegółowym odegraniu może być ubrany bez niczyjej pomocy.;ITEM_CAT_ARMOR;ITEM_WEAR_TORSO;Armor;Armor;AdminArmor;armors;FAŁSZ;DB_PRI_ARMOR_L;-;ITAR_GS_UN_09;20;3;Gamemaster;PRAWDA;BRAK;BRAK;BRAK;BRAK;BRAK;BRAK;BRAK;BRAK;BRAK;BRAK;16;54;BRAK;BRAK;BRAK;BRAK;FAŁSZ;BRAK;BRAK;BRAK;;Wełniany zestaw do szycia;350;PRAWDA;5;5;BRAK;BRAK;BRAK;BRAK;40;35;35;0;0;15;Płatnerz;Pancerz ciężki;;NIE;NIE;TAK;FAŁSZ
Pancerz lamelkowy;978,50;1454,16;FAŁSZ;Pancerz pomiędzy lekkim a średnim, delikatnie krępuje ruchy, ale pozwala na pływanie w wodzie. Po odegraniu może być ubrany bez niczyjej pomocy.;ITEM_CAT_ARMOR;ITEM_WEAR_TORSO;Armor;Armor;AdminArmor;armors;FAŁSZ;ARMOR_SOILDER;-;ITAR_GS_DEX_20;18;3;Gamemaster;FAŁSZ;BRAK;BRAK;BRAK;BRAK;BRAK;BRAK;BRAK;BRAK;BRAK;BRAK;16;54;BRAK;BRAK;BRAK;BRAK;FAŁSZ;BRAK;BRAK;BRAK;;Wełniany zestaw do szycia;350;PRAWDA;5;5;BRAK;BRAK;BRAK;BRAK;40;35;35;0;0;15;Kuśnierz;Pancerz lekki;ARMOR_SOILDER.asc;TAK;TAK;TAK;PRAWDA
Kasztanowy pancerz;978,50;1454,16;FAŁSZ;Pancerz pomiędzy lekkim a średnim, delikatnie krępuje ruchy, ale pozwala na pływanie w wodzie. Po odegraniu może być ubrany bez niczyjej pomocy.;ITEM_CAT_ARMOR;ITEM_WEAR_TORSO;Armor;Armor;AdminArmor;armors;FAŁSZ;ARMOR_SLD_DEX1;-;ITAR_GS_DEX_21;18;3;Gamemaster;FAŁSZ;BRAK;BRAK;BRAK;BRAK;BRAK;BRAK;BRAK;BRAK;BRAK;BRAK;16;54;BRAK;BRAK;BRAK;BRAK;FAŁSZ;BRAK;BRAK;BRAK;;Wełniany zestaw do szycia;350;PRAWDA;5;5;BRAK;BRAK;BRAK;BRAK;40;35;35;0;0;15;Kuśnierz;Pancerz lekki;ARMOR_SLD_DEX1.asc;TAK;TAK;TAK;PRAWDA
Pancerz łowcy;978,50;1454,16;FAŁSZ;Pancerz pomiędzy lekkim a średnim, delikatnie krępuje ruchy, ale pozwala na pływanie w wodzie. Po odegraniu może być ubrany bez niczyjej pomocy.;ITEM_CAT_ARMOR;ITEM_WEAR_TORSO;Armor;Armor;AdminArmor;armors;FAŁSZ;ARMOR_SLD_H_TOP;-;ITAR_GS_DEX_22;18;3;Gamemaster;FAŁSZ;BRAK;BRAK;BRAK;BRAK;BRAK;BRAK;BRAK;BRAK;BRAK;BRAK;16;54;BRAK;BRAK;BRAK;BRAK;FAŁSZ;BRAK;BRAK;BRAK;;Wełniany zestaw do szycia;350;PRAWDA;5;5;BRAK;BRAK;BRAK;BRAK;40;35;35;0;0;15;Kuśnierz;Pancerz lekki;ARMOR_SLD_H_TOP.asc;TAK;TAK;TAK;PRAWDA
Pancerz tropiciela;978,50;1454,16;FAŁSZ;Pancerz pomiędzy lekkim a średnim, delikatnie krępuje ruchy, ale pozwala na pływanie w wodzie. Po odegraniu może być ubrany bez niczyjej pomocy.;ITEM_CAT_ARMOR;ITEM_WEAR_TORSO;Armor;Armor;AdminArmor;armors;FAŁSZ;ITAR_ARX_H1;-;ITAR_GS_DEX_23;18;3;Gamemaster;FAŁSZ;BRAK;BRAK;BRAK;BRAK;BRAK;BRAK;BRAK;BRAK;BRAK;BRAK;16;54;BRAK;BRAK;BRAK;BRAK;FAŁSZ;BRAK;BRAK;BRAK;;Wełniany zestaw do szycia;350;PRAWDA;5;5;BRAK;BRAK;BRAK;BRAK;40;35;35;0;0;15;Kuśnierz;Pancerz lekki;KM_ARX_H1.asc;TAK;TAK;TAK;PRAWDA
Zielony pancerz najemnika;978,50;1454,16;FAŁSZ;Pancerz pomiędzy lekkim a średnim, delikatnie krępuje ruchy, ale pozwala na pływanie w wodzie. Po odegraniu może być ubrany bez niczyjej pomocy.;ITEM_CAT_ARMOR;ITEM_WEAR_TORSO;Armor;Armor;AdminArmor;armors;FAŁSZ;ITAR_USM_L;-;ITAR_GS_DEX_24;18;3;Gamemaster;FAŁSZ;BRAK;BRAK;BRAK;BRAK;BRAK;BRAK;BRAK;BRAK;BRAK;BRAK;16;54;BRAK;BRAK;BRAK;BRAK;FAŁSZ;BRAK;BRAK;BRAK;;Wełniany zestaw do szycia;350;PRAWDA;5;5;BRAK;BRAK;BRAK;BRAK;40;35;35;0;0;15;Kuśnierz;Pancerz lekki;KM_USM_L.asc;TAK;TAK;TAK;PRAWDA
Zielony pancerz najemniczki;978,50;1454,16;FAŁSZ;Pancerz pomiędzy lekkim a średnim, delikatnie krępuje ruchy, ale pozwala na pływanie w wodzie. Po odegraniu może być ubrany bez niczyjej pomocy.;ITEM_CAT_ARMOR;ITEM_WEAR_TORSO;Armor;Armor;AdminArmor;armors;FAŁSZ;ITAR_GS_CUSTOM_01;-;ITAR_GS_DEX_25;18;3;Gamemaster;FAŁSZ;BRAK;BRAK;BRAK;BRAK;BRAK;BRAK;BRAK;BRAK;BRAK;BRAK;16;54;BRAK;BRAK;BRAK;BRAK;FAŁSZ;BRAK;BRAK;BRAK;;Wełniany zestaw do szycia;350;PRAWDA;5;5;BRAK;BRAK;BRAK;BRAK;40;35;35;0;0;15;Kuśnierz;Pancerz lekki;SYN_KM_VOL_BABSKO_01.asc;TAK;TAK;TAK;PRAWDA
Pancerz strzelca;978,50;1454,16;FAŁSZ;Pancerz pomiędzy lekkim a średnim, delikatnie krępuje ruchy, ale pozwala na pływanie w wodzie. Po odegraniu może być ubrany bez niczyjej pomocy.;ITEM_CAT_ARMOR;ITEM_WEAR_TORSO;Armor;Armor;AdminArmor;armors;FAŁSZ;KM_BOOTLEG_LEATHER_ARCHER;-;ITAR_GS_DEX_25_1;18;3;Gamemaster;FAŁSZ;BRAK;BRAK;BRAK;BRAK;BRAK;BRAK;BRAK;BRAK;BRAK;BRAK;16;54;BRAK;BRAK;BRAK;BRAK;FAŁSZ;BRAK;BRAK;BRAK;;Wełniany zestaw do szycia;350;PRAWDA;5;5;BRAK;BRAK;BRAK;BRAK;40;35;35;0;0;15;Kuśnierz;Pancerz lekki;KM_BOOTLEG_LEATHER_ARCHER.asc;TAK;TAK;TAK;PRAWDA
Ciężki jasny pancerz koczownika;BRAK;BRAK;FAŁSZ;Pancerz pomiędzy lekkim a średnim, delikatnie krępuje ruchy, ale pozwala na pływanie w wodzie. Po odegraniu może być ubrany bez niczyjej pomocy.;ITEM_CAT_ARMOR;ITEM_WEAR_TORSO;Armor;Armor;AdminArmor;armors;FAŁSZ;ARMOR_ASASYN_VAR_02;-;ITAR_GS_UN_11_3;18;3;Gamemaster;FAŁSZ;BRAK;BRAK;BRAK;BRAK;BRAK;BRAK;BRAK;BRAK;BRAK;BRAK;16;54;BRAK;BRAK;BRAK;BRAK;FAŁSZ;BRAK;BRAK;BRAK;;Wełniany zestaw do szycia;350;PRAWDA;5;5;BRAK;BRAK;BRAK;BRAK;40;35;35;0;0;15;Kuśnierz;Pancerz lekki;;NIE;NIE;TAK;FAŁSZ
Ciężki ciemny pancerz koczownika;BRAK;BRAK;FAŁSZ;Pancerz pomiędzy lekkim a średnim, delikatnie krępuje ruchy, ale pozwala na pływanie w wodzie. Po odegraniu może być ubrany bez niczyjej pomocy.;ITEM_CAT_ARMOR;ITEM_WEAR_TORSO;Armor;Armor;AdminArmor;armors;FAŁSZ;ARMOR_ASASYN_VAR_01;-;ITAR_GS_UN_11_4;18;3;Gamemaster;FAŁSZ;BRAK;BRAK;BRAK;BRAK;BRAK;BRAK;BRAK;BRAK;BRAK;BRAK;16;54;BRAK;BRAK;BRAK;BRAK;FAŁSZ;BRAK;BRAK;BRAK;;Wełniany zestaw do szycia;350;PRAWDA;5;5;BRAK;BRAK;BRAK;BRAK;40;35;35;0;0;15;Kuśnierz;Pancerz lekki;;NIE;NIE;TAK;FAŁSZ
Pancerz assasyna;BRAK;BRAK;FAŁSZ;Pancerz pomiędzy lekkim a średnim, delikatnie krępuje ruchy, ale pozwala na pływanie w wodzie. Po odegraniu może być ubrany bez niczyjej pomocy.;ITEM_CAT_ARMOR;ITEM_WEAR_TORSO;Armor;Armor;AdminArmor;armors;FAŁSZ;VAR_ASASINO_03;-;ITAR_GS_UN_11_5;18;3;Gamemaster;FAŁSZ;BRAK;BRAK;BRAK;BRAK;BRAK;BRAK;BRAK;BRAK;BRAK;BRAK;16;54;BRAK;BRAK;BRAK;BRAK;FAŁSZ;BRAK;BRAK;BRAK;;Wełniany zestaw do szycia;350;PRAWDA;5;5;BRAK;BRAK;BRAK;BRAK;40;35;35;0;0;15;Kuśnierz;Pancerz lekki;;NIE;NIE;TAK;FAŁSZ
Pancerz assasyna 2;BRAK;BRAK;FAŁSZ;Pancerz pomiędzy lekkim a średnim, delikatnie krępuje ruchy, ale pozwala na pływanie w wodzie. Po odegraniu może być ubrany bez niczyjej pomocy.;ITEM_CAT_ARMOR;ITEM_WEAR_TORSO;Armor;Armor;AdminArmor;armors;FAŁSZ;VAR_ASASINO_04;-;ITAR_GS_UN_11_6;18;3;Gamemaster;FAŁSZ;BRAK;BRAK;BRAK;BRAK;BRAK;BRAK;BRAK;BRAK;BRAK;BRAK;16;54;BRAK;BRAK;BRAK;BRAK;FAŁSZ;BRAK;BRAK;BRAK;;Wełniany zestaw do szycia;350;PRAWDA;5;5;BRAK;BRAK;BRAK;BRAK;40;35;35;0;0;15;Kuśnierz;Pancerz lekki;;NIE;NIE;TAK;FAŁSZ
Czarny pancerz najemnika;978,50;1454,16;FAŁSZ;Pancerz pomiędzy lekkim a średnim, delikatnie krępuje ruchy, ale pozwala na pływanie w wodzie. Po odegraniu może być ubrany bez niczyjej pomocy.;ITEM_CAT_ARMOR;ITEM_WEAR_TORSO;Armor;Armor;AdminArmor;armors;FAŁSZ;ITAR_USM_B;-;ITAR_GS_DEX_26;18;3;Gamemaster;FAŁSZ;BRAK;BRAK;BRAK;BRAK;BRAK;BRAK;BRAK;BRAK;BRAK;BRAK;16;54;BRAK;BRAK;BRAK;BRAK;FAŁSZ;BRAK;BRAK;BRAK;;Wełniany zestaw do szycia;350;PRAWDA;5;5;BRAK;BRAK;BRAK;BRAK;40;35;35;0;0;15;Kuśnierz;Pancerz lekki;KM_USM_B.asc;TAK;TAK;TAK;PRAWDA
Zbroja z pancerzy pełzaczy;978,50;1454,16;FAŁSZ;Pancerz pomiędzy lekkim a średnim, delikatnie krępuje ruchy, ale pozwala na pływanie w wodzie. Po odegraniu może być ubrany bez niczyjej pomocy.;ITEM_CAT_ARMOR;ITEM_WEAR_TORSO;Armor;Armor;AdminArmor;armors;FAŁSZ;ITAR_DJG_CRAWLER;-;ITAR_GS_DEX_27;18;3;Gamemaster;FAŁSZ;BRAK;BRAK;BRAK;BRAK;BRAK;BRAK;BRAK;BRAK;BRAK;BRAK;16;54;BRAK;BRAK;BRAK;BRAK;FAŁSZ;BRAK;BRAK;BRAK;;Wełniany zestaw do szycia;350;PRAWDA;5;5;BRAK;BRAK;BRAK;BRAK;40;35;35;0;0;15;Kuśnierz;Pancerz lekki;Armor_Djg_Crawler.asc;TAK;TAK;TAK;PRAWDA
Pancerz portowego wilka;978,50;1454,16;FAŁSZ;Pancerz pomiędzy lekkim a średnim, delikatnie krępuje ruchy, ale pozwala na pływanie w wodzie. Po odegraniu może być ubrany bez niczyjej pomocy.;ITEM_CAT_ARMOR;ITEM_WEAR_TORSO;Armor;Armor;AdminArmor;armors;FAŁSZ;ITAR_SDRP2_LTH_02;-;ITAR_GS_DEX_28;18;3;Gamemaster;FAŁSZ;BRAK;BRAK;BRAK;BRAK;BRAK;BRAK;BRAK;BRAK;BRAK;BRAK;16;54;BRAK;BRAK;BRAK;BRAK;FAŁSZ;BRAK;BRAK;BRAK;;Wełniany zestaw do szycia;350;PRAWDA;5;5;BRAK;BRAK;BRAK;BRAK;40;35;35;0;0;15;Kuśnierz;Pancerz lekki;tramnis_szkoh.asc;TAK;TAK;TAK;PRAWDA
Zbroja mrocznego wojownika;978,50;1454,16;FAŁSZ;Pancerz pomiędzy lekkim a średnim, delikatnie krępuje ruchy, ale pozwala na pływanie w wodzie. Po odegraniu może być ubrany bez niczyjej pomocy.;ITEM_CAT_ARMOR;ITEM_WEAR_TORSO;Armor;Armor;AdminArmor;armors;FAŁSZ;ITAR_GS_SABAT_03;-;ITAR_GS_DEX_29;18;3;Gamemaster;FAŁSZ;BRAK;BRAK;BRAK;BRAK;BRAK;BRAK;BRAK;BRAK;BRAK;BRAK;16;54;BRAK;BRAK;BRAK;BRAK;FAŁSZ;BRAK;BRAK;BRAK;;Wełniany zestaw do szycia;350;PRAWDA;5;5;BRAK;BRAK;BRAK;BRAK;40;35;35;0;0;15;Kuśnierz;Pancerz lekki;GS_ARMOR_SABAT_03.asc;TAK;TAK;TAK;PRAWDA
Ciemny lekki pancerz;978,50;1454,16;FAŁSZ;Pancerz pomiędzy lekkim a średnim, delikatnie krępuje ruchy, ale pozwala na pływanie w wodzie. Po odegraniu może być ubrany bez niczyjej pomocy.;ITEM_CAT_ARMOR;ITEM_WEAR_TORSO;Armor;Armor;AdminArmor;armors;FAŁSZ;KM_BOOTLEG_STD_LEATHER;-;ITAR_GS_DEX_29_1;18;3;Gamemaster;FAŁSZ;BRAK;BRAK;BRAK;BRAK;BRAK;BRAK;BRAK;BRAK;BRAK;BRAK;16;54;BRAK;BRAK;BRAK;BRAK;FAŁSZ;BRAK;BRAK;BRAK;;Wełniany zestaw do szycia;350;PRAWDA;5;5;BRAK;BRAK;BRAK;BRAK;40;35;35;0;0;15;Kuśnierz;Pancerz lekki;KM_BOOTLEG_STD_LEATHER.asc;TAK;TAK;TAK;PRAWDA
Czarny pancerz wojownika;978,50;1373,49;FAŁSZ;Pancerz pomiędzy lekkim a średnim, delikatnie krępuje ruchy, ale pozwala na pływanie w wodzie. Po odegraniu może być ubrany bez niczyjej pomocy.;ITEM_CAT_ARMOR;ITEM_WEAR_TORSO;Armor;Armor;AdminArmor;armors;FAŁSZ;KM_BOOTLEG_STD_LEATHER;ITAR_GS_DEX_29_1;ITAR_GS_DEX_29_5;18;3;Gamemaster;FAŁSZ;BRAK;BRAK;BRAK;BRAK;BRAK;BRAK;BRAK;BRAK;BRAK;BRAK;0;0;BRAK;BRAK;BRAK;BRAK;FAŁSZ;BRAK;BRAK;BRAK;;Wełniany zestaw do szycia;350;PRAWDA;5;5;BRAK;BRAK;BRAK;BRAK;40;35;35;0;0;15;;;;;;;FAŁSZ
Czarny wzmocniony pancerz łowczyni;BRAK;BRAK;FAŁSZ;Pancerz pomiędzy lekkim a średnim, delikatnie krępuje ruchy, ale pozwala na pływanie w wodzie. Po odegraniu może być ubrany bez niczyjej pomocy.;ITEM_CAT_ARMOR;ITEM_WEAR_TORSO;Armor;Armor;AdminArmor;armors;FAŁSZ;Zora_Armor.asc;-;ITAR_GS_DEX_29_2;18;3;Gamemaster;FAŁSZ;BRAK;BRAK;BRAK;BRAK;BRAK;BRAK;BRAK;BRAK;BRAK;BRAK;16;54;BRAK;BRAK;BRAK;BRAK;FAŁSZ;BRAK;BRAK;BRAK;;Wełniany zestaw do szycia;350;PRAWDA;5;5;BRAK;BRAK;BRAK;BRAK;40;35;35;0;0;15;Kuśnierz;Pancerz lekki;Zora_Armor.asc;TAK;TAK;TAK;FAŁSZ
Ciemny wzmocniony pancerz łowczyni;BRAK;BRAK;FAŁSZ;Pancerz pomiędzy lekkim a średnim, delikatnie krępuje ruchy, ale pozwala na pływanie w wodzie. Po odegraniu może być ubrany bez niczyjej pomocy.;ITEM_CAT_ARMOR;ITEM_WEAR_TORSO;Armor;Armor;AdminArmor;armors;FAŁSZ;HeavyWomanArmor_01.asc;-;ITAR_GS_DEX_29_3;18;3;Gamemaster;FAŁSZ;BRAK;BRAK;BRAK;BRAK;BRAK;BRAK;BRAK;BRAK;BRAK;BRAK;16;54;BRAK;BRAK;BRAK;BRAK;FAŁSZ;BRAK;BRAK;BRAK;;Wełniany zestaw do szycia;350;PRAWDA;5;5;BRAK;BRAK;BRAK;BRAK;40;35;35;0;0;15;Kuśnierz;Pancerz lekki;HeavyWomanArmor_01.asc;TAK;TAK;TAK;FAŁSZ
Jaskrawy wzmocniony pancerz łowczyni;BRAK;BRAK;FAŁSZ;Pancerz pomiędzy lekkim a średnim, delikatnie krępuje ruchy, ale pozwala na pływanie w wodzie. Po odegraniu może być ubrany bez niczyjej pomocy.;ITEM_CAT_ARMOR;ITEM_WEAR_TORSO;Armor;Armor;AdminArmor;armors;FAŁSZ;HeavyOlsaArmor_01.asc;-;ITAR_GS_DEX_29_4;18;3;Gamemaster;FAŁSZ;BRAK;BRAK;BRAK;BRAK;BRAK;BRAK;BRAK;BRAK;BRAK;BRAK;16;54;BRAK;BRAK;BRAK;BRAK;FAŁSZ;BRAK;BRAK;BRAK;;Wełniany zestaw do szycia;350;PRAWDA;5;5;BRAK;BRAK;BRAK;BRAK;40;35;35;0;0;15;Kuśnierz;Pancerz lekki;HeavyOlsaArmor_01.asc;TAK;TAK;TAK;FAŁSZ
Pancerz Nordmarczyka;BRAK;BRAK;FAŁSZ;Średnio-ciężki pancerz, krępuje ruchy i uniemożliwia pływanie. Po szczegółowym odegraniu można go założyć samemu, ale zalecana jest pomoc.;ITEM_CAT_ARMOR;ITEM_WEAR_TORSO;Armor;Armor;AdminArmor;armors;FAŁSZ;ITAR_NORDMAR;-;ITAR_GS_UN_12;25;4;Gamemaster;FAŁSZ;BRAK;BRAK;BRAK;BRAK;BRAK;BRAK;BRAK;BRAK;BRAK;BRAK;75;25;BRAK;BRAK;BRAK;BRAK;FAŁSZ;BRAK;BRAK;BRAK;;Średni zestaw naprawczy do pancerzy;350;FAŁSZ;5;5;BRAK;BRAK;BRAK;BRAK;40;45;50;0;0;0;Kuśnierz;Pancerz lekki;;NIE;NIE;TAK;FAŁSZ
Zbroja zabójcy;BRAK;BRAK;FAŁSZ;Średnio-ciężki pancerz, krępuje ruchy i uniemożliwia pływanie. Po szczegółowym odegraniu można go założyć samemu, ale zalecana jest pomoc.;ITEM_CAT_ARMOR;ITEM_WEAR_TORSO;Armor;Armor;AdminArmor;armors;FAŁSZ;ITAR_SDRP_LTH_23;-;ITAR_GS_UN_13;25;4;Gamemaster;PRAWDA;BRAK;BRAK;BRAK;BRAK;BRAK;BRAK;BRAK;BRAK;BRAK;BRAK;75;25;BRAK;BRAK;BRAK;BRAK;FAŁSZ;BRAK;BRAK;BRAK;;Średni zestaw naprawczy do pancerzy;350;FAŁSZ;5;5;BRAK;BRAK;BRAK;BRAK;40;45;50;0;0;10;Kuśnierz;Pancerz lekki;;NIE;NIE;TAK;FAŁSZ
Zbroja z kolczugą;1974,95;2963,28;FAŁSZ;Średnio-ciężki pancerz, krępuje ruchy i uniemożliwia pływanie. Po szczegółowym odegraniu można go założyć samemu, ale zalecana jest pomoc.;ITEM_CAT_ARMOR;ITEM_WEAR_TORSO;Armor;Armor;AdminArmor;armors;FAŁSZ;ITAR_SDRP_SHT_26;-;ITAR_GS_STR_23;25;4;Gamemaster;FAŁSZ;BRAK;BRAK;BRAK;BRAK;BRAK;BRAK;BRAK;BRAK;BRAK;BRAK;75;25;BRAK;BRAK;BRAK;BRAK;FAŁSZ;BRAK;BRAK;BRAK;;Średni zestaw naprawczy do pancerzy;350;FAŁSZ;5;5;BRAK;BRAK;BRAK;BRAK;40;45;50;0;0;0;Płatnerz;Pancerz ciężki;Neutral_pal_m.asc;TAK;TAK;TAK;PRAWDA
Pancerz królewskiego zwiadowcy;1974,95;2963,28;FAŁSZ;Średnio-ciężki pancerz, krępuje ruchy i uniemożliwia pływanie. Po szczegółowym odegraniu można go założyć samemu, ale zalecana jest pomoc.;ITEM_CAT_ARMOR;ITEM_WEAR_TORSO;Armor;Armor;AdminArmor;armors;FAŁSZ;ARMOR_RSCOUT_LEGEND;-;ITAR_GS_STR_24;25;4;Gamemaster;FAŁSZ;BRAK;BRAK;BRAK;BRAK;BRAK;BRAK;BRAK;BRAK;BRAK;BRAK;75;25;BRAK;BRAK;BRAK;BRAK;FAŁSZ;BRAK;BRAK;BRAK;;Średni zestaw naprawczy do pancerzy;350;FAŁSZ;5;5;BRAK;BRAK;BRAK;BRAK;40;45;50;0;0;0;Płatnerz;Pancerz ciężki;ARMOR_RSCOUT_LEGEND.asc;TAK;TAK;TAK;PRAWDA
Pancerz szermierza;1974,95;2963,28;FAŁSZ;Średnio-ciężki pancerz, krępuje ruchy i uniemożliwia pływanie. Po szczegółowym odegraniu można go założyć samemu, ale zalecana jest pomoc.;ITEM_CAT_ARMOR;ITEM_WEAR_TORSO;Armor;Armor;AdminArmor;armors;FAŁSZ;FER_H_ARMOR_01;-;ITAR_GS_STR_25;25;4;Gamemaster;FAŁSZ;BRAK;BRAK;BRAK;BRAK;BRAK;BRAK;BRAK;BRAK;BRAK;BRAK;75;25;BRAK;BRAK;BRAK;BRAK;FAŁSZ;BRAK;BRAK;BRAK;;Średni zestaw naprawczy do pancerzy;350;FAŁSZ;5;5;BRAK;BRAK;BRAK;BRAK;40;45;50;0;0;0;Płatnerz;Pancerz ciężki;FER_H_ARMOR_01.asc;TAK;TAK;TAK;PRAWDA
Pancerz przywódcy najemników;1974,95;2963,28;FAŁSZ;Średnio-ciężki pancerz, krępuje ruchy i uniemożliwia pływanie. Po szczegółowym odegraniu można go założyć samemu, ale zalecana jest pomoc.;ITEM_CAT_ARMOR;ITEM_WEAR_TORSO;Armor;Armor;AdminArmor;armors;FAŁSZ;ITAR_SDRP2_HYBRYD_01;-;ITAR_GS_STR_26;25;4;Gamemaster;FAŁSZ;BRAK;BRAK;BRAK;BRAK;BRAK;BRAK;BRAK;BRAK;BRAK;BRAK;75;25;BRAK;BRAK;BRAK;BRAK;FAŁSZ;BRAK;BRAK;BRAK;;Średni zestaw naprawczy do pancerzy;350;FAŁSZ;5;5;BRAK;BRAK;BRAK;BRAK;40;45;50;0;0;0;Płatnerz;Pancerz ciężki;LiderKWN.asc;TAK;TAK;TAK;PRAWDA
Brązowa zbroja płytowa;1974,95;2963,28;FAŁSZ;Średnio-ciężki pancerz, krępuje ruchy i uniemożliwia pływanie. Po szczegółowym odegraniu można go założyć samemu, ale zalecana jest pomoc.;ITEM_CAT_ARMOR;ITEM_WEAR_TORSO;Armor;Armor;AdminArmor;armors;FAŁSZ;itar_sdrp_sht_11;-;ITAR_GS_STR_27;25;4;Gamemaster;FAŁSZ;BRAK;BRAK;BRAK;BRAK;BRAK;BRAK;BRAK;BRAK;BRAK;BRAK;75;25;BRAK;BRAK;BRAK;BRAK;FAŁSZ;BRAK;BRAK;BRAK;;Średni zestaw naprawczy do pancerzy;350;FAŁSZ;5;5;BRAK;BRAK;BRAK;BRAK;40;45;50;0;0;0;Płatnerz;Pancerz ciężki;oldarmor.asc;TAK;TAK;TAK;PRAWDA
Brązowy tabard;1974,95;2963,28;FAŁSZ;Średnio-ciężki pancerz, krępuje ruchy i uniemożliwia pływanie. Po szczegółowym odegraniu można go założyć samemu, ale zalecana jest pomoc.;ITEM_CAT_ARMOR;ITEM_WEAR_TORSO;Armor;Armor;AdminArmor;armors;FAŁSZ;ITAR_SDRP_HYBRYD_29;-;ITAR_GS_STR_28;25;4;Gamemaster;FAŁSZ;BRAK;BRAK;BRAK;BRAK;BRAK;BRAK;BRAK;BRAK;BRAK;BRAK;75;25;BRAK;BRAK;BRAK;BRAK;FAŁSZ;BRAK;BRAK;BRAK;;Średni zestaw naprawczy do pancerzy;350;FAŁSZ;5;5;BRAK;BRAK;BRAK;BRAK;40;45;50;0;0;0;Płatnerz;Pancerz ciężki;armourv6.asc;TAK;TAK;TAK;PRAWDA
Toga wojownika;1974,95;2963,28;FAŁSZ;Średnio-ciężki pancerz, krępuje ruchy i uniemożliwia pływanie. Po szczegółowym odegraniu można go założyć samemu, ale zalecana jest pomoc.;ITEM_CAT_ARMOR;ITEM_WEAR_TORSO;Armor;Armor;AdminArmor;armors;FAŁSZ;ITAR_SDRP_SHT_20;-;ITAR_GS_STR_29;25;4;Gamemaster;FAŁSZ;BRAK;BRAK;BRAK;BRAK;BRAK;BRAK;BRAK;BRAK;BRAK;BRAK;75;25;BRAK;BRAK;BRAK;BRAK;FAŁSZ;BRAK;BRAK;BRAK;;Średni zestaw naprawczy do pancerzy;350;FAŁSZ;5;5;BRAK;BRAK;BRAK;BRAK;40;45;50;0;0;0;Płatnerz;Pancerz ciężki;RP_SIERZANT2.asc;TAK;TAK;TAK;PRAWDA
Ciężki pancerz banity;1974,95;2963,28;FAŁSZ;Średnio-ciężki pancerz, krępuje ruchy i uniemożliwia pływanie. Po szczegółowym odegraniu można go założyć samemu, ale zalecana jest pomoc.;ITEM_CAT_ARMOR;ITEM_WEAR_TORSO;Armor;Armor;AdminArmor;armors;FAŁSZ;ITAR_SDRP_SHT_33;-;ITAR_GS_STR_30;25;4;Gamemaster;FAŁSZ;BRAK;BRAK;BRAK;BRAK;BRAK;BRAK;BRAK;BRAK;BRAK;BRAK;75;25;BRAK;BRAK;BRAK;BRAK;FAŁSZ;BRAK;BRAK;BRAK;;Średni zestaw naprawczy do pancerzy;350;FAŁSZ;5;5;BRAK;BRAK;BRAK;BRAK;40;45;50;0;0;0;Płatnerz;Pancerz ciężki;ARMOR_SLD_G3.asc;TAK;TAK;TAK;PRAWDA
Niebieski tabard;1974,95;2963,28;FAŁSZ;Średnio-ciężki pancerz, krępuje ruchy i uniemożliwia pływanie. Po szczegółowym odegraniu można go założyć samemu, ale zalecana jest pomoc.;ITEM_CAT_ARMOR;ITEM_WEAR_TORSO;Armor;Armor;AdminArmor;armors;FAŁSZ;ITAR_SDRP_SHT_24;-;ITAR_GS_STR_31;25;4;Gamemaster;FAŁSZ;BRAK;BRAK;BRAK;BRAK;BRAK;BRAK;BRAK;BRAK;BRAK;BRAK;75;25;BRAK;BRAK;BRAK;BRAK;FAŁSZ;BRAK;BRAK;BRAK;;Średni zestaw naprawczy do pancerzy;350;FAŁSZ;5;5;BRAK;BRAK;BRAK;BRAK;40;45;50;0;0;0;Płatnerz;Pancerz ciężki;niebieski_tabard.asc;TAK;TAK;TAK;PRAWDA
Ciężki pancerz wodnego kręgu;1974,95;2963,28;FAŁSZ;Średnio-ciężki pancerz, krępuje ruchy i uniemożliwia pływanie. Po szczegółowym odegraniu można go założyć samemu, ale zalecana jest pomoc.;ITEM_CAT_ARMOR;ITEM_WEAR_TORSO;Armor;Armor;AdminArmor;armors;FAŁSZ;ITAR_COW_HA;-;ITAR_GS_STR_32;25;4;Gamemaster;FAŁSZ;BRAK;BRAK;BRAK;BRAK;BRAK;BRAK;BRAK;BRAK;BRAK;BRAK;75;25;BRAK;BRAK;BRAK;BRAK;FAŁSZ;BRAK;BRAK;BRAK;;Średni zestaw naprawczy do pancerzy;350;FAŁSZ;5;5;BRAK;BRAK;BRAK;BRAK;40;45;50;0;0;0;Płatnerz;Pancerz ciężki;KM_COW_HA.asc;TAK;TAK;TAK;PRAWDA
Pancerz zakapiora;1974,95;2963,28;FAŁSZ;Średnio-ciężki pancerz, krępuje ruchy i uniemożliwia pływanie. Po szczegółowym odegraniu można go założyć samemu, ale zalecana jest pomoc.;ITEM_CAT_ARMOR;ITEM_WEAR_TORSO;Armor;Armor;AdminArmor;armors;FAŁSZ;ARMOR_THORUS_ADDON;-;ITAR_GS_STR_33;25;4;Gamemaster;FAŁSZ;BRAK;BRAK;BRAK;BRAK;BRAK;BRAK;BRAK;BRAK;BRAK;BRAK;75;25;BRAK;BRAK;BRAK;BRAK;FAŁSZ;BRAK;BRAK;BRAK;;Średni zestaw naprawczy do pancerzy;350;FAŁSZ;5;5;BRAK;BRAK;BRAK;BRAK;40;45;50;0;0;0;Płatnerz;Pancerz ciężki;ARMOR_THORUS_ADDON.asc;TAK;TAK;TAK;PRAWDA
Pancerz powiernika;1974,95;2963,28;FAŁSZ;Średnio-ciężki pancerz, krępuje ruchy i uniemożliwia pływanie. Po szczegółowym odegraniu można go założyć samemu, ale zalecana jest pomoc.;ITEM_CAT_ARMOR;ITEM_WEAR_TORSO;Armor;Armor;AdminArmor;armors;FAŁSZ;ITAR_SDRP_SHT_21;-;ITAR_GS_STR_34;25;4;Gamemaster;FAŁSZ;BRAK;BRAK;BRAK;BRAK;BRAK;BRAK;BRAK;BRAK;BRAK;BRAK;75;25;BRAK;BRAK;BRAK;BRAK;FAŁSZ;BRAK;BRAK;BRAK;;Średni zestaw naprawczy do pancerzy;350;FAŁSZ;5;5;BRAK;BRAK;BRAK;BRAK;40;45;50;0;0;0;Płatnerz;Pancerz ciężki;ARMOR_ADEPTUS.asc;TAK;TAK;TAK;PRAWDA
Pancerz z blach orka elity;1974,95;2963,28;FAŁSZ;Średnio-ciężki pancerz, krępuje ruchy i uniemożliwia pływanie. Po szczegółowym odegraniu można go założyć samemu, ale zalecana jest pomoc.;ITEM_CAT_ARMOR;ITEM_WEAR_TORSO;Armor;Armor;AdminArmor;armors;FAŁSZ;ITAR_SDRP_SHT_13;-;ITAR_GS_STR_35;25;4;Gamemaster;FAŁSZ;BRAK;BRAK;BRAK;BRAK;BRAK;BRAK;BRAK;BRAK;BRAK;BRAK;75;25;BRAK;BRAK;BRAK;BRAK;FAŁSZ;BRAK;BRAK;BRAK;;Średni zestaw naprawczy do pancerzy;350;FAŁSZ;5;5;BRAK;BRAK;BRAK;BRAK;40;45;50;0;0;0;Płatnerz;Pancerz ciężki;RAVEN_ORC_ELITE.asc;TAK;TAK;TAK;PRAWDA
Zbroja płytowa;1974,95;2963,28;FAŁSZ;Średnio-ciężki pancerz, krępuje ruchy i uniemożliwia pływanie. Po szczegółowym odegraniu można go założyć samemu, ale zalecana jest pomoc.;ITEM_CAT_ARMOR;ITEM_WEAR_TORSO;Armor;Armor;AdminArmor;armors;FAŁSZ;KM_BOOTLEG_KNIGHT;-;ITAR_GS_STR_35_1;25;4;Gamemaster;FAŁSZ;BRAK;BRAK;BRAK;BRAK;BRAK;BRAK;BRAK;BRAK;BRAK;BRAK;75;25;BRAK;BRAK;BRAK;BRAK;FAŁSZ;BRAK;BRAK;BRAK;;Średni zestaw naprawczy do pancerzy;350;FAŁSZ;5;5;BRAK;BRAK;BRAK;BRAK;40;45;50;0;0;0;Płatnerz;Pancerz ciężki;KM_BOOTLEG_KNIGHT.asc;TAK;TAK;TAK;PRAWDA
Pancerz ze skóry trolla;2517,13;4024,03;FAŁSZ;Pancerz średni, krępuje ruchy i nie pozwala na pływanie w wodzie. Po szczegółowym odegraniu może być ubrany bez niczyjej pomocy.;ITEM_CAT_ARMOR;ITEM_WEAR_TORSO;Armor;Armor;AdminArmor;armors;FAŁSZ;FER_TROLL_ARMOR_01;-;ITAR_GS_DEX_30;20;4;Gamemaster;FAŁSZ;BRAK;BRAK;BRAK;BRAK;BRAK;BRAK;BRAK;BRAK;BRAK;BRAK;25;75;BRAK;BRAK;BRAK;BRAK;FAŁSZ;BRAK;BRAK;BRAK;;Wełniany zestaw do szycia;350;FAŁSZ;5;5;BRAK;BRAK;BRAK;BRAK;50;45;40;0;0;10;Kuśnierz;Pancerz lekki;FER_TROLL_ARMOR_01.asc;TAK;TAK;TAK;PRAWDA
Pancerz rozbójnika;2517,13;4024,03;FAŁSZ;Pancerz średni, krępuje ruchy i nie pozwala na pływanie w wodzie. Po szczegółowym odegraniu może być ubrany bez niczyjej pomocy.;ITEM_CAT_ARMOR;ITEM_WEAR_TORSO;Armor;Armor;AdminArmor;armors;FAŁSZ;HUM_DHT3_ARMOR;-;ITAR_GS_DEX_31;20;4;Gamemaster;FAŁSZ;BRAK;BRAK;BRAK;BRAK;BRAK;BRAK;BRAK;BRAK;BRAK;BRAK;25;75;BRAK;BRAK;BRAK;BRAK;FAŁSZ;BRAK;BRAK;BRAK;;Wełniany zestaw do szycia;350;FAŁSZ;5;5;BRAK;BRAK;BRAK;BRAK;50;45;45;0;0;10;Kuśnierz;Pancerz lekki;HUM_DHT3_ARMOR.asc;TAK;TAK;TAK;PRAWDA
Pancerz zwiadowcy;2517,13;4024,03;FAŁSZ;Pancerz średni, krępuje ruchy i nie pozwala na pływanie w wodzie. Po szczegółowym odegraniu może być ubrany bez niczyjej pomocy.;ITEM_CAT_ARMOR;ITEM_WEAR_TORSO;Armor;Armor;AdminArmor;armors;FAŁSZ;PIRANHA_PALADIUM;-;ITAR_GS_DEX_32;20;4;Gamemaster;FAŁSZ;BRAK;BRAK;BRAK;BRAK;BRAK;BRAK;BRAK;BRAK;BRAK;BRAK;25;75;BRAK;BRAK;BRAK;BRAK;FAŁSZ;BRAK;BRAK;BRAK;;Wełniany zestaw do szycia;350;FAŁSZ;5;5;BRAK;BRAK;BRAK;BRAK;50;45;45;0;0;10;Kuśnierz;Pancerz lekki;PIRANHA_PALADIUM.asc;TAK;TAK;TAK;PRAWDA
Pancerz gildii araxos;2517,13;4024,03;FAŁSZ;Pancerz średni, krępuje ruchy i nie pozwala na pływanie w wodzie. Po szczegółowym odegraniu może być ubrany bez niczyjej pomocy.;ITEM_CAT_ARMOR;ITEM_WEAR_TORSO;Armor;Armor;AdminArmor;armors;FAŁSZ;ITAR_ARX_H2;-;ITAR_GS_DEX_33;20;4;Gamemaster;FAŁSZ;BRAK;BRAK;BRAK;BRAK;BRAK;BRAK;BRAK;BRAK;BRAK;BRAK;25;75;BRAK;BRAK;BRAK;BRAK;FAŁSZ;BRAK;BRAK;BRAK;;Wełniany zestaw do szycia;350;FAŁSZ;5;5;BRAK;BRAK;BRAK;BRAK;50;45;45;0;0;10;Kuśnierz;Pancerz lekki;KM_ARX_H2.asc;TAK;TAK;TAK;PRAWDA
Wzmocniony pancerz tropiciela;2517,13;4024,03;FAŁSZ;Pancerz średni, krępuje ruchy i nie pozwala na pływanie w wodzie. Po szczegółowym odegraniu może być ubrany bez niczyjej pomocy.;ITEM_CAT_ARMOR;ITEM_WEAR_TORSO;Armor;Armor;AdminArmor;armors;FAŁSZ;KM_BOOTLEG_STD_LEATHER_HEAVY;-;ITAR_GS_DEX_33_1;20;4;Gamemaster;FAŁSZ;BRAK;BRAK;BRAK;BRAK;BRAK;BRAK;BRAK;BRAK;BRAK;BRAK;25;75;BRAK;BRAK;BRAK;BRAK;FAŁSZ;BRAK;BRAK;BRAK;;Wełniany zestaw do szycia;350;FAŁSZ;5;5;BRAK;BRAK;BRAK;BRAK;50;45;45;0;0;10;Kuśnierz;Pancerz lekki;KM_BOOTLEG_STD_LEATHER_HEAVY.asc;TAK;TAK;TAK;PRAWDA
Pancerz mistrza areny;2517,13;4024,03;FAŁSZ;Pancerz średni, krępuje ruchy i nie pozwala na pływanie w wodzie. Po szczegółowym odegraniu może być ubrany bez niczyjej pomocy.;ITEM_CAT_ARMOR;ITEM_WEAR_TORSO;Armor;Armor;AdminArmor;armors;FAŁSZ;Armor_Arena_02.asc;-;ITAR_GS_DEX_33_2;20;4;Gamemaster;FAŁSZ;BRAK;BRAK;BRAK;BRAK;BRAK;BRAK;BRAK;BRAK;BRAK;BRAK;25;75;BRAK;BRAK;BRAK;BRAK;FAŁSZ;BRAK;BRAK;BRAK;;Wełniany zestaw do szycia;350;FAŁSZ;5;5;BRAK;BRAK;BRAK;BRAK;50;45;45;0;0;10;Kuśnierz;Pancerz lekki;Armor_Arena_02.asc;NIE;NIE;TAK;PRAWDA
Wzmocniony pancerz tropiciela 2;2517,13;3940,14;FAŁSZ;Pancerz średni, krępuje ruchy i nie pozwala na pływanie w wodzie. Po szczegółowym odegraniu może być ubrany bez niczyjej pomocy.;ITEM_CAT_ARMOR;ITEM_WEAR_TORSO;Armor;Armor;AdminArmor;armors;FAŁSZ;KM_BOOTLEG_STD_LEATHER_HEAVY;ITAR_GS_DEX_33_1;ITAR_GS_DEX_33_3;20;4;Gamemaster;FAŁSZ;BRAK;BRAK;BRAK;BRAK;BRAK;BRAK;BRAK;BRAK;BRAK;BRAK;0;0;BRAK;BRAK;BRAK;BRAK;FAŁSZ;BRAK;BRAK;BRAK;;Wełniany zestaw do szycia;350;FAŁSZ;5;5;BRAK;BRAK;BRAK;BRAK;50;45;45;0;0;10;;;;;;;FAŁSZ
Elitarny brązowy pancerz koczownika;BRAK;BRAK;FAŁSZ;Pancerz średni, krępuje ruchy i nie pozwala na pływanie w wodzie. Po szczegółowym odegraniu może być ubrany bez niczyjej pomocy.;ITEM_CAT_ARMOR;ITEM_WEAR_TORSO;Armor;Armor;AdminArmor;armors;FAŁSZ;ARMOR_KOCZOWNIK_VAR_03;-;ITAR_GS_UN_23;20;4;Gamemaster;FAŁSZ;BRAK;BRAK;BRAK;BRAK;BRAK;BRAK;BRAK;BRAK;BRAK;BRAK;25;75;BRAK;BRAK;BRAK;BRAK;FAŁSZ;BRAK;BRAK;BRAK;;Wełniany zestaw do szycia;350;FAŁSZ;5;5;BRAK;BRAK;BRAK;BRAK;50;45;45;0;0;10;Kuśnierz;Pancerz lekki;;NIE;NIE;TAK;FAŁSZ
Elitarny ciemny pancerz koczownika;BRAK;BRAK;FAŁSZ;Pancerz średni, krępuje ruchy i nie pozwala na pływanie w wodzie. Po szczegółowym odegraniu może być ubrany bez niczyjej pomocy.;ITEM_CAT_ARMOR;ITEM_WEAR_TORSO;Armor;Armor;AdminArmor;armors;FAŁSZ;ARMOR_KOCZOWNIK_VAR_02;-;ITAR_GS_UN_24;20;4;Gamemaster;FAŁSZ;BRAK;BRAK;BRAK;BRAK;BRAK;BRAK;BRAK;BRAK;BRAK;BRAK;25;75;BRAK;BRAK;BRAK;BRAK;FAŁSZ;BRAK;BRAK;BRAK;;Wełniany zestaw do szycia;350;FAŁSZ;5;5;BRAK;BRAK;BRAK;BRAK;50;45;45;0;0;10;Kuśnierz;Pancerz lekki;;NIE;NIE;TAK;FAŁSZ
Elitarny zielony pancerz koczownika;BRAK;BRAK;FAŁSZ;Pancerz średni, krępuje ruchy i nie pozwala na pływanie w wodzie. Po szczegółowym odegraniu może być ubrany bez niczyjej pomocy.;ITEM_CAT_ARMOR;ITEM_WEAR_TORSO;Armor;Armor;AdminArmor;armors;FAŁSZ;ARMOR_KOCZOWNIK_VAR_01;-;ITAR_GS_UN_25;20;4;Gamemaster;FAŁSZ;BRAK;BRAK;BRAK;BRAK;BRAK;BRAK;BRAK;BRAK;BRAK;BRAK;25;75;BRAK;BRAK;BRAK;BRAK;FAŁSZ;BRAK;BRAK;BRAK;;Wełniany zestaw do szycia;350;FAŁSZ;5;5;BRAK;BRAK;BRAK;BRAK;50;45;45;0;0;10;Kuśnierz;Pancerz lekki;;NIE;NIE;TAK;FAŁSZ
Ciężki pancerz assasyna;BRAK;BRAK;FAŁSZ;Pancerz średni, krępuje ruchy i nie pozwala na pływanie w wodzie. Po szczegółowym odegraniu może być ubrany bez niczyjej pomocy.;ITEM_CAT_ARMOR;ITEM_WEAR_TORSO;Armor;Armor;AdminArmor;armors;FAŁSZ;VAR_ASASINO_02;-;ITAR_GS_UN_26;20;4;Gamemaster;FAŁSZ;BRAK;BRAK;BRAK;BRAK;BRAK;BRAK;BRAK;BRAK;BRAK;BRAK;25;75;BRAK;BRAK;BRAK;BRAK;FAŁSZ;BRAK;BRAK;BRAK;;Wełniany zestaw do szycia;350;FAŁSZ;5;5;BRAK;BRAK;BRAK;BRAK;50;45;45;0;0;10;Kuśnierz;Pancerz lekki;;NIE;NIE;TAK;FAŁSZ
Ciężki pancerz assasyna 2;BRAK;BRAK;FAŁSZ;Pancerz średni, krępuje ruchy i nie pozwala na pływanie w wodzie. Po szczegółowym odegraniu może być ubrany bez niczyjej pomocy.;ITEM_CAT_ARMOR;ITEM_WEAR_TORSO;Armor;Armor;AdminArmor;armors;FAŁSZ;VAR_ASASINO_01;-;ITAR_GS_UN_27;20;4;Gamemaster;FAŁSZ;BRAK;BRAK;BRAK;BRAK;BRAK;BRAK;BRAK;BRAK;BRAK;BRAK;25;75;BRAK;BRAK;BRAK;BRAK;FAŁSZ;BRAK;BRAK;BRAK;;Wełniany zestaw do szycia;350;FAŁSZ;5;5;BRAK;BRAK;BRAK;BRAK;50;45;45;0;0;10;Kuśnierz;Pancerz lekki;;NIE;NIE;TAK;FAŁSZ
Pikowany pancerz myśliwego;2517,13;4024,03;FAŁSZ;Pancerz średni, krępuje ruchy i nie pozwala na pływanie w wodzie. Po szczegółowym odegraniu może być ubrany bez niczyjej pomocy.;ITEM_CAT_ARMOR;ITEM_WEAR_TORSO;Armor;Armor;AdminArmor;armors;FAŁSZ;ITAR_SDRP_HYBRYD_26;-;ITAR_GS_DEX_34;20;4;Gamemaster;FAŁSZ;BRAK;BRAK;BRAK;BRAK;BRAK;BRAK;BRAK;BRAK;BRAK;BRAK;25;75;BRAK;BRAK;BRAK;BRAK;FAŁSZ;BRAK;BRAK;BRAK;;Wełniany zestaw do szycia;350;FAŁSZ;5;5;BRAK;BRAK;BRAK;BRAK;50;45;45;0;0;10;Kuśnierz;Pancerz lekki;Neut_iorweth.asc;TAK;TAK;TAK;PRAWDA
Zbroja elitarnego myśliwego;2517,13;4024,03;FAŁSZ;Pancerz średni, krępuje ruchy i nie pozwala na pływanie w wodzie. Po szczegółowym odegraniu może być ubrany bez niczyjej pomocy.;ITEM_CAT_ARMOR;ITEM_WEAR_TORSO;Armor;Armor;AdminArmor;armors;FAŁSZ;ITAR_SDRP_LTH_53;-;ITAR_GS_DEX_35;20;4;Gamemaster;FAŁSZ;BRAK;BRAK;BRAK;BRAK;BRAK;BRAK;BRAK;BRAK;BRAK;BRAK;25;75;BRAK;BRAK;BRAK;BRAK;FAŁSZ;BRAK;BRAK;BRAK;;Wełniany zestaw do szycia;350;FAŁSZ;5;5;BRAK;BRAK;BRAK;BRAK;50;45;45;0;0;10;Kuśnierz;Pancerz lekki;RB_MK_H1.asc;TAK;TAK;TAK;PRAWDA
Pancerz kultysty;2517,13;4024,03;FAŁSZ;Pancerz średni, krępuje ruchy i nie pozwala na pływanie w wodzie. Po szczegółowym odegraniu może być ubrany bez niczyjej pomocy.;ITEM_CAT_ARMOR;ITEM_WEAR_TORSO;Armor;Armor;AdminArmor;armors;FAŁSZ;ITAR_GS_CUSTOM_29;-;ITAR_GS_DEX_36;20;4;Gamemaster;FAŁSZ;BRAK;BRAK;BRAK;BRAK;BRAK;BRAK;BRAK;BRAK;BRAK;BRAK;25;75;BRAK;BRAK;BRAK;BRAK;FAŁSZ;BRAK;BRAK;BRAK;;Wełniany zestaw do szycia;350;FAŁSZ;5;5;BRAK;BRAK;BRAK;BRAK;50;45;45;0;0;10;Kuśnierz;Pancerz lekki;gs_piraty_t5.asc;TAK;TAK;TAK;PRAWDA
Pancerz królewskiego szermierza;4231,90;6546,02;FAŁSZ;Ciężki pancerz, mocno krępuje ruchy i nie pozwala na pływanie w wodzie. Może być ubrany tylko z pomocą, po stosownym ogdegraniu.;ITEM_CAT_ARMOR;ITEM_WEAR_TORSO;Armor;Armor;AdminArmor;armors;FAŁSZ;ARMOR_OLDMYRTANASMITHING;-;ITAR_GS_STR_36;30;5;Gamemaster;FAŁSZ;BRAK;BRAK;BRAK;BRAK;BRAK;BRAK;BRAK;BRAK;BRAK;BRAK;115;35;BRAK;BRAK;BRAK;BRAK;FAŁSZ;BRAK;BRAK;BRAK;;Duży zestaw naprawczy do pancerzy;400;FAŁSZ;5;5;BRAK;BRAK;BRAK;BRAK;50;50;60;0;0;0;Płatnerz;Pancerz ciężki;ARMOR_OLDMYRTANASMITHING.asc;TAK;TAK;TAK;PRAWDA
Zbroja Kręgu Ognia;4231,90;6546,02;FAŁSZ;Ciężki pancerz, mocno krępuje ruchy i nie pozwala na pływanie w wodzie. Może być ubrany tylko z pomocą, po stosownym ogdegraniu.;ITEM_CAT_ARMOR;ITEM_WEAR_TORSO;Armor;Armor;AdminArmor;armors;FAŁSZ;ITAR_SDRP_SHT_16;-;ITAR_GS_STR_37;30;5;Gamemaster;FAŁSZ;BRAK;BRAK;BRAK;BRAK;BRAK;BRAK;BRAK;BRAK;BRAK;BRAK;115;35;BRAK;BRAK;BRAK;BRAK;FAŁSZ;BRAK;BRAK;BRAK;;Duży zestaw naprawczy do pancerzy;400;FAŁSZ;5;5;BRAK;BRAK;BRAK;BRAK;50;50;60;0;0;0;Płatnerz;Pancerz ciężki;Neutral_Pal_H.asc;TAK;TAK;TAK;PRAWDA
Rycerska zbroja;4231,90;6546,02;FAŁSZ;Ciężki pancerz, mocno krępuje ruchy i nie pozwala na pływanie w wodzie. Może być ubrany tylko z pomocą, po stosownym ogdegraniu.;ITEM_CAT_ARMOR;ITEM_WEAR_TORSO;Armor;Armor;AdminArmor;armors;FAŁSZ;ITAR_knightarmor;-;ITAR_GS_STR_38;30;5;Gamemaster;FAŁSZ;BRAK;BRAK;BRAK;BRAK;BRAK;BRAK;BRAK;BRAK;BRAK;BRAK;115;35;BRAK;BRAK;BRAK;BRAK;FAŁSZ;BRAK;BRAK;BRAK;;Duży zestaw naprawczy do pancerzy;400;FAŁSZ;5;5;BRAK;BRAK;BRAK;BRAK;50;50;60;0;0;0;Płatnerz;Pancerz ciężki;KM_KNIGHT_ARMOR.asc;TAK;TAK;TAK;PRAWDA
Ciężka zbroja płytowa;4231,90;6546,02;FAŁSZ;Ciężki pancerz, mocno krępuje ruchy i nie pozwala na pływanie w wodzie. Może być ubrany tylko z pomocą, po stosownym ogdegraniu.;ITEM_CAT_ARMOR;ITEM_WEAR_TORSO;Armor;Armor;AdminArmor;armors;FAŁSZ;ITAR_SDRP_SHT_12;-;ITAR_GS_STR_39;30;5;Gamemaster;FAŁSZ;BRAK;BRAK;BRAK;BRAK;BRAK;BRAK;BRAK;BRAK;BRAK;BRAK;115;35;BRAK;BRAK;BRAK;BRAK;FAŁSZ;BRAK;BRAK;BRAK;;Duży zestaw naprawczy do pancerzy;400;FAŁSZ;5;5;BRAK;BRAK;BRAK;BRAK;50;50;60;0;0;0;Płatnerz;Pancerz ciężki;PANCERZ_ZAKONNIKA.asc;TAK;TAK;TAK;PRAWDA
Zbroja szychy;4231,90;6546,02;FAŁSZ;Ciężki pancerz, mocno krępuje ruchy i nie pozwala na pływanie w wodzie. Może być ubrany tylko z pomocą, po stosownym ogdegraniu.;ITEM_CAT_ARMOR;ITEM_WEAR_TORSO;Armor;Armor;AdminArmor;armors;FAŁSZ;ITAR_SDRP_HYBRYD_61;-;ITAR_GS_STR_40;30;5;Gamemaster;FAŁSZ;BRAK;BRAK;BRAK;BRAK;BRAK;BRAK;BRAK;BRAK;BRAK;BRAK;115;35;BRAK;BRAK;BRAK;BRAK;FAŁSZ;BRAK;BRAK;BRAK;;Duży zestaw naprawczy do pancerzy;400;FAŁSZ;5;5;BRAK;BRAK;BRAK;BRAK;50;50;60;0;0;0;Płatnerz;Pancerz ciężki;Armor_LEE_ADDON.asc;TAK;TAK;TAK;PRAWDA
Strój ze skóry czarnego trolla;3552,50;5975,62;FAŁSZ;Średnio-ciężki pancerz, krępuje ruchy i uniemożliwia pływanie. Po szczegółowym odegraniu można go założyć samemu, ale zalecana jest pomoc.;ITEM_CAT_ARMOR;ITEM_WEAR_TORSO;Armor;Armor;AdminArmor;armors;FAŁSZ;ITAR_SDRP_LTH_25;-;ITAR_GS_DEX_37;20;5;Gamemaster;FAŁSZ;BRAK;BRAK;BRAK;BRAK;BRAK;BRAK;BRAK;BRAK;BRAK;BRAK;30;120;BRAK;BRAK;BRAK;BRAK;FAŁSZ;BRAK;BRAK;BRAK;;Porządny zestaw do szycia;400;FAŁSZ;5;5;BRAK;BRAK;BRAK;BRAK;60;50;50;0;0;5;Kuśnierz;Pancerz lekki;FER_BLACKTROLL_ARMOR_01.asc;TAK;TAK;TAK;PRAWDA
Brygantyna herszta najemców;3552,50;5975,62;FAŁSZ;Średnio-ciężki pancerz, krępuje ruchy i uniemożliwia pływanie. Po szczegółowym odegraniu można go założyć samemu, ale zalecana jest pomoc.;ITEM_CAT_ARMOR;ITEM_WEAR_TORSO;Armor;Armor;AdminArmor;armors;FAŁSZ;ITAR_SDRP_LTH_19;-;ITAR_GS_DEX_38;20;5;Gamemaster;FAŁSZ;BRAK;BRAK;BRAK;BRAK;BRAK;BRAK;BRAK;BRAK;BRAK;BRAK;30;120;BRAK;BRAK;BRAK;BRAK;FAŁSZ;BRAK;BRAK;BRAK;;Porządny zestaw do szycia;400;FAŁSZ;5;5;BRAK;BRAK;BRAK;BRAK;65;60;60;0;0;5;Kuśnierz;Pancerz lekki;ARMOR_RAVON_DOWO.asc;TAK;TAK;TAK;PRAWDA
Pancerz żołnierza;3552,50;5975,62;FAŁSZ;Średnio-ciężki pancerz, krępuje ruchy i uniemożliwia pływanie. Po szczegółowym odegraniu można go założyć samemu, ale zalecana jest pomoc.;ITEM_CAT_ARMOR;ITEM_WEAR_TORSO;Armor;Armor;AdminArmor;armors;FAŁSZ;ITAR_SDRP_LTH_48;-;ITAR_GS_DEX_39;20;5;Gamemaster;FAŁSZ;BRAK;BRAK;BRAK;BRAK;BRAK;BRAK;BRAK;BRAK;BRAK;BRAK;30;120;BRAK;BRAK;BRAK;BRAK;FAŁSZ;BRAK;BRAK;BRAK;;Porządny zestaw do szycia;400;FAŁSZ;5;5;BRAK;BRAK;BRAK;BRAK;65;60;60;0;0;5;Kuśnierz;Pancerz lekki;ZRP50.asc;TAK;TAK;TAK;PRAWDA
Ciemny pancerz;3552,50;5975,62;FAŁSZ;Średnio-ciężki pancerz, krępuje ruchy i uniemożliwia pływanie. Po szczegółowym odegraniu można go założyć samemu, ale zalecana jest pomoc.;ITEM_CAT_ARMOR;ITEM_WEAR_TORSO;Armor;Armor;AdminArmor;armors;FAŁSZ;ITAR_SDRP_HYBRYD_36;-;ITAR_GS_DEX_40;20;5;Gamemaster;FAŁSZ;BRAK;BRAK;BRAK;BRAK;BRAK;BRAK;BRAK;BRAK;BRAK;BRAK;30;120;BRAK;BRAK;BRAK;BRAK;FAŁSZ;BRAK;BRAK;BRAK;;Porządny zestaw do szycia;400;FAŁSZ;5;5;BRAK;BRAK;BRAK;BRAK;65;60;60;0;0;5;Kuśnierz;Pancerz lekki;Armor_Vaatu.asc;TAK;TAK;TAK;PRAWDA
Pancerz mrocznego rycerza;3552,50;5975,62;FAŁSZ;Średnio-ciężki pancerz, krępuje ruchy i uniemożliwia pływanie. Po szczegółowym odegraniu można go założyć samemu, ale zalecana jest pomoc.;ITEM_CAT_ARMOR;ITEM_WEAR_TORSO;Armor;Armor;AdminArmor;armors;FAŁSZ;ITAR_SDRP_SHT_18;-;ITAR_GS_DEX_41;20;5;Gamemaster;FAŁSZ;BRAK;BRAK;BRAK;BRAK;BRAK;BRAK;BRAK;BRAK;BRAK;BRAK;30;120;BRAK;BRAK;BRAK;BRAK;FAŁSZ;BRAK;BRAK;BRAK;;Porządny zestaw do szycia;400;FAŁSZ;5;5;BRAK;BRAK;BRAK;BRAK;65;60;60;0;0;5;Kuśnierz;Pancerz lekki;PANCERZ_VENDERA_1.asc;NIE;TAK;TAK;PRAWDA
Zbroja rekruta Geldern;BRAK;BRAK;FAŁSZ;Lekki pancerz nie krępujący ruchów i pozwalający na pływanie w wodzie. Po odegraniu może być ubrany bez niczyjej pomocy.;ITEM_CAT_ARMOR;ITEM_WEAR_TORSO;Armor;Armor;AdminArmor;armors;FAŁSZ;MIL_GELDERN_P;-;ITAR_GS_FRAC_01;5;0;Gamemaster;FAŁSZ;BRAK;BRAK;BRAK;BRAK;BRAK;BRAK;BRAK;BRAK;BRAK;BRAK;0;0;BRAK;BRAK;BRAK;BRAK;FAŁSZ;BRAK;BRAK;BRAK;;Mały zestaw naprawczy do pancerzy;300;FAŁSZ;5;5;BRAK;BRAK;BRAK;BRAK;10;10;10;0;0;20;;;;NIE;TAK;TAK;FAŁSZ
Zbroja rekruta medyka Geldern;BRAK;BRAK;FAŁSZ;Lekki pancerz nie krępujący ruchów i pozwalający na pływanie w wodzie. Po odegraniu może być ubrany bez niczyjej pomocy.;ITEM_CAT_ARMOR;ITEM_WEAR_TORSO;Armor;Armor;AdminArmor;armors;FAŁSZ;MIL_GELDERN_PM;-;ITAR_GS_FRAC_02;5;0;Gamemaster;FAŁSZ;BRAK;BRAK;BRAK;BRAK;BRAK;BRAK;BRAK;BRAK;BRAK;BRAK;0;0;BRAK;BRAK;BRAK;BRAK;FAŁSZ;BRAK;BRAK;BRAK;;Mały zestaw naprawczy do pancerzy;300;FAŁSZ;5;5;BRAK;BRAK;BRAK;BRAK;10;10;10;0;0;20;;;;NIE;TAK;TAK;FAŁSZ
Zbroja strażnika Geldern;BRAK;BRAK;FAŁSZ;Lekki pancerz nie krępujący ruchów i pozwalający na pływanie w wodzie. Po odegraniu może być ubrany bez niczyjej pomocy.;ITEM_CAT_ARMOR;ITEM_WEAR_TORSO;Armor;Armor;AdminArmor;armors;FAŁSZ;MIL_GELDERN_S_KOZA;-;ITAR_GS_FRAC_03;8;1;Gamemaster;FAŁSZ;BRAK;BRAK;BRAK;BRAK;BRAK;BRAK;BRAK;BRAK;BRAK;BRAK;0;0;BRAK;BRAK;BRAK;BRAK;FAŁSZ;BRAK;BRAK;BRAK;;Mały zestaw naprawczy do pancerzy;300;FAŁSZ;5;5;BRAK;BRAK;BRAK;BRAK;15;20;20;0;0;5;;;;NIE;TAK;TAK;FAŁSZ
Zbroja strażnika Myrtany;BRAK;BRAK;FAŁSZ;Lekki pancerz nie krępujący ruchów i pozwalający na pływanie w wodzie. Po odegraniu może być ubrany bez niczyjej pomocy.;ITEM_CAT_ARMOR;ITEM_WEAR_TORSO;Armor;Armor;AdminArmor;armors;FAŁSZ;MIL_MYRTANA_S_KOZA;-;ITAR_GS_FRAC_04;8;1;Gamemaster;FAŁSZ;BRAK;BRAK;BRAK;BRAK;BRAK;BRAK;BRAK;BRAK;BRAK;BRAK;0;0;BRAK;BRAK;BRAK;BRAK;FAŁSZ;BRAK;BRAK;BRAK;;Mały zestaw naprawczy do pancerzy;300;FAŁSZ;5;5;BRAK;BRAK;BRAK;BRAK;15;20;20;0;0;5;;;;NIE;TAK;TAK;FAŁSZ
Zbroja starszego strażnika Geldern;BRAK;BRAK;FAŁSZ;Pancerz pomiędzy lekkim a średnim, delikatnie krępuje ruchy, ale pozwala na pływanie w wodzie. Po odegraniu może być ubrany bez niczyjej pomocy.;ITEM_CAT_ARMOR;ITEM_WEAR_TORSO;Armor;Armor;AdminArmor;armors;FAŁSZ;MIL_GELDERN_ST_KOZA;-;ITAR_GS_FRAC_05;10;2;Gamemaster;FAŁSZ;BRAK;BRAK;BRAK;BRAK;BRAK;BRAK;BRAK;BRAK;BRAK;BRAK;0;0;BRAK;BRAK;BRAK;BRAK;FAŁSZ;BRAK;BRAK;BRAK;;Mały zestaw naprawczy do pancerzy;300;FAŁSZ;5;5;BRAK;BRAK;BRAK;BRAK;25;30;30;0;0;0;;;;NIE;TAK;TAK;FAŁSZ
Zbroja starszego strażnika Geldern 2;BRAK;BRAK;FAŁSZ;Pancerz pomiędzy lekkim a średnim, delikatnie krępuje ruchy, ale pozwala na pływanie w wodzie. Po odegraniu może być ubrany bez niczyjej pomocy.;ITEM_CAT_ARMOR;ITEM_WEAR_TORSO;Armor;Armor;AdminArmor;armors;FAŁSZ;MIL_GELDERN_ST_BLACK_KOZA;-;ITAR_GS_FRAC_06;10;2;Gamemaster;FAŁSZ;BRAK;BRAK;BRAK;BRAK;BRAK;BRAK;BRAK;BRAK;BRAK;BRAK;0;0;BRAK;BRAK;BRAK;BRAK;FAŁSZ;BRAK;BRAK;BRAK;;Mały zestaw naprawczy do pancerzy;300;FAŁSZ;5;5;BRAK;BRAK;BRAK;BRAK;25;30;30;0;0;0;;;;NIE;TAK;TAK;FAŁSZ
Zbroja strażnika 2 klasy;BRAK;BRAK;FAŁSZ;Pancerz pomiędzy lekkim a średnim, delikatnie krępuje ruchy, ale pozwala na pływanie w wodzie. Po odegraniu może być ubrany bez niczyjej pomocy.;ITEM_CAT_ARMOR;ITEM_WEAR_TORSO;Armor;Armor;AdminArmor;armors;FAŁSZ;MIL_GELDERN_ST2_KOZA;-;ITAR_GS_FRAC_07;12;3;Gamemaster;FAŁSZ;BRAK;BRAK;BRAK;BRAK;BRAK;BRAK;BRAK;BRAK;BRAK;BRAK;0;0;BRAK;BRAK;BRAK;BRAK;FAŁSZ;BRAK;BRAK;BRAK;;Mały zestaw naprawczy do pancerzy;350;FAŁSZ;5;5;BRAK;BRAK;BRAK;BRAK;40;35;35;0;0;15;;;;;;;FAŁSZ
Zbroja młodszego zwiadowcy Geldern 2;BRAK;BRAK;FAŁSZ;Pancerz pomiędzy lekkim a średnim, delikatnie krępuje ruchy, ale pozwala na pływanie w wodzie. Po odegraniu może być ubrany bez niczyjej pomocy.;ITEM_CAT_ARMOR;ITEM_WEAR_TORSO;Armor;Armor;AdminArmor;armors;FAŁSZ;MIL_GELDERN_ST2_BLACK_KOZA;-;ITAR_GS_FRAC_08;12;3;Gamemaster;FAŁSZ;BRAK;BRAK;BRAK;BRAK;BRAK;BRAK;BRAK;BRAK;BRAK;BRAK;0;0;BRAK;BRAK;BRAK;BRAK;FAŁSZ;BRAK;BRAK;BRAK;;Mały zestaw naprawczy do pancerzy;350;FAŁSZ;5;5;BRAK;BRAK;BRAK;BRAK;40;35;35;0;0;15;;;;NIE;TAK;TAK;FAŁSZ
Zbroja gwardzista 2 klasy;BRAK;BRAK;FAŁSZ;Pancerz średni, krępuje ruchy i nie pozwala na pływanie w wodzie. Po szczegółowym odegraniu może być ubrany bez niczyjej pomocy.;ITEM_CAT_ARMOR;ITEM_WEAR_TORSO;Armor;Armor;AdminArmor;armors;FAŁSZ;MIL_GELDERN_ST3_KOZA;-;ITAR_GS_FRAC_09;12;3;Gamemaster;FAŁSZ;BRAK;BRAK;BRAK;BRAK;BRAK;BRAK;BRAK;BRAK;BRAK;BRAK;0;0;BRAK;BRAK;BRAK;BRAK;FAŁSZ;BRAK;BRAK;BRAK;;Mały zestaw naprawczy do pancerzy;350;FAŁSZ;5;5;BRAK;BRAK;BRAK;BRAK;35;40;40;0;0;0;;;;;;;FAŁSZ
Zbroja młodszego wartownika Geldern 2;BRAK;BRAK;FAŁSZ;Pancerz średni, krępuje ruchy i nie pozwala na pływanie w wodzie. Po szczegółowym odegraniu może być ubrany bez niczyjej pomocy.;ITEM_CAT_ARMOR;ITEM_WEAR_TORSO;Armor;Armor;AdminArmor;armors;FAŁSZ;MIL_GELDERN_ST3_BLACK_KOZA;-;ITAR_GS_FRAC_10;12;3;Gamemaster;FAŁSZ;BRAK;BRAK;BRAK;BRAK;BRAK;BRAK;BRAK;BRAK;BRAK;BRAK;0;0;BRAK;BRAK;BRAK;BRAK;FAŁSZ;BRAK;BRAK;BRAK;;Mały zestaw naprawczy do pancerzy;350;FAŁSZ;5;5;BRAK;BRAK;BRAK;BRAK;35;40;40;0;0;0;;;;NIE;TAK;TAK;FAŁSZ
Czarna zbroja zwierchnika Geldern;BRAK;BRAK;FAŁSZ;Pancerz pomiędzy lekkim a średnim, delikatnie krępuje ruchy, ale pozwala na pływanie w wodzie. Po odegraniu może być ubrany bez niczyjej pomocy.;ITEM_CAT_ARMOR;ITEM_WEAR_TORSO;Armor;Armor;AdminArmor;armors;FAŁSZ;MIL_GELDERN_ZW_KOZA;-;ITAR_GS_FRAC_11;12;3;Gamemaster;FAŁSZ;BRAK;BRAK;BRAK;BRAK;BRAK;BRAK;BRAK;BRAK;BRAK;BRAK;0;0;BRAK;BRAK;BRAK;BRAK;FAŁSZ;BRAK;BRAK;BRAK;;Mały zestaw naprawczy do pancerzy;350;FAŁSZ;5;5;BRAK;BRAK;BRAK;BRAK;40;35;35;0;0;15;;;;NIE;TAK;TAK;FAŁSZ
Czerwona zbroja zwierchnika Geldern;BRAK;BRAK;FAŁSZ;Pancerz pomiędzy lekkim a średnim, delikatnie krępuje ruchy, ale pozwala na pływanie w wodzie. Po odegraniu może być ubrany bez niczyjej pomocy.;ITEM_CAT_ARMOR;ITEM_WEAR_TORSO;Armor;Armor;AdminArmor;armors;FAŁSZ;MIL_GELDERN_ZW2_KOZA;-;ITAR_GS_FRAC_12;12;3;Gamemaster;FAŁSZ;BRAK;BRAK;BRAK;BRAK;BRAK;BRAK;BRAK;BRAK;BRAK;BRAK;0;0;BRAK;BRAK;BRAK;BRAK;FAŁSZ;BRAK;BRAK;BRAK;;Mały zestaw naprawczy do pancerzy;350;FAŁSZ;5;5;BRAK;BRAK;BRAK;BRAK;40;35;35;0;0;15;;;;NIE;TAK;TAK;FAŁSZ
Zbroja gwardzisty 1 klasy;BRAK;BRAK;FAŁSZ;Średnio-ciężki pancerz, krępuje ruchy i uniemożliwia pływanie. Po szczegółowym odegraniu można go założyć samemu, ale zalecana jest pomoc.;ITEM_CAT_ARMOR;ITEM_WEAR_TORSO;Armor;Armor;AdminArmor;armors;FAŁSZ;MIL_GELDERN_W_KOZA;-;ITAR_GS_FRAC_13;15;4;Gamemaster;FAŁSZ;BRAK;BRAK;BRAK;BRAK;BRAK;BRAK;BRAK;BRAK;BRAK;BRAK;0;0;BRAK;BRAK;BRAK;BRAK;FAŁSZ;BRAK;BRAK;BRAK;;Mały zestaw naprawczy do pancerzy;350;FAŁSZ;5;5;BRAK;BRAK;BRAK;BRAK;45;50;50;0;0;0;;;;;;;FAŁSZ
Zbroja strażnika 1 klasy;BRAK;BRAK;FAŁSZ;Pancerz pomiędzy lekkim a średnim, delikatnie krępuje ruchy, ale pozwala na pływanie w wodzie. Po odegraniu może być ubrany bez niczyjej pomocy.;ITEM_CAT_ARMOR;ITEM_WEAR_TORSO;Armor;Armor;AdminArmor;armors;FAŁSZ;MIL_GELDERN_Z_KOZA;-;ITAR_GS_FRAC_14;14;4;Gamemaster;FAŁSZ;BRAK;BRAK;BRAK;BRAK;BRAK;BRAK;BRAK;BRAK;BRAK;BRAK;0;0;BRAK;BRAK;BRAK;BRAK;FAŁSZ;BRAK;BRAK;BRAK;;Mały zestaw naprawczy do pancerzy;350;FAŁSZ;5;5;BRAK;BRAK;BRAK;BRAK;50;45;45;0;0;10;;;;;;;FAŁSZ
Zbroja kapitana straży;BRAK;BRAK;FAŁSZ;Ciężki pancerz, mocno krępuje ruchy i nie pozwala na pływanie w wodzie. Może być ubrany tylko z pomocą, po stosownym ogdegraniu.;ITEM_CAT_ARMOR;ITEM_WEAR_TORSO;Armor;Armor;AdminArmor;armors;FAŁSZ;MIL_GELDERN_O_KOZA;-;ITAR_GS_FRAC_15;15;5;Gamemaster;FAŁSZ;BRAK;BRAK;BRAK;BRAK;BRAK;BRAK;BRAK;BRAK;BRAK;BRAK;0;0;BRAK;BRAK;BRAK;BRAK;FAŁSZ;BRAK;BRAK;BRAK;;Mały zestaw naprawczy do pancerzy;400;FAŁSZ;5;5;BRAK;BRAK;BRAK;BRAK;60;65;65;0;0;0;;;;;;;FAŁSZ
Zbroja sierżanta;BRAK;BRAK;FAŁSZ;Średnio-ciężki pancerz, krępuje ruchy i uniemożliwia pływanie. Po szczegółowym odegraniu można go założyć samemu, ale zalecana jest pomoc.;ITEM_CAT_ARMOR;ITEM_WEAR_TORSO;Armor;Armor;AdminArmor;armors;FAŁSZ;MIL_GELDERN_Z2_KOZA;-;ITAR_GS_FRAC_16;15;5;Gamemaster;FAŁSZ;BRAK;BRAK;BRAK;BRAK;BRAK;BRAK;BRAK;BRAK;BRAK;BRAK;0;0;BRAK;BRAK;BRAK;BRAK;FAŁSZ;BRAK;BRAK;BRAK;;Mały zestaw naprawczy do pancerzy;400;FAŁSZ;5;5;BRAK;BRAK;BRAK;BRAK;65;60;60;0;0;5;;;;;;;FAŁSZ
Zbroja rekruta Silden;BRAK;BRAK;FAŁSZ;Lekki pancerz nie krępujący ruchów i pozwalający na pływanie w wodzie. Po odegraniu może być ubrany bez niczyjej pomocy.;ITEM_CAT_ARMOR;ITEM_WEAR_TORSO;Armor;Armor;AdminArmor;armors;FAŁSZ;MIL_SILDEN_P;-;ITAR_GS_FRAC_17;5;0;Gamemaster;FAŁSZ;BRAK;BRAK;BRAK;BRAK;BRAK;BRAK;BRAK;BRAK;BRAK;BRAK;0;0;BRAK;BRAK;BRAK;BRAK;FAŁSZ;BRAK;BRAK;BRAK;;Mały zestaw naprawczy do pancerzy;300;FAŁSZ;5;5;BRAK;BRAK;BRAK;BRAK;10;10;10;0;0;20;;;;NIE;TAK;TAK;FAŁSZ
Zbroja strażnika Silden;BRAK;BRAK;FAŁSZ;Lekki pancerz nie krępujący ruchów i pozwalający na pływanie w wodzie. Po odegraniu może być ubrany bez niczyjej pomocy.;ITEM_CAT_ARMOR;ITEM_WEAR_TORSO;Armor;Armor;AdminArmor;armors;FAŁSZ;MIL_SILDEN_S_KOZA;-;ITAR_GS_FRAC_18;8;1;Gamemaster;FAŁSZ;BRAK;BRAK;BRAK;BRAK;BRAK;BRAK;BRAK;BRAK;BRAK;BRAK;0;0;BRAK;BRAK;BRAK;BRAK;FAŁSZ;BRAK;BRAK;BRAK;;Mały zestaw naprawczy do pancerzy;300;FAŁSZ;5;5;BRAK;BRAK;BRAK;BRAK;15;20;20;0;0;5;;;;NIE;TAK;TAK;FAŁSZ
Czarna zbroja zwierzchnika Silden;BRAK;BRAK;FAŁSZ;Pancerz pomiędzy lekkim a średnim, delikatnie krępuje ruchy, ale pozwala na pływanie w wodzie. Po odegraniu może być ubrany bez niczyjej pomocy.;ITEM_CAT_ARMOR;ITEM_WEAR_TORSO;Armor;Armor;AdminArmor;armors;FAŁSZ;MIL_SILDEN_ZW_KOZA;-;ITAR_GS_FRAC_19;12;3;Gamemaster;FAŁSZ;BRAK;BRAK;BRAK;BRAK;BRAK;BRAK;BRAK;BRAK;BRAK;BRAK;0;0;BRAK;BRAK;BRAK;BRAK;FAŁSZ;BRAK;BRAK;BRAK;;Mały zestaw naprawczy do pancerzy;350;FAŁSZ;5;5;BRAK;BRAK;BRAK;BRAK;40;35;35;0;0;15;;;;NIE;TAK;TAK;FAŁSZ
Czerwona zbroja sołtysa Silden;BRAK;BRAK;FAŁSZ;Pancerz pomiędzy lekkim a średnim, delikatnie krępuje ruchy, ale pozwala na pływanie w wodzie. Po odegraniu może być ubrany bez niczyjej pomocy.;ITEM_CAT_ARMOR;ITEM_WEAR_TORSO;Armor;Armor;AdminArmor;armors;FAŁSZ;MIL_GELDERN_SO_KOZA;-;ITAR_GS_FRAC_20;12;3;Gamemaster;FAŁSZ;BRAK;BRAK;BRAK;BRAK;BRAK;BRAK;BRAK;BRAK;BRAK;BRAK;0;0;BRAK;BRAK;BRAK;BRAK;FAŁSZ;BRAK;BRAK;BRAK;;Mały zestaw naprawczy do pancerzy;350;FAŁSZ;5;5;BRAK;BRAK;BRAK;BRAK;40;35;35;0;0;15;;;;NIE;TAK;TAK;FAŁSZ
Niebieska zbroja sołtysa Silden;BRAK;BRAK;FAŁSZ;Średnio-ciężki pancerz, krępuje ruchy i uniemożliwia pływanie. Po szczegółowym odegraniu można go założyć samemu, ale zalecana jest pomoc.;ITEM_CAT_ARMOR;ITEM_WEAR_TORSO;Armor;Armor;AdminArmor;armors;FAŁSZ;MIL_SILDEN_SO_KOZA;-;ITAR_GS_FRAC_21;12;3;Gamemaster;FAŁSZ;BRAK;BRAK;BRAK;BRAK;BRAK;BRAK;BRAK;BRAK;BRAK;BRAK;0;0;BRAK;BRAK;BRAK;BRAK;FAŁSZ;BRAK;BRAK;BRAK;;Mały zestaw naprawczy do pancerzy;350;FAŁSZ;5;5;BRAK;BRAK;BRAK;BRAK;40;35;35;0;0;15;;;;NIE;TAK;TAK;FAŁSZ
Zbroja wartownika Silden;BRAK;BRAK;FAŁSZ;Pancerz pomiędzy lekkim a średnim, delikatnie krępuje ruchy, ale pozwala na pływanie w wodzie. Po odegraniu może być ubrany bez niczyjej pomocy.;ITEM_CAT_ARMOR;ITEM_WEAR_TORSO;Armor;Armor;AdminArmor;armors;FAŁSZ;MIL_SILDEN_W_KOZA;-;ITAR_GS_FRAC_23;14;3;Gamemaster;FAŁSZ;BRAK;BRAK;BRAK;BRAK;BRAK;BRAK;BRAK;BRAK;BRAK;BRAK;0;0;BRAK;BRAK;BRAK;BRAK;FAŁSZ;BRAK;BRAK;BRAK;;Mały zestaw naprawczy do pancerzy;350;FAŁSZ;5;5;BRAK;BRAK;BRAK;BRAK;35;40;40;0;0;15;;;;NIE;TAK;TAK;FAŁSZ
Zbroja zwiadowcy Silden;BRAK;BRAK;FAŁSZ;Ciężki pancerz, mocno krępuje ruchy i nie pozwala na pływanie w wodzie. Może być ubrany tylko z pomocą, po stosownym odegraniu.;ITEM_CAT_ARMOR;ITEM_WEAR_TORSO;Armor;Armor;AdminArmor;armors;FAŁSZ;MIL_SILDEN_Z_KOZA;-;ITAR_GS_FRAC_22;15;4;Gamemaster;FAŁSZ;BRAK;BRAK;BRAK;BRAK;BRAK;BRAK;BRAK;BRAK;BRAK;BRAK;0;0;BRAK;BRAK;BRAK;BRAK;FAŁSZ;BRAK;BRAK;BRAK;;Mały zestaw naprawczy do pancerzy;350;FAŁSZ;5;5;BRAK;BRAK;BRAK;BRAK;50;45;45;0;0;10;;;;NIE;TAK;TAK;FAŁSZ
Zbroja oficerów zwiadowców Silden;BRAK;BRAK;FAŁSZ;Średnio-ciężki pancerz, krępuje ruchy i uniemożliwia pływanie. Po szczegółowym odegraniu można go założyć samemu, ale zalecana jest pomoc.;ITEM_CAT_ARMOR;ITEM_WEAR_TORSO;Armor;Armor;AdminArmor;armors;FAŁSZ;MIL_SILDEN_Z2_KOZA;-;ITAR_GS_FRAC_24;15;5;Gamemaster;FAŁSZ;BRAK;BRAK;BRAK;BRAK;BRAK;BRAK;BRAK;BRAK;BRAK;BRAK;0;0;BRAK;BRAK;BRAK;BRAK;FAŁSZ;BRAK;BRAK;BRAK;;Mały zestaw naprawczy do pancerzy;350;FAŁSZ;5;5;BRAK;BRAK;BRAK;BRAK;60;65;65;0;0;0;;;;NIE;TAK;TAK;FAŁSZ
Pancerz hieny cmentarnej;BRAK;BRAK;FAŁSZ;Pancerz pomiędzy lekkim a średnim, delikatnie krępuje ruchy, ale pozwala na pływanie w wodzie. Po odegraniu może być ubrany bez niczyjej pomocy.;ITEM_CAT_ARMOR;ITEM_WEAR_TORSO;Armor;Armor;AdminArmor;armors;FAŁSZ;Armor_Arena_01.asc;-;ITAR_GS_FRAC_25;18;2;Gamemaster;FAŁSZ;BRAK;BRAK;BRAK;BRAK;BRAK;BRAK;BRAK;BRAK;BRAK;BRAK;0;0;BRAK;BRAK;BRAK;BRAK;FAŁSZ;BRAK;BRAK;BRAK;;Mały zestaw naprawczy do pancerzy;300;FAŁSZ;5;5;BRAK;BRAK;BRAK;BRAK;25;30;30;0;0;0;Płatnerz;Pancerz ciężki;;NIE;TAK;TAK;FAŁSZ
Ciężki pancerz awanturnika;BRAK;BRAK;FAŁSZ;Pancerz średni, nie pozwalający na swobodne pływanie w wodzie, a także krępujący ruchy.  Pancerz może być ubrany bez niczyjej pomocy, lecz wymaga to trochę wysiłku. (Wymagają stosownie szczegółowej narracji);ITEM_CAT_ARMOR;ITEM_WEAR_TORSO;Armor;Armor;AdminArmor;armors;FAŁSZ;GG_BanditArmor_Hasis.asc;-;ITAR_GS_FRAC_26;18;3;Gamemaster;FAŁSZ;BRAK;BRAK;BRAK;BRAK;BRAK;BRAK;BRAK;BRAK;BRAK;BRAK;0;0;BRAK;BRAK;BRAK;BRAK;FAŁSZ;BRAK;BRAK;BRAK;;Średni zestaw naprawczy do pancerzy;350;FAŁSZ;5;5;BRAK;BRAK;BRAK;BRAK;40;35;35;0;0;15;Płatnerz;Pancerz ciężki;;NIE;TAK;TAK;FAŁSZ
Pancerz grabieżcy;BRAK;BRAK;FAŁSZ;Ciężki pancerz, mocno krępuje ruchy i nie pozwala na pływanie w wodzie. Może być ubrany tylko z pomocą, po stosownym ogdegraniu.;ITEM_CAT_ARMOR;ITEM_WEAR_TORSO;Armor;Armor;AdminArmor;armors;FAŁSZ;GG_BanditArmor_H.asc;-;ITAR_GS_FRAC_27;25;4;Gamemaster;FAŁSZ;BRAK;BRAK;BRAK;BRAK;BRAK;BRAK;BRAK;BRAK;BRAK;BRAK;0;0;BRAK;BRAK;BRAK;BRAK;FAŁSZ;BRAK;BRAK;BRAK;;Średni zestaw naprawczy do pancerzy;350;FAŁSZ;5;5;BRAK;BRAK;BRAK;BRAK;45;50;50;0;0;0;Płatnerz;Pancerz ciężki;;NIE;TAK;TAK;FAŁSZ
Lekki pancerz łupieżcy;BRAK;BRAK;FAŁSZ;Pancerz pomiędzy lekkim a średnim, delikatnie krępuje ruchy, ale pozwala na pływanie w wodzie. Po odegraniu może być ubrany bez niczyjej pomocy.;ITEM_CAT_ARMOR;ITEM_WEAR_TORSO;Armor;Armor;AdminArmor;armors;FAŁSZ;Armor_Pir_01.asc;-;ITAR_GS_FRAC_28;18;2;Gamemaster;FAŁSZ;BRAK;BRAK;BRAK;BRAK;BRAK;BRAK;BRAK;BRAK;BRAK;BRAK;0;0;BRAK;BRAK;BRAK;BRAK;FAŁSZ;BRAK;BRAK;BRAK;;Mały zestaw naprawczy do pancerzy;300;FAŁSZ;5;5;BRAK;BRAK;BRAK;BRAK;25;30;30;0;0;0;Płatnerz;Pancerz ciężki;;NIE;TAK;TAK;FAŁSZ
Średni pancerz łupieżcy;BRAK;BRAK;FAŁSZ;Pancerz średni, nie pozwalający na swobodne pływanie w wodzie, a także krępujący ruchy.  Pancerz może być ubrany bez niczyjej pomocy, lecz wymaga to trochę wysiłku. (Wymagają stosownie szczegółowej narracji);ITEM_CAT_ARMOR;ITEM_WEAR_TORSO;Armor;Armor;AdminArmor;armors;FAŁSZ;Armor_Pir_02.asc;-;ITAR_GS_FRAC_29;18;3;Gamemaster;FAŁSZ;BRAK;BRAK;BRAK;BRAK;BRAK;BRAK;BRAK;BRAK;BRAK;BRAK;0;0;BRAK;BRAK;BRAK;BRAK;FAŁSZ;BRAK;BRAK;BRAK;;Średni zestaw naprawczy do pancerzy;350;FAŁSZ;5;5;BRAK;BRAK;BRAK;BRAK;40;35;35;0;0;15;Płatnerz;Pancerz ciężki;;NIE;TAK;TAK;FAŁSZ
Ciężki pancerz łupieżcy;BRAK;BRAK;FAŁSZ;Ciężki pancerz, mocno krępuje ruchy i nie pozwala na pływanie w wodzie. Może być ubrany tylko z pomocą, po stosownym ogdegraniu.;ITEM_CAT_ARMOR;ITEM_WEAR_TORSO;Armor;Armor;AdminArmor;armors;FAŁSZ;Armor_Pir_03.asc;-;ITAR_GS_FRAC_30;25;4;Gamemaster;FAŁSZ;BRAK;BRAK;BRAK;BRAK;BRAK;BRAK;BRAK;BRAK;BRAK;BRAK;0;0;BRAK;BRAK;BRAK;BRAK;FAŁSZ;BRAK;BRAK;BRAK;;Średni zestaw naprawczy do pancerzy;350;FAŁSZ;5;5;BRAK;BRAK;BRAK;BRAK;45;50;50;0;0;0;Płatnerz;Pancerz ciężki;;NIE;TAK;TAK;FAŁSZ
Pancerz elitarnego łupieżcy;BRAK;BRAK;FAŁSZ;Średnio-ciężki pancerz, krępuje ruchy i uniemożliwia pływanie. Po szczegółowym odegraniu można go założyć samemu, ale zalecana jest pomoc.;ITEM_CAT_ARMOR;ITEM_WEAR_TORSO;Armor;Armor;AdminArmor;armors;FAŁSZ;Armor_Pir_04.asc;-;ITAR_GS_FRAC_31;25;5;Gamemaster;FAŁSZ;BRAK;BRAK;BRAK;BRAK;BRAK;BRAK;BRAK;BRAK;BRAK;BRAK;0;0;BRAK;BRAK;BRAK;BRAK;FAŁSZ;BRAK;BRAK;BRAK;;Średni zestaw naprawczy do pancerzy;350;FAŁSZ;5;5;BRAK;BRAK;BRAK;BRAK;60;65;65;0;0;0;Płatnerz;Pancerz ciężki;;NIE;TAK;TAK;FAŁSZ
Decha do obrony;BRAK;BRAK;FAŁSZ;Decha do obrony;ITEM_CAT_NONE;ITEM_FLAG_SHIELD;Shield;Shield;AdminShield;shields;FAŁSZ;ITSH_DIV_SHIELD_WOOD_VERBESSERT_01;-;ITSH_GS_24;1;0;Gamemaster;FAŁSZ;BRAK;BRAK;BRAK;BRAK;BRAK;BRAK;BRAK;BRAK;BRAK;BRAK;0;0;BRAK;BRAK;BRAK;BRAK;FAŁSZ;BRAK;BRAK;BRAK;;Mały zestaw naprawczy do pancerzy;100;FAŁSZ;5;5;BRAK;BRAK;BRAK;BRAK;2;2;2;0;0;0;Płatnerz;Tarcze;;NIE;TAK;TAK;FAŁSZ
Tarcze De Lare;BRAK;BRAK;FAŁSZ;Drewniana tarcze De Lare;ITEM_CAT_NONE;ITEM_FLAG_SHIELD;Shield;Shield;AdminShield;shields;FAŁSZ;DE_LARE_SHIELD_WODDEN;-;ITSH_GS_24_1;1,5;0;Gamemaster;FAŁSZ;BRAK;BRAK;BRAK;BRAK;BRAK;BRAK;BRAK;BRAK;BRAK;BRAK;10;10;BRAK;BRAK;BRAK;BRAK;FAŁSZ;BRAK;BRAK;BRAK;;Mały zestaw naprawczy do pancerzy;150;FAŁSZ;5;5;BRAK;BRAK;BRAK;BRAK;2;2;2;0;0;0;Płatnerz;Tarcze;;NIE;TAK;TAK;FAŁSZ
Tarcza De Clare;BRAK;BRAK;FAŁSZ;Drewniana tarcza De Clare;ITEM_CAT_NONE;ITEM_FLAG_SHIELD;Shield;Shield;AdminShield;shields;FAŁSZ;DE_CLARE_SHIELD_WODDEN;-;ITSH_GS_24_2;1,5;0;Gamemaster;FAŁSZ;BRAK;BRAK;BRAK;BRAK;BRAK;BRAK;BRAK;BRAK;BRAK;BRAK;10;10;BRAK;BRAK;BRAK;BRAK;FAŁSZ;BRAK;BRAK;BRAK;;Mały zestaw naprawczy do pancerzy;150;FAŁSZ;5;5;BRAK;BRAK;BRAK;BRAK;2;2;2;0;0;0;Płatnerz;Tarcze;;NIE;TAK;TAK;FAŁSZ
Tarcza Wyndham;BRAK;BRAK;FAŁSZ;Drewniana tarcza Wyndham;ITEM_CAT_NONE;ITEM_FLAG_SHIELD;Shield;Shield;AdminShield;shields;FAŁSZ;LINK;-;ITSH_GS_25;1,5;0;Gamemaster;FAŁSZ;BRAK;BRAK;BRAK;BRAK;BRAK;BRAK;BRAK;BRAK;BRAK;BRAK;10;10;BRAK;BRAK;BRAK;BRAK;FAŁSZ;BRAK;BRAK;BRAK;;Mały zestaw naprawczy do pancerzy;150;FAŁSZ;5;5;BRAK;BRAK;BRAK;BRAK;2;2;2;0;0;0;Płatnerz;Tarcze;;NIE;TAK;TAK;FAŁSZ
Tarcza Van Moorendael;BRAK;BRAK;FAŁSZ;Drewniana tarcza Van Moorendael;ITEM_CAT_NONE;ITEM_FLAG_SHIELD;Shield;Shield;AdminShield;shields;FAŁSZ;VAN_MOORENDAEL_SHIELD_WODDEN;-;ITSH_GS_43;1,5;0;Gamemaster;FAŁSZ;BRAK;BRAK;BRAK;BRAK;BRAK;BRAK;BRAK;BRAK;BRAK;BRAK;10;10;BRAK;BRAK;BRAK;BRAK;FAŁSZ;BRAK;BRAK;BRAK;;Mały zestaw naprawczy do pancerzy;150;FAŁSZ;5;5;BRAK;BRAK;BRAK;BRAK;2;2;2;0;0;0;Płatnerz;Tarcze;;NIE;TAK;TAK;FAŁSZ
Tarcza Von Bruckenthal;BRAK;BRAK;FAŁSZ;Drewniana tarcza Von Bruckenthal;ITEM_CAT_NONE;ITEM_FLAG_SHIELD;Shield;Shield;AdminShield;shields;FAŁSZ;VON_BRUCKENTHAL_SHIELD_WODDEN;-;ITSH_GS_44;1,5;0;Gamemaster;FAŁSZ;BRAK;BRAK;BRAK;BRAK;BRAK;BRAK;BRAK;BRAK;BRAK;BRAK;10;10;BRAK;BRAK;BRAK;BRAK;FAŁSZ;BRAK;BRAK;BRAK;;Mały zestaw naprawczy do pancerzy;150;FAŁSZ;5;5;BRAK;BRAK;BRAK;BRAK;2;2;2;0;0;0;Płatnerz;Tarcze;;NIE;TAK;TAK;FAŁSZ
Tarcza Van de Graff;BRAK;BRAK;FAŁSZ;Drewniana tarcza Van de Graff;ITEM_CAT_NONE;ITEM_FLAG_SHIELD;Shield;Shield;AdminShield;shields;FAŁSZ;LINK;-;ITSH_GS_26;1,5;0;Gamemaster;FAŁSZ;BRAK;BRAK;BRAK;BRAK;BRAK;BRAK;BRAK;BRAK;BRAK;BRAK;10;10;BRAK;BRAK;BRAK;BRAK;FAŁSZ;BRAK;BRAK;BRAK;;Mały zestaw naprawczy do pancerzy;150;FAŁSZ;5;5;BRAK;BRAK;BRAK;BRAK;2;2;2;0;0;0;Płatnerz;Tarcze;;NIE;TAK;TAK;FAŁSZ
Tarcza Von Falkenrot;BRAK;BRAK;FAŁSZ;Drewniana tarcza Von Falkenrot;ITEM_CAT_NONE;ITEM_FLAG_SHIELD;Shield;Shield;AdminShield;shields;FAŁSZ;VON_FALKENROT_SHIELD_WODDEN;-;ITSH_GS_45;1,5;0;Gamemaster;FAŁSZ;BRAK;BRAK;BRAK;BRAK;BRAK;BRAK;BRAK;BRAK;BRAK;BRAK;10;10;BRAK;BRAK;BRAK;BRAK;FAŁSZ;BRAK;BRAK;BRAK;;Mały zestaw naprawczy do pancerzy;150;FAŁSZ;5;5;BRAK;BRAK;BRAK;BRAK;2;2;2;0;0;0;Płatnerz;Tarcze;;NIE;TAK;TAK;FAŁSZ
Tarcza Von Lindenthal;BRAK;BRAK;FAŁSZ;Drewniana tarcza Von Lindenthal;ITEM_CAT_NONE;ITEM_FLAG_SHIELD;Shield;Shield;AdminShield;shields;FAŁSZ;VON_LINDENTHAL_SHIELD_WODDEN;-;ITSH_GS_46;1,5;0;Gamemaster;FAŁSZ;BRAK;BRAK;BRAK;BRAK;BRAK;BRAK;BRAK;BRAK;BRAK;BRAK;10;10;BRAK;BRAK;BRAK;BRAK;FAŁSZ;BRAK;BRAK;BRAK;;Mały zestaw naprawczy do pancerzy;150;FAŁSZ;5;5;BRAK;BRAK;BRAK;BRAK;2;2;2;0;0;0;Płatnerz;Tarcze;;NIE;TAK;TAK;FAŁSZ
Tarcza Van Aelst;BRAK;BRAK;FAŁSZ;Drewniana tarcza Van Aelst;ITEM_CAT_NONE;ITEM_FLAG_SHIELD;Shield;Shield;AdminShield;shields;FAŁSZ;LINK;-;ITSH_GS_27;1,5;0;Gamemaster;FAŁSZ;BRAK;BRAK;BRAK;BRAK;BRAK;BRAK;BRAK;BRAK;BRAK;BRAK;10;10;BRAK;BRAK;BRAK;BRAK;FAŁSZ;BRAK;BRAK;BRAK;;Mały zestaw naprawczy do pancerzy;150;FAŁSZ;5;5;BRAK;BRAK;BRAK;BRAK;2;2;2;0;0;0;Płatnerz;Tarcze;;NIE;TAK;TAK;FAŁSZ
Tarcza Van Aerendaal;BRAK;BRAK;FAŁSZ;Drewniana tarcza Van Aerendaal;ITEM_CAT_NONE;ITEM_FLAG_SHIELD;Shield;Shield;AdminShield;shields;FAŁSZ;VAN_AERENDAAL_SHIELD_WODDEN;-;ITSH_GS_47;1,5;0;Gamemaster;FAŁSZ;BRAK;BRAK;BRAK;BRAK;BRAK;BRAK;BRAK;BRAK;BRAK;BRAK;10;10;BRAK;BRAK;BRAK;BRAK;FAŁSZ;BRAK;BRAK;BRAK;;Mały zestaw naprawczy do pancerzy;150;FAŁSZ;5;5;BRAK;BRAK;BRAK;BRAK;2;2;2;0;0;0;Płatnerz;Tarcze;;NIE;TAK;TAK;FAŁSZ
Tarcza De Fournelle;BRAK;BRAK;FAŁSZ;Drewniana tarcza De Fournelle;ITEM_CAT_NONE;ITEM_FLAG_SHIELD;Shield;Shield;AdminShield;shields;FAŁSZ;DE_FOURNELLE_SHIELD_WODDEN;-;ITSH_GS_48;1,5;0;Gamemaster;FAŁSZ;BRAK;BRAK;BRAK;BRAK;BRAK;BRAK;BRAK;BRAK;BRAK;BRAK;10;10;BRAK;BRAK;BRAK;BRAK;FAŁSZ;BRAK;BRAK;BRAK;;Mały zestaw naprawczy do pancerzy;150;FAŁSZ;5;5;BRAK;BRAK;BRAK;BRAK;2;2;2;0;0;0;Płatnerz;Tarcze;;NIE;TAK;TAK;FAŁSZ
Tarcza De Vingemont;BRAK;BRAK;FAŁSZ;Drewniana tarcza De Vingemont;ITEM_CAT_NONE;ITEM_FLAG_SHIELD;Shield;Shield;AdminShield;shields;FAŁSZ;LINK;-;ITSH_GS_28;1,5;0;Gamemaster;FAŁSZ;BRAK;BRAK;BRAK;BRAK;BRAK;BRAK;BRAK;BRAK;BRAK;BRAK;10;10;BRAK;BRAK;BRAK;BRAK;FAŁSZ;BRAK;BRAK;BRAK;;Mały zestaw naprawczy do pancerzy;150;FAŁSZ;5;5;BRAK;BRAK;BRAK;BRAK;2;2;2;0;0;0;Płatnerz;Tarcze;;NIE;TAK;TAK;FAŁSZ
Tarcza De Montreuil;BRAK;BRAK;FAŁSZ;Drewniana tarcza De Montreuil;ITEM_CAT_NONE;ITEM_FLAG_SHIELD;Shield;Shield;AdminShield;shields;FAŁSZ;DE_MONTREUIL_SHIELD_WODDEN;-;ITSH_GS_49;1,5;0;Gamemaster;FAŁSZ;BRAK;BRAK;BRAK;BRAK;BRAK;BRAK;BRAK;BRAK;BRAK;BRAK;10;10;BRAK;BRAK;BRAK;BRAK;FAŁSZ;BRAK;BRAK;BRAK;;Mały zestaw naprawczy do pancerzy;150;FAŁSZ;5;5;BRAK;BRAK;BRAK;BRAK;2;2;2;0;0;0;Płatnerz;Tarcze;;NIE;TAK;TAK;FAŁSZ
Tarcze De Rochefort;BRAK;BRAK;FAŁSZ;Drewniana tarcze De Rochefort;ITEM_CAT_NONE;ITEM_FLAG_SHIELD;Shield;Shield;AdminShield;shields;FAŁSZ;DE_ROCHEFORT_SHIELD_WODDEN;-;ITSH_GS_50;1,5;0;Gamemaster;FAŁSZ;BRAK;BRAK;BRAK;BRAK;BRAK;BRAK;BRAK;BRAK;BRAK;BRAK;10;10;BRAK;BRAK;BRAK;BRAK;FAŁSZ;BRAK;BRAK;BRAK;;Mały zestaw naprawczy do pancerzy;150;FAŁSZ;5;5;BRAK;BRAK;BRAK;BRAK;2;2;2;0;0;0;Płatnerz;Tarcze;;NIE;TAK;TAK;FAŁSZ
Tarcza De Aranda;BRAK;BRAK;FAŁSZ;Drewniana tarcza De Aranda;ITEM_CAT_NONE;ITEM_FLAG_SHIELD;Shield;Shield;AdminShield;shields;FAŁSZ;LINK;-;ITSH_GS_29;1,5;0;Gamemaster;FAŁSZ;BRAK;BRAK;BRAK;BRAK;BRAK;BRAK;BRAK;BRAK;BRAK;BRAK;10;10;BRAK;BRAK;BRAK;BRAK;FAŁSZ;BRAK;BRAK;BRAK;;Mały zestaw naprawczy do pancerzy;150;FAŁSZ;5;5;BRAK;BRAK;BRAK;BRAK;2;2;2;0;0;0;Płatnerz;Tarcze;;NIE;TAK;TAK;FAŁSZ
Tarcza De Trevelez;BRAK;BRAK;FAŁSZ;Drewniana tarcza De Trevelez;ITEM_CAT_NONE;ITEM_FLAG_SHIELD;Shield;Shield;AdminShield;shields;FAŁSZ;DE_TREVELEZ_SHIELD_WODDEN;-;ITSH_GS_51;1,5;0;Gamemaster;FAŁSZ;BRAK;BRAK;BRAK;BRAK;BRAK;BRAK;BRAK;BRAK;BRAK;BRAK;10;10;BRAK;BRAK;BRAK;BRAK;FAŁSZ;BRAK;BRAK;BRAK;;Mały zestaw naprawczy do pancerzy;150;FAŁSZ;5;5;BRAK;BRAK;BRAK;BRAK;2;2;2;0;0;0;Płatnerz;Tarcze;;NIE;TAK;TAK;FAŁSZ
Tarcza Della Sorella;BRAK;BRAK;FAŁSZ;Drewniana tarcza Della Sorella;ITEM_CAT_NONE;ITEM_FLAG_SHIELD;Shield;Shield;AdminShield;shields;FAŁSZ;DELLA_SORELLA_SHIELD_WODDEN;-;ITSH_GS_52;1,5;0;Gamemaster;FAŁSZ;BRAK;BRAK;BRAK;BRAK;BRAK;BRAK;BRAK;BRAK;BRAK;BRAK;10;10;BRAK;BRAK;BRAK;BRAK;FAŁSZ;BRAK;BRAK;BRAK;;Mały zestaw naprawczy do pancerzy;150;FAŁSZ;5;5;BRAK;BRAK;BRAK;BRAK;2;2;2;0;0;0;Płatnerz;Tarcze;;NIE;TAK;TAK;FAŁSZ
Tarcza Chevalier de Noirval;BRAK;BRAK;FAŁSZ;Drewniana tarcza Chevalier de Noirval;ITEM_CAT_NONE;ITEM_FLAG_SHIELD;Shield;Shield;AdminShield;shields;FAŁSZ;LINK;-;ITSH_GS_30;1,5;0;Gamemaster;FAŁSZ;BRAK;BRAK;BRAK;BRAK;BRAK;BRAK;BRAK;BRAK;BRAK;BRAK;10;10;BRAK;BRAK;BRAK;BRAK;FAŁSZ;BRAK;BRAK;BRAK;;Mały zestaw naprawczy do pancerzy;150;FAŁSZ;5;5;BRAK;BRAK;BRAK;BRAK;2;2;2;0;0;0;Płatnerz;Tarcze;;NIE;TAK;TAK;FAŁSZ
Tarcza Di Rosavero;BRAK;BRAK;FAŁSZ;Drewniana tarcza Di Rosavero;ITEM_CAT_NONE;ITEM_FLAG_SHIELD;Shield;Shield;AdminShield;shields;FAŁSZ;DI_ROSAVERO_SHIELD_WODDEN;-;ITSH_GS_53;1,5;0;Gamemaster;FAŁSZ;BRAK;BRAK;BRAK;BRAK;BRAK;BRAK;BRAK;BRAK;BRAK;BRAK;10;10;BRAK;BRAK;BRAK;BRAK;FAŁSZ;BRAK;BRAK;BRAK;;Mały zestaw naprawczy do pancerzy;150;FAŁSZ;5;5;BRAK;BRAK;BRAK;BRAK;2;2;2;0;0;0;Płatnerz;Tarcze;;NIE;TAK;TAK;FAŁSZ
Tarcza Du Marquant;BRAK;BRAK;FAŁSZ;Drewniana tarcza Du Marquant;ITEM_CAT_NONE;ITEM_FLAG_SHIELD;Shield;Shield;AdminShield;shields;FAŁSZ;DU_MARQUANT_SHIELD_WODDEN;-;ITSH_GS_54;1,5;0;Gamemaster;FAŁSZ;BRAK;BRAK;BRAK;BRAK;BRAK;BRAK;BRAK;BRAK;BRAK;BRAK;10;10;BRAK;BRAK;BRAK;BRAK;FAŁSZ;BRAK;BRAK;BRAK;;Mały zestaw naprawczy do pancerzy;150;FAŁSZ;5;5;BRAK;BRAK;BRAK;BRAK;2;2;2;0;0;0;Płatnerz;Tarcze;;NIE;TAK;TAK;FAŁSZ
Tarcza Conto di Falconi;BRAK;BRAK;FAŁSZ;Drewniana tarcza Conto di Falconi;ITEM_CAT_NONE;ITEM_FLAG_SHIELD;Shield;Shield;AdminShield;shields;FAŁSZ;LINK;-;ITSH_GS_31;1,5;0;Gamemaster;FAŁSZ;BRAK;BRAK;BRAK;BRAK;BRAK;BRAK;BRAK;BRAK;BRAK;BRAK;10;10;BRAK;BRAK;BRAK;BRAK;FAŁSZ;BRAK;BRAK;BRAK;;Mały zestaw naprawczy do pancerzy;150;FAŁSZ;5;5;BRAK;BRAK;BRAK;BRAK;2;2;2;0;0;0;Płatnerz;Tarcze;;NIE;TAK;TAK;FAŁSZ
Tarcza De Brevillac;BRAK;BRAK;FAŁSZ;Drewniana tarcza De Brevillac;ITEM_CAT_NONE;ITEM_FLAG_SHIELD;Shield;Shield;AdminShield;shields;FAŁSZ;DE_BREVILLAC_SHIELD_WODDEN;-;ITSH_GS_55;1,5;0;Gamemaster;FAŁSZ;BRAK;BRAK;BRAK;BRAK;BRAK;BRAK;BRAK;BRAK;BRAK;BRAK;10;10;BRAK;BRAK;BRAK;BRAK;FAŁSZ;BRAK;BRAK;BRAK;;Mały zestaw naprawczy do pancerzy;150;FAŁSZ;5;5;BRAK;BRAK;BRAK;BRAK;2;2;2;0;0;0;Płatnerz;Tarcze;;NIE;TAK;TAK;FAŁSZ
Tarcza De Castroviejo;BRAK;BRAK;FAŁSZ;Drewniana tarcza De Castroviejo;ITEM_CAT_NONE;ITEM_FLAG_SHIELD;Shield;Shield;AdminShield;shields;FAŁSZ;DE_CASTROVIEJO_SHIELD_WODDEN;-;ITSH_GS_56;1,5;0;Gamemaster;FAŁSZ;BRAK;BRAK;BRAK;BRAK;BRAK;BRAK;BRAK;BRAK;BRAK;BRAK;10;10;BRAK;BRAK;BRAK;BRAK;FAŁSZ;BRAK;BRAK;BRAK;;Mały zestaw naprawczy do pancerzy;150;FAŁSZ;5;5;BRAK;BRAK;BRAK;BRAK;2;2;2;0;0;0;Płatnerz;Tarcze;;NIE;TAK;TAK;FAŁSZ
Tarcza De Valcour;BRAK;BRAK;FAŁSZ;Drewniana tarcza De Valcour;ITEM_CAT_NONE;ITEM_FLAG_SHIELD;Shield;Shield;AdminShield;shields;FAŁSZ;DE_VALCOUR_SHIELD_WODDEN;-;ITSH_GS_57;1,5;0;Gamemaster;FAŁSZ;BRAK;BRAK;BRAK;BRAK;BRAK;BRAK;BRAK;BRAK;BRAK;BRAK;10;10;BRAK;BRAK;BRAK;BRAK;FAŁSZ;BRAK;BRAK;BRAK;;Mały zestaw naprawczy do pancerzy;150;FAŁSZ;5;5;BRAK;BRAK;BRAK;BRAK;2;2;2;0;0;0;Płatnerz;Tarcze;;NIE;TAK;TAK;FAŁSZ
Drewniana tarcza du Garlande;BRAK;BRAK;FAŁSZ;Drewniana tarcza du Garlande;ITEM_CAT_NONE;ITEM_FLAG_SHIELD;Shield;Shield;AdminShield;shields;FAŁSZ;DE_VALCOUR_SHIELD_WODDEN;-;ITSH_GS_73;1,5;0;Gamemaster;FAŁSZ;BRAK;BRAK;BRAK;BRAK;BRAK;BRAK;BRAK;BRAK;BRAK;BRAK;10;10;BRAK;BRAK;BRAK;BRAK;FAŁSZ;BRAK;BRAK;BRAK;;Mały zestaw naprawczy do pancerzy;150;FAŁSZ;5;5;BRAK;BRAK;BRAK;BRAK;2;2;2;0;0;0;;;;;;;FAŁSZ
Drewniana tarcza Gertz;BRAK;BRAK;FAŁSZ;Drewniana tarcza Gertz;ITEM_CAT_NONE;ITEM_FLAG_SHIELD;Shield;Shield;AdminShield;shields;FAŁSZ;DE_VALCOUR_SHIELD_WODDEN;-;ITSH_GS_75;1,5;0;Gamemaster;FAŁSZ;BRAK;BRAK;BRAK;BRAK;BRAK;BRAK;BRAK;BRAK;BRAK;BRAK;10;10;BRAK;BRAK;BRAK;BRAK;FAŁSZ;BRAK;BRAK;BRAK;;Mały zestaw naprawczy do pancerzy;150;FAŁSZ;5;5;BRAK;BRAK;BRAK;BRAK;2;2;2;0;0;0;;;;;;;FAŁSZ
Tarcza Harbard;BRAK;BRAK;FAŁSZ;Tarcza Harbard;ITEM_CAT_NONE;ITEM_FLAG_SHIELD;Shield;Shield;AdminShield;shields;FAŁSZ;DE_VALCOUR_SHIELD_WODDEN;-;ITSH_GS_77;1,5;0;Gamemaster;FAŁSZ;BRAK;BRAK;BRAK;BRAK;BRAK;BRAK;BRAK;BRAK;BRAK;BRAK;10;10;BRAK;BRAK;BRAK;BRAK;FAŁSZ;BRAK;BRAK;BRAK;;Mały zestaw naprawczy do pancerzy;150;FAŁSZ;5;5;BRAK;BRAK;BRAK;BRAK;2;2;2;0;0;0;;;;;;;FAŁSZ
Tarcza do pogromów;BRAK;BRAK;FAŁSZ;Tarcza do pogromów;ITEM_CAT_NONE;ITEM_FLAG_SHIELD;Shield;Shield;AdminShield;shields;FAŁSZ;ITSH_DIV_SHIELD_TURMSCHILD_01;-;ITSH_GS_32;2;0;Gamemaster;FAŁSZ;BRAK;BRAK;BRAK;BRAK;BRAK;BRAK;BRAK;BRAK;BRAK;BRAK;0;0;BRAK;BRAK;BRAK;BRAK;FAŁSZ;BRAK;BRAK;BRAK;;Mały zestaw naprawczy do pancerzy;150;FAŁSZ;5;5;BRAK;BRAK;BRAK;BRAK;4;4;4;0;0;0;Płatnerz;Tarcze;ITSH_DIV_SHIELD_TURMSCHILD_01.3ds;TAK;TAK;TAK;FAŁSZ
Księżycowa tarcza;BRAK;BRAK;FAŁSZ;Księżycowa tarcza;ITEM_CAT_NONE;ITEM_FLAG_SHIELD;Shield;Shield;AdminShield;shields;FAŁSZ;ITSH_SHIELD_A_FENCING;-;ITSH_GS_33;2;0;Gamemaster;FAŁSZ;BRAK;BRAK;BRAK;BRAK;BRAK;BRAK;BRAK;BRAK;BRAK;BRAK;20;20;BRAK;BRAK;BRAK;BRAK;FAŁSZ;BRAK;BRAK;BRAK;;Mały zestaw naprawczy do pancerzy;150;FAŁSZ;5;5;BRAK;BRAK;BRAK;BRAK;4;4;4;0;0;0;Płatnerz;Tarcze;ITSH_SHIELD_A_FENCING.3ds;TAK;TAK;TAK;FAŁSZ
Stara tarcza paladyna;BRAK;BRAK;FAŁSZ;Stara tarcza paladyna;ITEM_CAT_NONE;ITEM_FLAG_SHIELD;Shield;Shield;AdminShield;shields;FAŁSZ;ITSH_SHIELD_A_PALADIN_OLD;-;ITSH_GS_34;3;0;Gamemaster;FAŁSZ;BRAK;BRAK;BRAK;BRAK;BRAK;BRAK;BRAK;BRAK;BRAK;BRAK;35;35;BRAK;BRAK;BRAK;BRAK;FAŁSZ;BRAK;BRAK;BRAK;;Mały zestaw naprawczy do pancerzy;200;FAŁSZ;5;5;BRAK;BRAK;BRAK;BRAK;6;6;6;0;0;0;Płatnerz;Tarcze;ITSH_SHIELD_A_PALADIN_OLD.3ds;TAK;TAK;TAK;FAŁSZ
Stalowa tarcza De Lare;BRAK;BRAK;FAŁSZ;Stalowa tarcza De Lare;ITEM_CAT_NONE;ITEM_FLAG_SHIELD;Shield;Shield;AdminShield;shields;FAŁSZ;DE_LARE_SHIELD_IRON;-;ITSH_GS_35;2,5;3;Gamemaster;FAŁSZ;BRAK;BRAK;BRAK;BRAK;BRAK;BRAK;BRAK;BRAK;BRAK;BRAK;20;20;BRAK;BRAK;BRAK;BRAK;FAŁSZ;BRAK;BRAK;BRAK;;Średni zestaw naprawczy do pancerzy;200;PRAWDA;5;5;BRAK;BRAK;BRAK;BRAK;6;6;6;0;0;0;Płatnerz;Tarcze;;NIE;NIE;TAK;FAŁSZ
Stalowa tarcza De Clare;BRAK;BRAK;FAŁSZ;Stalowa tarcza De Clare;ITEM_CAT_NONE;ITEM_FLAG_SHIELD;Shield;Shield;AdminShield;shields;FAŁSZ;DE_CLARE_SHIELD_IRON;-;ITSH_GS_36;2,5;3;Gamemaster;FAŁSZ;BRAK;BRAK;BRAK;BRAK;BRAK;BRAK;BRAK;BRAK;BRAK;BRAK;20;20;BRAK;BRAK;BRAK;BRAK;FAŁSZ;BRAK;BRAK;BRAK;;Średni zestaw naprawczy do pancerzy;200;PRAWDA;5;5;BRAK;BRAK;BRAK;BRAK;6;6;6;0;0;0;Płatnerz;Tarcze;;NIE;NIE;TAK;FAŁSZ
Stalowa tarcza De Wyndyham;BRAK;BRAK;FAŁSZ;Stalowa tarcza De Wyndyham;ITEM_CAT_NONE;ITEM_FLAG_SHIELD;Shield;Shield;AdminShield;shields;FAŁSZ;DE_WYNDYHAM_SHIELD_IRON;-;ITSH_GS_37;2,5;3;Gamemaster;FAŁSZ;BRAK;BRAK;BRAK;BRAK;BRAK;BRAK;BRAK;BRAK;BRAK;BRAK;20;20;BRAK;BRAK;BRAK;BRAK;FAŁSZ;BRAK;BRAK;BRAK;;Średni zestaw naprawczy do pancerzy;200;PRAWDA;5;5;BRAK;BRAK;BRAK;BRAK;6;6;6;0;0;0;Płatnerz;Tarcze;;NIE;NIE;TAK;FAŁSZ
Stalowa tarcza Van Aelst;BRAK;BRAK;FAŁSZ;Stalowa tarcza Van Aelst;ITEM_CAT_NONE;ITEM_FLAG_SHIELD;Shield;Shield;AdminShield;shields;FAŁSZ;VAN_AELST_SHIELD_IRON;-;ITSH_GS_38;2,5;3;Gamemaster;FAŁSZ;BRAK;BRAK;BRAK;BRAK;BRAK;BRAK;BRAK;BRAK;BRAK;BRAK;20;20;BRAK;BRAK;BRAK;BRAK;FAŁSZ;BRAK;BRAK;BRAK;;Średni zestaw naprawczy do pancerzy;200;PRAWDA;5;5;BRAK;BRAK;BRAK;BRAK;6;6;6;0;0;0;Płatnerz;Tarcze;;NIE;NIE;TAK;FAŁSZ
Stalowa tarcza De Vingemont;BRAK;BRAK;FAŁSZ;Stalowa tarcza De Vingemont;ITEM_CAT_NONE;ITEM_FLAG_SHIELD;Shield;Shield;AdminShield;shields;FAŁSZ;DE_VINGEMONT;-;ITSH_GS_39;2,5;3;Gamemaster;FAŁSZ;BRAK;BRAK;BRAK;BRAK;BRAK;BRAK;BRAK;BRAK;BRAK;BRAK;20;20;BRAK;BRAK;BRAK;BRAK;FAŁSZ;BRAK;BRAK;BRAK;;Średni zestaw naprawczy do pancerzy;200;PRAWDA;5;5;BRAK;BRAK;BRAK;BRAK;6;6;6;0;0;0;Płatnerz;Tarcze;;NIE;NIE;TAK;FAŁSZ
Stalowa tarcza Van De Graff;BRAK;BRAK;FAŁSZ;Stalowa tarcza Van De Graff;ITEM_CAT_NONE;ITEM_FLAG_SHIELD;Shield;Shield;AdminShield;shields;FAŁSZ;VAN_DE_GRAFF_SHIELD_IRON;-;ITSH_GS_40;2,5;3;Gamemaster;FAŁSZ;BRAK;BRAK;BRAK;BRAK;BRAK;BRAK;BRAK;BRAK;BRAK;BRAK;20;20;BRAK;BRAK;BRAK;BRAK;FAŁSZ;BRAK;BRAK;BRAK;;Średni zestaw naprawczy do pancerzy;200;PRAWDA;5;5;BRAK;BRAK;BRAK;BRAK;6;6;6;0;0;0;Płatnerz;Tarcze;;NIE;NIE;TAK;FAŁSZ
Stalowa tarcza Chevalier Ed Noirval;BRAK;BRAK;FAŁSZ;Stalowa tarcza Chevalier Ed Noirval;ITEM_CAT_NONE;ITEM_FLAG_SHIELD;Shield;Shield;AdminShield;shields;FAŁSZ;CHEVALIER_ED_NOIRVAL_SHIELD_IRON;-;ITSH_GS_41;2,5;3;Gamemaster;FAŁSZ;BRAK;BRAK;BRAK;BRAK;BRAK;BRAK;BRAK;BRAK;BRAK;BRAK;20;20;BRAK;BRAK;BRAK;BRAK;FAŁSZ;BRAK;BRAK;BRAK;;Średni zestaw naprawczy do pancerzy;200;PRAWDA;5;5;BRAK;BRAK;BRAK;BRAK;6;6;6;0;0;0;Płatnerz;Tarcze;;NIE;NIE;TAK;FAŁSZ
Stalowa tarcza De Aranda;BRAK;BRAK;FAŁSZ;Stalowa tarcza De Aranda;ITEM_CAT_NONE;ITEM_FLAG_SHIELD;Shield;Shield;AdminShield;shields;FAŁSZ;FLAG_DE_ARANDA_SHIELD_IRON;-;ITSH_GS_42;2,5;3;Gamemaster;FAŁSZ;BRAK;BRAK;BRAK;BRAK;BRAK;BRAK;BRAK;BRAK;BRAK;BRAK;20;20;BRAK;BRAK;BRAK;BRAK;FAŁSZ;BRAK;BRAK;BRAK;;Średni zestaw naprawczy do pancerzy;200;PRAWDA;5;5;BRAK;BRAK;BRAK;BRAK;6;6;6;0;0;0;Płatnerz;Tarcze;;NIE;NIE;TAK;FAŁSZ
Stalowa tarcza Van Moorendael;BRAK;BRAK;FAŁSZ;Stalowa tarcza Van Moorendael;ITEM_CAT_NONE;ITEM_FLAG_SHIELD;Shield;Shield;AdminShield;shields;FAŁSZ;VAN_MOORENDAEL_SHIELD_IRON;-;ITSH_GS_58;2,5;3;Gamemaster;FAŁSZ;BRAK;BRAK;BRAK;BRAK;BRAK;BRAK;BRAK;BRAK;BRAK;BRAK;20;20;BRAK;BRAK;BRAK;BRAK;FAŁSZ;BRAK;BRAK;BRAK;;Średni zestaw naprawczy do pancerzy;200;PRAWDA;5;5;BRAK;BRAK;BRAK;BRAK;6;6;6;0;0;0;Płatnerz;Tarcze;;NIE;NIE;TAK;FAŁSZ
Stalowa tarcza Von Bruckenthal;BRAK;BRAK;FAŁSZ;Stalowa tarcza Von Bruckenthal;ITEM_CAT_NONE;ITEM_FLAG_SHIELD;Shield;Shield;AdminShield;shields;FAŁSZ;VON_BRUCKENTHAL_SHIELD_IRON;-;ITSH_GS_59;2,5;3;Gamemaster;FAŁSZ;BRAK;BRAK;BRAK;BRAK;BRAK;BRAK;BRAK;BRAK;BRAK;BRAK;20;20;BRAK;BRAK;BRAK;BRAK;FAŁSZ;BRAK;BRAK;BRAK;;Średni zestaw naprawczy do pancerzy;200;PRAWDA;5;5;BRAK;BRAK;BRAK;BRAK;6;6;6;0;0;0;Płatnerz;Tarcze;;NIE;NIE;TAK;FAŁSZ
Stalowa tarcza Von Falkenrot;BRAK;BRAK;FAŁSZ;Stalowa tarcza Von Falkenrot;ITEM_CAT_NONE;ITEM_FLAG_SHIELD;Shield;Shield;AdminShield;shields;FAŁSZ;VON_FALKENROT_SHIELD_IRON;-;ITSH_GS_60;2,5;3;Gamemaster;FAŁSZ;BRAK;BRAK;BRAK;BRAK;BRAK;BRAK;BRAK;BRAK;BRAK;BRAK;20;20;BRAK;BRAK;BRAK;BRAK;FAŁSZ;BRAK;BRAK;BRAK;;Średni zestaw naprawczy do pancerzy;200;PRAWDA;5;5;BRAK;BRAK;BRAK;BRAK;6;6;6;0;0;0;Płatnerz;Tarcze;;NIE;NIE;TAK;FAŁSZ
Stalowa tarcza Von Lindenthal;BRAK;BRAK;FAŁSZ;Stalowa tarcza Von Lindenthal;ITEM_CAT_NONE;ITEM_FLAG_SHIELD;Shield;Shield;AdminShield;shields;FAŁSZ;VON_LINDENTHAL_SHIELD_IRON;-;ITSH_GS_61;2,5;3;Gamemaster;FAŁSZ;BRAK;BRAK;BRAK;BRAK;BRAK;BRAK;BRAK;BRAK;BRAK;BRAK;20;20;BRAK;BRAK;BRAK;BRAK;FAŁSZ;BRAK;BRAK;BRAK;;Średni zestaw naprawczy do pancerzy;200;PRAWDA;5;5;BRAK;BRAK;BRAK;BRAK;6;6;6;0;0;0;Płatnerz;Tarcze;;NIE;NIE;TAK;FAŁSZ
Stalowa tarcza Van Aerendaal;BRAK;BRAK;FAŁSZ;Stalowa tarcza Van Aerendaal;ITEM_CAT_NONE;ITEM_FLAG_SHIELD;Shield;Shield;AdminShield;shields;FAŁSZ;VAN_AERENDAAL_SHIELD_IRON;-;ITSH_GS_62;2,5;3;Gamemaster;FAŁSZ;BRAK;BRAK;BRAK;BRAK;BRAK;BRAK;BRAK;BRAK;BRAK;BRAK;20;20;BRAK;BRAK;BRAK;BRAK;FAŁSZ;BRAK;BRAK;BRAK;;Średni zestaw naprawczy do pancerzy;200;PRAWDA;5;5;BRAK;BRAK;BRAK;BRAK;6;6;6;0;0;0;Płatnerz;Tarcze;;NIE;NIE;TAK;FAŁSZ
Stalowa tarcza De Fournelle;BRAK;BRAK;FAŁSZ;Stalowa tarcza De Fournelle;ITEM_CAT_NONE;ITEM_FLAG_SHIELD;Shield;Shield;AdminShield;shields;FAŁSZ;DE_FOURNELLE_SHIELD_IRON;-;ITSH_GS_63;2,5;3;Gamemaster;FAŁSZ;BRAK;BRAK;BRAK;BRAK;BRAK;BRAK;BRAK;BRAK;BRAK;BRAK;20;20;BRAK;BRAK;BRAK;BRAK;FAŁSZ;BRAK;BRAK;BRAK;;Średni zestaw naprawczy do pancerzy;200;PRAWDA;5;5;BRAK;BRAK;BRAK;BRAK;6;6;6;0;0;0;Płatnerz;Tarcze;;NIE;NIE;TAK;FAŁSZ
Stalowa tarcza De Montreuil;BRAK;BRAK;FAŁSZ;Stalowa tarcza De Montreuil;ITEM_CAT_NONE;ITEM_FLAG_SHIELD;Shield;Shield;AdminShield;shields;FAŁSZ;DE_MONTREUIL_SHIELD_IRON;-;ITSH_GS_64;2,5;3;Gamemaster;FAŁSZ;BRAK;BRAK;BRAK;BRAK;BRAK;BRAK;BRAK;BRAK;BRAK;BRAK;20;20;BRAK;BRAK;BRAK;BRAK;FAŁSZ;BRAK;BRAK;BRAK;;Średni zestaw naprawczy do pancerzy;200;PRAWDA;5;5;BRAK;BRAK;BRAK;BRAK;6;6;6;0;0;0;Płatnerz;Tarcze;;NIE;NIE;TAK;FAŁSZ
Stalowa tarcze De Rochefort;BRAK;BRAK;FAŁSZ;Stalowa tarcze De Rochefort;ITEM_CAT_NONE;ITEM_FLAG_SHIELD;Shield;Shield;AdminShield;shields;FAŁSZ;DE_ROCHEFORT_SHIELD_IRON;-;ITSH_GS_65;2,5;3;Gamemaster;FAŁSZ;BRAK;BRAK;BRAK;BRAK;BRAK;BRAK;BRAK;BRAK;BRAK;BRAK;20;20;BRAK;BRAK;BRAK;BRAK;FAŁSZ;BRAK;BRAK;BRAK;;Średni zestaw naprawczy do pancerzy;200;PRAWDA;5;5;BRAK;BRAK;BRAK;BRAK;6;6;6;0;0;0;Płatnerz;Tarcze;;NIE;NIE;TAK;FAŁSZ
Stalowa tarcza De Trevelez;BRAK;BRAK;FAŁSZ;Stalowa tarcza De Trevelez;ITEM_CAT_NONE;ITEM_FLAG_SHIELD;Shield;Shield;AdminShield;shields;FAŁSZ;DE_TREVELEZ_SHIELD_IRON;-;ITSH_GS_66;2,5;3;Gamemaster;FAŁSZ;BRAK;BRAK;BRAK;BRAK;BRAK;BRAK;BRAK;BRAK;BRAK;BRAK;20;20;BRAK;BRAK;BRAK;BRAK;FAŁSZ;BRAK;BRAK;BRAK;;Średni zestaw naprawczy do pancerzy;200;PRAWDA;5;5;BRAK;BRAK;BRAK;BRAK;6;6;6;0;0;0;Płatnerz;Tarcze;;NIE;NIE;TAK;FAŁSZ
Stalowa tarcza Della Sorella;BRAK;BRAK;FAŁSZ;Stalowa tarcza Della Sorella;ITEM_CAT_NONE;ITEM_FLAG_SHIELD;Shield;Shield;AdminShield;shields;FAŁSZ;DELLA_SORELLA_SHIELD_IRON;-;ITSH_GS_67;2,5;3;Gamemaster;FAŁSZ;BRAK;BRAK;BRAK;BRAK;BRAK;BRAK;BRAK;BRAK;BRAK;BRAK;20;20;BRAK;BRAK;BRAK;BRAK;FAŁSZ;BRAK;BRAK;BRAK;;Średni zestaw naprawczy do pancerzy;200;PRAWDA;5;5;BRAK;BRAK;BRAK;BRAK;6;6;6;0;0;0;Płatnerz;Tarcze;;NIE;NIE;TAK;FAŁSZ
Stalowa tarcza Di Rosavero;BRAK;BRAK;FAŁSZ;Stalowa tarcza Di Rosavero;ITEM_CAT_NONE;ITEM_FLAG_SHIELD;Shield;Shield;AdminShield;shields;FAŁSZ;DI_ROSAVERO_SHIELD_IRON;-;ITSH_GS_68;2,5;3;Gamemaster;FAŁSZ;BRAK;BRAK;BRAK;BRAK;BRAK;BRAK;BRAK;BRAK;BRAK;BRAK;20;20;BRAK;BRAK;BRAK;BRAK;FAŁSZ;BRAK;BRAK;BRAK;;Średni zestaw naprawczy do pancerzy;200;PRAWDA;5;5;BRAK;BRAK;BRAK;BRAK;6;6;6;0;0;0;Płatnerz;Tarcze;;NIE;NIE;TAK;FAŁSZ
Stalowa tarcza Du Marquant;BRAK;BRAK;FAŁSZ;Stalowa tarcza Du Marquant;ITEM_CAT_NONE;ITEM_FLAG_SHIELD;Shield;Shield;AdminShield;shields;FAŁSZ;DU_MARQUANT_SHIELD_IRON;-;ITSH_GS_69;2,5;3;Gamemaster;FAŁSZ;BRAK;BRAK;BRAK;BRAK;BRAK;BRAK;BRAK;BRAK;BRAK;BRAK;20;20;BRAK;BRAK;BRAK;BRAK;FAŁSZ;BRAK;BRAK;BRAK;;Średni zestaw naprawczy do pancerzy;200;PRAWDA;5;5;BRAK;BRAK;BRAK;BRAK;6;6;6;0;0;0;Płatnerz;Tarcze;;NIE;NIE;TAK;FAŁSZ
Stalowa tarcza De Brevillac;BRAK;BRAK;FAŁSZ;Stalowa tarcza De Brevillac;ITEM_CAT_NONE;ITEM_FLAG_SHIELD;Shield;Shield;AdminShield;shields;FAŁSZ;DE_BREVILLAC_SHIELD_IRON;-;ITSH_GS_70;2,5;3;Gamemaster;FAŁSZ;BRAK;BRAK;BRAK;BRAK;BRAK;BRAK;BRAK;BRAK;BRAK;BRAK;20;20;BRAK;BRAK;BRAK;BRAK;FAŁSZ;BRAK;BRAK;BRAK;;Średni zestaw naprawczy do pancerzy;200;PRAWDA;5;5;BRAK;BRAK;BRAK;BRAK;6;6;6;0;0;0;Płatnerz;Tarcze;;NIE;NIE;TAK;FAŁSZ
Stalowa tarcza De Castroviejo;BRAK;BRAK;FAŁSZ;Stalowa tarcza De Castroviejo;ITEM_CAT_NONE;ITEM_FLAG_SHIELD;Shield;Shield;AdminShield;shields;FAŁSZ;DE_CASTROVIEJO_SHIELD_IRON;-;ITSH_GS_71;2,5;3;Gamemaster;FAŁSZ;BRAK;BRAK;BRAK;BRAK;BRAK;BRAK;BRAK;BRAK;BRAK;BRAK;20;20;BRAK;BRAK;BRAK;BRAK;FAŁSZ;BRAK;BRAK;BRAK;;Średni zestaw naprawczy do pancerzy;200;PRAWDA;5;5;BRAK;BRAK;BRAK;BRAK;6;6;6;0;0;0;Płatnerz;Tarcze;;NIE;NIE;TAK;FAŁSZ
Stalowa tarcza De Valcour;BRAK;BRAK;FAŁSZ;Stalowa tarcza De Valcour;ITEM_CAT_NONE;ITEM_FLAG_SHIELD;Shield;Shield;AdminShield;shields;FAŁSZ;DE_VALCOUR_SHIELD_IRON;-;ITSH_GS_72;2,5;3;Gamemaster;FAŁSZ;BRAK;BRAK;BRAK;BRAK;BRAK;BRAK;BRAK;BRAK;BRAK;BRAK;20;20;BRAK;BRAK;BRAK;BRAK;FAŁSZ;BRAK;BRAK;BRAK;;Średni zestaw naprawczy do pancerzy;200;PRAWDA;5;5;BRAK;BRAK;BRAK;BRAK;6;6;6;0;0;0;Płatnerz;Tarcze;;NIE;NIE;TAK;FAŁSZ
Stalowa tarcza du Garlande;BRAK;BRAK;FAŁSZ;Stalowa tarcza du Garlande;ITEM_CAT_NONE;ITEM_FLAG_SHIELD;Shield;Shield;AdminShield;shields;FAŁSZ;DE_VALCOUR_SHIELD_IRON;-;ITSH_GS_74;2,5;3;Gamemaster;FAŁSZ;BRAK;BRAK;BRAK;BRAK;BRAK;BRAK;BRAK;BRAK;BRAK;BRAK;20;20;BRAK;BRAK;BRAK;BRAK;FAŁSZ;BRAK;BRAK;BRAK;;Średni zestaw naprawczy do pancerzy;200;PRAWDA;5;5;BRAK;BRAK;BRAK;BRAK;6;6;6;0;0;0;;;;;;;FAŁSZ
Stalowa tarcza Gertz;BRAK;BRAK;FAŁSZ;Stalowa tarcza Gertz;ITEM_CAT_NONE;ITEM_FLAG_SHIELD;Shield;Shield;AdminShield;shields;FAŁSZ;DE_VALCOUR_SHIELD_IRON;-;ITSH_GS_76;2,5;3;Gamemaster;FAŁSZ;BRAK;BRAK;BRAK;BRAK;BRAK;BRAK;BRAK;BRAK;BRAK;BRAK;20;20;BRAK;BRAK;BRAK;BRAK;FAŁSZ;BRAK;BRAK;BRAK;;Średni zestaw naprawczy do pancerzy;200;PRAWDA;5;5;BRAK;BRAK;BRAK;BRAK;6;6;6;0;0;0;;;;;;;FAŁSZ
Stalowa tarcza Harbard;BRAK;BRAK;FAŁSZ;Stalowa tarcza Harbard;ITEM_CAT_NONE;ITEM_FLAG_SHIELD;Shield;Shield;AdminShield;shields;FAŁSZ;DE_VALCOUR_SHIELD_IRON;-;ITSH_GS_78;2,5;3;Gamemaster;FAŁSZ;BRAK;BRAK;BRAK;BRAK;BRAK;BRAK;BRAK;BRAK;BRAK;BRAK;20;20;BRAK;BRAK;BRAK;BRAK;FAŁSZ;BRAK;BRAK;BRAK;;Średni zestaw naprawczy do pancerzy;200;PRAWDA;5;5;BRAK;BRAK;BRAK;BRAK;6;6;6;0;0;0;;;;;;;FAŁSZ
Drewniane umbo;28,97;35,65;FAŁSZ;Ciężkie, dębowe deski z wyraźnie wzmocnionym środkiem. Wystarczy, by odbić cios pijanego chłopa w karczmie lub rzucony kamień, ale przeciwko naostrzonym mieczom zbrojnych to tylko bilet w jedną stronę do krainy zmarłych.;ITEM_CAT_NONE;ITEM_FLAG_SHIELD;Shield;Shield;AdminShield;shields;FAŁSZ;ITAR_NEWSHIELD_01;-;ITSH_GS_01;1,5;1;Gamemaster;FAŁSZ;BRAK;BRAK;BRAK;BRAK;BRAK;BRAK;BRAK;BRAK;BRAK;BRAK;5;5;BRAK;BRAK;BRAK;BRAK;FAŁSZ;BRAK;BRAK;BRAK;;Mały zestaw naprawczy do pancerzy;150;PRAWDA;5;5;BRAK;BRAK;BRAK;BRAK;2;2;2;0;0;0;Płatnerz;Tarcze;ITAR_NEWSHIELD_01.3ds;TAK;TAK;TAK;PRAWDA
Drewniana tarcza najemnika;28,97;35,65;FAŁSZ;Wyszorowana, solidna tarcza o krawędziach poobijanych od licznych potyczek o cudze złoto. Nie jest to może lśniąca stal paladynów, ale nieraz uratowała łeb kogoś, komu akurat zapłacono za stanie w pierwszej linii frontu.;ITEM_CAT_NONE;ITEM_FLAG_SHIELD;Shield;Shield;AdminShield;shields;FAŁSZ;ITSH_SHIELD_A_WOODEN_ROUND;-;ITSH_GS_02;1,5;1;Gamemaster;FAŁSZ;BRAK;BRAK;BRAK;BRAK;BRAK;BRAK;BRAK;BRAK;BRAK;BRAK;5;5;BRAK;BRAK;BRAK;BRAK;FAŁSZ;BRAK;BRAK;BRAK;;Mały zestaw naprawczy do pancerzy;150;PRAWDA;5;5;BRAK;BRAK;BRAK;BRAK;2;2;2;0;0;0;Płatnerz;Tarcze;ITSH_SHIELD_A_WOODEN_ROUND.3ds;TAK;TAK;TAK;PRAWDA
Drewniana tarcza;28,97;35,65;FAŁSZ;Kilka porządnie zheblowanych desek spiętych zmatowiałymi okuciami. Klasyczny wybór każdego początkującego awanturnika, który naiwnie wierzy, że ten kawałek drewna powstrzyma coś więcej niż tylko zęby wściekłego ścierwojada.;ITEM_CAT_NONE;ITEM_FLAG_SHIELD;Shield;Shield;AdminShield;shields;FAŁSZ;ITAR_NEWSHIELD_01R;-;ITSH_GS_03;1,5;1;Gamemaster;FAŁSZ;BRAK;BRAK;BRAK;BRAK;BRAK;BRAK;BRAK;BRAK;BRAK;BRAK;5;5;BRAK;BRAK;BRAK;BRAK;FAŁSZ;BRAK;BRAK;BRAK;;Mały zestaw naprawczy do pancerzy;150;PRAWDA;5;5;BRAK;BRAK;BRAK;BRAK;2;2;2;0;0;0;Płatnerz;Tarcze;ITAR_NEWSHIELD_01R.3ds;TAK;TAK;TAK;PRAWDA
Prosty puklerz;28,97;35,65;FAŁSZ;Mała, zgrabna tarcza przeznaczona do zbijania pchnięć, a nie chowania się za nią w panice. Wymaga dobrego refleksu - jeśli spudłujesz przy bloku, następną rzeczą, jaką poczujesz, będzie zimna stal między żebrami.;ITEM_CAT_NONE;ITEM_FLAG_SHIELD;Shield;Shield;AdminShield;shields;FAŁSZ;ITAR_NEWSHIELD_04R;-;ITSH_GS_04;1,5;1;Gamemaster;FAŁSZ;BRAK;BRAK;BRAK;BRAK;BRAK;BRAK;BRAK;BRAK;BRAK;BRAK;5;5;BRAK;BRAK;BRAK;BRAK;FAŁSZ;BRAK;BRAK;BRAK;;Mały zestaw naprawczy do pancerzy;150;PRAWDA;5;5;BRAK;BRAK;BRAK;BRAK;2;2;2;0;0;0;Płatnerz;Tarcze;ITAR_NEWSHIELD_04R.3ds;TAK;TAK;TAK;PRAWDA
Prowizoryczna tarcza;28,97;35,65;FAŁSZ;Prawdę mówiąc, wygląda to jak zbutwiałe wieko od beczki z rybami, do którego ktoś pośpiesznie przybił parciany rzemień. Lepsze to niż osłanianie się gołymi rękami... ale naprawdę tylko odrobinę.;ITEM_CAT_NONE;ITEM_FLAG_SHIELD;Shield;Shield;AdminShield;shields;FAŁSZ;SHIELD_04;-;ITSH_GS_05;1,5;1;Gamemaster;FAŁSZ;BRAK;BRAK;BRAK;BRAK;BRAK;BRAK;BRAK;BRAK;BRAK;BRAK;5;5;BRAK;BRAK;BRAK;BRAK;FAŁSZ;BRAK;BRAK;BRAK;;Mały zestaw naprawczy do pancerzy;150;PRAWDA;5;5;BRAK;BRAK;BRAK;BRAK;2;2;2;0;0;0;Płatnerz;Tarcze;SHIELD_04.3ds;TAK;TAK;TAK;PRAWDA
Skórzany puklerz;128,97;176,78;FAŁSZ;Grube dębowe deski naciągnięte twardą, wygotowaną skórą. Ostrza częściej się po niej ześlizgują, niż wbijają w drewno. Lekki, poręczny i idealny dla kogoś, kto od stania w miejscu woli zwinny taniec z ostrzem.;ITEM_CAT_NONE;ITEM_FLAG_SHIELD;Shield;Shield;AdminShield;shields;FAŁSZ;ITAR_NEWSHIELD_04;-;ITSH_GS_06;2;2;Gamemaster;FAŁSZ;BRAK;BRAK;BRAK;BRAK;BRAK;BRAK;BRAK;BRAK;BRAK;BRAK;10;10;BRAK;BRAK;BRAK;BRAK;FAŁSZ;BRAK;BRAK;BRAK;;Mały zestaw naprawczy do pancerzy;150;PRAWDA;5;5;BRAK;BRAK;BRAK;BRAK;4;4;4;0;0;0;Płatnerz;Tarcze;ITAR_NEWSHIELD_04.3ds;TAK;TAK;TAK;PRAWDA
Wzmocniona drewniana tarcza;128,97;176,78;FAŁSZ;W końcu coś, co nie zamieni się w stertę drzazg po pierwszym mocniejszym ciosie topora. Żelazne okucia i nity trzymają całość w ryzach, dając na szlaku chociaż odrobinę poczucia bezpieczeństwa.;ITEM_CAT_NONE;ITEM_FLAG_SHIELD;Shield;Shield;AdminShield;shields;FAŁSZ;ITAR_NEWSHIELD_03;-;ITSH_GS_07;2;2;Gamemaster;FAŁSZ;BRAK;BRAK;BRAK;BRAK;BRAK;BRAK;BRAK;BRAK;BRAK;BRAK;10;10;BRAK;BRAK;BRAK;BRAK;FAŁSZ;BRAK;BRAK;BRAK;;Mały zestaw naprawczy do pancerzy;150;PRAWDA;5;5;BRAK;BRAK;BRAK;BRAK;4;4;4;0;0;0;Płatnerz;Tarcze;ITAR_NEWSHIELD_03.3ds;TAK;TAK;TAK;PRAWDA
Haraldska tarcza;128,97;176,78;FAŁSZ;Solidna tarcza. Plotka głosi, że wzór ten opracował pewien wąsaty kowal, który uważa, że dobra stal (i drewno) kształtuje charakter. Niezależnie od pochodzenia, budzi szacunek i świetnie leży w dłoni.;ITEM_CAT_NONE;ITEM_FLAG_SHIELD;Shield;Shield;AdminShield;shields;FAŁSZ;ITSH_SHIELD_A_WOLF;-;ITSH_GS_08;2;2;Gamemaster;FAŁSZ;BRAK;BRAK;BRAK;BRAK;BRAK;BRAK;BRAK;BRAK;BRAK;BRAK;10;10;BRAK;BRAK;BRAK;BRAK;FAŁSZ;BRAK;BRAK;BRAK;;Mały zestaw naprawczy do pancerzy;150;PRAWDA;5;5;BRAK;BRAK;BRAK;BRAK;4;4;4;0;0;0;Płatnerz;Tarcze;ITSH_SHIELD_A_WOLF.3ds;TAK;TAK;TAK;PRAWDA
Myrtańska tarcza;126,47;173,78;FAŁSZ;Nosi na sobie dumne, choć już nieco zatarte i porysowane, barwy królestwa. Prawdopodobnie należała kiedyś do lojalnego żołnierza króla... zanim ten zapuścił się zbyt głęboko w mroczny las i dowiedział się, że cieniostwory nie płacą podatków.;ITEM_CAT_NONE;ITEM_FLAG_SHIELD;Shield;Shield;AdminShield;shields;FAŁSZ;ITAR_SHIELD_07_02;-;ITSH_GS_09;2;2;Gamemaster;FAŁSZ;BRAK;BRAK;BRAK;BRAK;BRAK;BRAK;BRAK;BRAK;BRAK;BRAK;10;10;BRAK;BRAK;BRAK;BRAK;FAŁSZ;BRAK;BRAK;BRAK;;Mały zestaw naprawczy do pancerzy;150;PRAWDA;5;5;BRAK;BRAK;BRAK;BRAK;4;4;4;0;0;0;Płatnerz;Tarcze;ITAR_SHIELD_07_02.3ds;TAK;TAK;TAK;PRAWDA
Mniejsza wzmocniona tarcza;128,97;176,78;FAŁSZ;Ulubiony sprzęt miejskiej milicji i strażników bram. Nie jest na tyle duża, by zawadzać podczas pogoni wąskimi alejkami portowej dzielnicy, ale wystarczająco twarda, by przyjąć na siebie cios zardzewiałym kordelasem.;ITEM_CAT_NONE;ITEM_FLAG_SHIELD;Shield;Shield;AdminShield;shields;FAŁSZ;MIL_SHIELD_NEW;-;ITSH_GS_10;2;2;Gamemaster;FAŁSZ;BRAK;BRAK;BRAK;BRAK;BRAK;BRAK;BRAK;BRAK;BRAK;BRAK;10;10;BRAK;BRAK;BRAK;BRAK;FAŁSZ;BRAK;BRAK;BRAK;;Mały zestaw naprawczy do pancerzy;150;PRAWDA;5;5;BRAK;BRAK;BRAK;BRAK;4;4;4;0;0;0;Płatnerz;Tarcze;MIL_SHIELD_NEW.3ds;TAK;TAK;TAK;PRAWDA
Kolczasta tarcza;128,97;176,78;FAŁSZ;Kto powiedział, że tarcza służy tylko do obrony? Ten okrągły kawał solidnego drewna jest nabijany ostrymi jak brzytwa kolcami. Doskonały argument w zwarciu, gdy brakuje już miejsca na wzięcie zamachu mieczem - uderzenie z byka nabiera tu zupełnie nowego znaczenia.;ITEM_CAT_NONE;ITEM_FLAG_SHIELD;Shield;Shield;AdminShield;shields;FAŁSZ;ITAR_NEWSHIELD_02;-;ITSH_GS_11;2;2;Gamemaster;FAŁSZ;BRAK;BRAK;BRAK;BRAK;BRAK;BRAK;BRAK;BRAK;BRAK;BRAK;10;10;BRAK;BRAK;BRAK;BRAK;FAŁSZ;BRAK;BRAK;BRAK;;Mały zestaw naprawczy do pancerzy;150;PRAWDA;5;5;BRAK;BRAK;BRAK;BRAK;4;4;4;0;0;0;Płatnerz;Tarcze;ITAR_NEWSHIELD_02.3ds;TAK;TAK;TAK;PRAWDA
Tarcza nordmarczyka;393,63;585,51;FAŁSZ;Wykuta z mocnej blachy i pokryta surowymi grawerunkami rodem z mroźnej północy. Mówi się, że tarcze z Nordmaru są równie nieustępliwe co tamtejsi wojownicy. Gdy się za nią schowasz, poczujesz chłód stali, który przetrwał niejedną orkową nawałnicę.;ITEM_CAT_NONE;ITEM_FLAG_SHIELD;Shield;Shield;AdminShield;shields;FAŁSZ;SHIELD_SLD;-;ITSH_GS_12;2,5;3;Gamemaster;FAŁSZ;BRAK;BRAK;BRAK;BRAK;BRAK;BRAK;BRAK;BRAK;BRAK;BRAK;20;20;BRAK;BRAK;BRAK;BRAK;FAŁSZ;BRAK;BRAK;BRAK;;Średni zestaw naprawczy do pancerzy;200;PRAWDA;5;5;BRAK;BRAK;BRAK;BRAK;6;6;6;0;0;0;Płatnerz;Tarcze;SHIELD_SLD.3ds;TAK;TAK;TAK;PRAWDA
Tarcza najemcy;393,63;585,51;FAŁSZ;Tarcza najemcy to symbol niezależności i wolności - ci, którzy ją noszą, niezależnie od tego, dla kogo pracują, mają zawsze swój własny interes na pierwszym miejscu.;ITEM_CAT_NONE;ITEM_FLAG_SHIELD;Shield;Shield;AdminShield;shields;FAŁSZ;ITAR_SHIELD_04_NEW;-;ITSH_GS_13;2,5;3;Gamemaster;FAŁSZ;BRAK;BRAK;BRAK;BRAK;BRAK;BRAK;BRAK;BRAK;BRAK;BRAK;20;20;BRAK;BRAK;BRAK;BRAK;FAŁSZ;BRAK;BRAK;BRAK;;Średni zestaw naprawczy do pancerzy;200;PRAWDA;5;5;BRAK;BRAK;BRAK;BRAK;6;6;6;0;0;0;Płatnerz;Tarcze;ITAR_SHIELD_04_NEW.3ds;TAK;TAK;TAK;PRAWDA
Ciężka tarcza Haraldczyka;393,63;585,51;FAŁSZ;Niebieska tarcza to symbol siły i stabilności - jej kolor nawiązuje do spokojnego nieba, co czyni z niej idealną ochronę przed nieprzyjacielskimi atakami.;ITEM_CAT_NONE;ITEM_FLAG_SHIELD;Shield;Shield;AdminShield;shields;FAŁSZ;ITAR_SHIELD_05;-;ITSH_GS_14;2,5;3;Gamemaster;FAŁSZ;BRAK;BRAK;BRAK;BRAK;BRAK;BRAK;BRAK;BRAK;BRAK;BRAK;20;20;BRAK;BRAK;BRAK;BRAK;FAŁSZ;BRAK;BRAK;BRAK;;Średni zestaw naprawczy do pancerzy;200;PRAWDA;5;5;BRAK;BRAK;BRAK;BRAK;6;6;6;0;0;0;Płatnerz;Tarcze;ITAR_SHIELD_05.3ds;TAK;TAK;TAK;PRAWDA
Niebieska tarcza;393,63;585,51;FAŁSZ;Duża drewniana tarcza wzmocniona metalowymi obręczami oraz płytami, a także ozdobiona rzeźbieniami.;ITEM_CAT_NONE;ITEM_FLAG_SHIELD;Shield;Shield;AdminShield;shields;FAŁSZ;ITSH_SHIELD_A_KORSHAN;-;ITSH_GS_15;2,5;3;Gamemaster;FAŁSZ;BRAK;BRAK;BRAK;BRAK;BRAK;BRAK;BRAK;BRAK;BRAK;BRAK;20;20;BRAK;BRAK;BRAK;BRAK;FAŁSZ;BRAK;BRAK;BRAK;;Średni zestaw naprawczy do pancerzy;200;PRAWDA;5;5;BRAK;BRAK;BRAK;BRAK;6;6;6;0;0;0;Płatnerz;Tarcze;ITSH_SHIELD_A_KORSHAN.3ds;TAK;TAK;TAK;PRAWDA
Pawęż;393,63;585,51;FAŁSZ;Ogromna, podłużna tarcza, za którą można by przeczekać burzę - zarówno tę z deszczu, jak i z bełtów kusz. Prawdziwa, ruchoma ściana. Bieganie z nią po bagnach to udręka dla kręgosłupa, ale w ciasnym korytarzu lochów czyni cię niemal nietykalnym.;ITEM_CAT_NONE;ITEM_FLAG_SHIELD;Shield;Shield;AdminShield;shields;FAŁSZ;ITSH_SHIELD_A_LONG;-;ITSH_GS_16;2,5;3;Gamemaster;FAŁSZ;BRAK;BRAK;BRAK;BRAK;BRAK;BRAK;BRAK;BRAK;BRAK;BRAK;20;20;BRAK;BRAK;BRAK;BRAK;FAŁSZ;BRAK;BRAK;BRAK;;Średni zestaw naprawczy do pancerzy;200;PRAWDA;5;5;BRAK;BRAK;BRAK;BRAK;6;6;6;0;0;0;Płatnerz;Tarcze;ITSH_SHIELD_A_LONG.3ds;TAK;TAK;TAK;PRAWDA
Królewski obrońca;664,93;1039,50;FAŁSZ;Niech żyje król!;ITEM_CAT_NONE;ITEM_FLAG_SHIELD;Shield;Shield;AdminShield;shields;FAŁSZ;ITSH_SHIELD_A_WASP;-;ITSH_GS_17;3;4;Gamemaster;FAŁSZ;BRAK;BRAK;BRAK;BRAK;BRAK;BRAK;BRAK;BRAK;BRAK;BRAK;35;35;BRAK;BRAK;BRAK;BRAK;FAŁSZ;BRAK;BRAK;BRAK;;Średni zestaw naprawczy do pancerzy;200;FAŁSZ;5;5;BRAK;BRAK;BRAK;BRAK;8;8;8;0;0;0;Płatnerz;Tarcze;ITSH_SHIELD_A_WASP.3ds;TAK;TAK;TAK;PRAWDA
Toporny konstrukt;664,93;1039,50;FAŁSZ;Co prawda to prawda, toporna konstrukcja.;ITEM_CAT_NONE;ITEM_FLAG_SHIELD;Shield;Shield;AdminShield;shields;FAŁSZ;ITAR_SHIELD_05_NEW;-;ITSH_GS_18;3;4;Gamemaster;FAŁSZ;BRAK;BRAK;BRAK;BRAK;BRAK;BRAK;BRAK;BRAK;BRAK;BRAK;35;35;BRAK;BRAK;BRAK;BRAK;FAŁSZ;BRAK;BRAK;BRAK;;Średni zestaw naprawczy do pancerzy;200;FAŁSZ;5;5;BRAK;BRAK;BRAK;BRAK;8;8;8;0;0;0;Płatnerz;Tarcze;ITAR_SHIELD_05_NEW.3ds;TAK;TAK;TAK;PRAWDA
Rycerska tarcza;664,93;1039,50;FAŁSZ;Tarcza rycerska to nie tylko narzędzie obrony, ale także wyraz klasy i elegancji - jej piękny wygląd przyciąga uwagę i wywołuje podziw u innych wojowników.;ITEM_CAT_NONE;ITEM_FLAG_SHIELD;Shield;Shield;AdminShield;shields;FAŁSZ;SHIELD_01;-;ITSH_GS_19;3;4;Gamemaster;FAŁSZ;BRAK;BRAK;BRAK;BRAK;BRAK;BRAK;BRAK;BRAK;BRAK;BRAK;35;35;BRAK;BRAK;BRAK;BRAK;FAŁSZ;BRAK;BRAK;BRAK;;Średni zestaw naprawczy do pancerzy;200;FAŁSZ;5;5;BRAK;BRAK;BRAK;BRAK;8;8;8;0;0;0;Płatnerz;Tarcze;SHIELD_01.3ds;TAK;TAK;TAK;PRAWDA
Wzmocniony pawęż;1441,83;2458,51;FAŁSZ;Gigantyczna konstrukcja z grubej stali i drewna, za którą można by spokojnie przeczekać deszcz meteorów, apokalipsę, a nawet podwyżkę podatków. Waży tyle, że podniesienie jej to już morderczy trening, ale jeśli zdołasz utrzymać ją w pionie, stajesz się właściwie małą, chodzącą twierdzą. Wrogowie częściej łamią sobie na niej nadgarstki, niż wyrządzają ci krzywdę.;ITEM_CAT_NONE;ITEM_FLAG_SHIELD;Shield;Shield;AdminShield;shields;FAŁSZ;SHIELD_02;-;ITSH_GS_20;3,5;5;Gamemaster;FAŁSZ;BRAK;BRAK;BRAK;BRAK;BRAK;BRAK;BRAK;BRAK;BRAK;BRAK;50;50;BRAK;BRAK;BRAK;BRAK;FAŁSZ;BRAK;BRAK;BRAK;;Duży zestaw naprawczy do pancerzy;250;FAŁSZ;5;5;BRAK;BRAK;BRAK;BRAK;10;10;10;0;0;0;Płatnerz;Tarcze;SHIELD_02.3ds;TAK;TAK;TAK;PRAWDA
Ciężka tarcza;1441,83;2458,51;FAŁSZ;Masywna bryła okutego metalu, która tylko z nazwy przypomina tarczę - w praktyce to raczej wyrwane z zawiasów wrota do skarbca. Żeby skutecznie nią operować, musiałbyś prawdopodobnie zjadać Smocze Korzenie na śniadanie. Zatrzymuje szarżujących orków i ciosy potężnych toporów, ale musisz pogodzić się z tym, że od teraz bieganie sprintem pozostaje jedynie pięknym wspomnieniem.;ITEM_CAT_NONE;ITEM_FLAG_SHIELD;Shield;Shield;AdminShield;shields;FAŁSZ;ITAR_SHIELD_GOD;-;ITSH_GS_21;3,5;5;Gamemaster;FAŁSZ;BRAK;BRAK;BRAK;BRAK;BRAK;BRAK;BRAK;BRAK;BRAK;BRAK;50;50;BRAK;BRAK;BRAK;BRAK;FAŁSZ;BRAK;BRAK;BRAK;;Duży zestaw naprawczy do pancerzy;250;FAŁSZ;5;5;BRAK;BRAK;BRAK;BRAK;10;10;10;0;0;0;Płatnerz;Tarcze;ITAR_SHIELD_GOD.3ds;TAK;TAK;TAK;PRAWDA
Tarcza herbowa;1441,83;2458,51;FAŁSZ;Tarcza Myrtany to nie tylko narzędzie obrony, ale także wyraz honoru i dumy.;ITEM_CAT_NONE;ITEM_FLAG_SHIELD;Shield;Shield;AdminShield;shields;FAŁSZ;ITSH_SHIELD_A_OCEAN;-;ITSH_GS_22;3,5;5;Gamemaster;FAŁSZ;BRAK;BRAK;BRAK;BRAK;BRAK;BRAK;BRAK;BRAK;BRAK;BRAK;50;50;BRAK;BRAK;BRAK;BRAK;FAŁSZ;BRAK;BRAK;BRAK;;Duży zestaw naprawczy do pancerzy;250;FAŁSZ;5;5;BRAK;BRAK;BRAK;BRAK;10;10;10;0;0;0;Płatnerz;Tarcze;ITSH_SHIELD_A_OCEAN.3ds;TAK;TAK;TAK;PRAWDA
Lwia tarcza;1441,83;2458,51;FAŁSZ;Stylowa i ozdobna tarcza z wygrawerowanym oraz pomalowanym lwem.;ITEM_CAT_NONE;ITEM_FLAG_SHIELD;Shield;Shield;AdminShield;shields;FAŁSZ;SHIELD_A_PALADIN_DECO;-;ITSH_GS_23;3,5;5;Gamemaster;FAŁSZ;BRAK;BRAK;BRAK;BRAK;BRAK;BRAK;BRAK;BRAK;BRAK;BRAK;50;50;BRAK;BRAK;BRAK;BRAK;FAŁSZ;BRAK;BRAK;BRAK;;Duży zestaw naprawczy do pancerzy;250;FAŁSZ;5;5;BRAK;BRAK;BRAK;BRAK;10;10;10;0;0;0;Płatnerz;Tarcze;SHIELD_A_PALADIN_DECO.3ds;TAK;TAK;TAK;PRAWDA
Pas żołnierza;BRAK;BRAK;;Typowy pas, na wyposażeniu armii.;ITEM_CAT_BELTS;ITEM_FLAG_BELTS;Belt;Accessory;AdminBelt;gothic_belt;FAŁSZ;ITBE_ADDON_MIL_01;-;ITBE_GS_01;0,4;1;Gamemaster;FAŁSZ;BRAK;BRAK;BRAK;BRAK;BRAK;BRAK;BRAK;BRAK;BRAK;BRAK;5;5;BRAK;BRAK;BRAK;BRAK;FAŁSZ;BRAK;BRAK;BRAK;;BRAK;BRAK;PRAWDA;5;5;BRAK;BRAK;BRAK;BRAK;2;0;2;0;0;0;Kuśnierz;Pasy;ItMi_Belt_03.3ds;TAK;TAK;TAK;FAŁSZ
Pas dzika;39,50;45,68;FAŁSZ;Czyni cię choć w małym stopniu odpornym na obuchy jak dzik.;ITEM_CAT_BELTS;ITEM_FLAG_BELTS;Belt;Accessory;AdminBelt;gothic_belt;FAŁSZ;ITBE_ADDON_LEATHER_01;-;ITBE_GS_02;0,4;1;Gamemaster;FAŁSZ;BRAK;BRAK;BRAK;BRAK;BRAK;BRAK;BRAK;BRAK;BRAK;BRAK;5;5;BRAK;BRAK;BRAK;BRAK;FAŁSZ;BRAK;BRAK;BRAK;;BRAK;BRAK;PRAWDA;5;5;BRAK;BRAK;BRAK;BRAK;2;0;0;0;0;0;Kuśnierz;Pasy;ItMI_Belt_06.3ds;TAK;TAK;TAK;PRAWDA
Pas żółwia;39,50;45,68;FAŁSZ;Skorupa żółwia jest odporna na wiele potężnych ostrzy.;ITEM_CAT_BELTS;ITEM_FLAG_BELTS;Belt;Accessory;AdminBelt;gothic_belt;FAŁSZ;ITBE_ADDON_SLD_01;-;ITBE_GS_03;0,4;1;Gamemaster;FAŁSZ;BRAK;BRAK;BRAK;BRAK;BRAK;BRAK;BRAK;BRAK;BRAK;BRAK;5;5;BRAK;BRAK;BRAK;BRAK;FAŁSZ;BRAK;BRAK;BRAK;;BRAK;BRAK;PRAWDA;5;5;BRAK;BRAK;BRAK;BRAK;0;0;2;0;0;0;Kuśnierz;Pasy;ItMi_Belt_05.3ds;TAK;TAK;TAK;PRAWDA
Szarfa ochronna maga;BRAK;BRAK;;Specjalnie zaprojektowana tak aby nie zawadzała magom.;ITEM_CAT_BELTS;ITEM_FLAG_BELTS;Belt;Accessory;AdminBelt;gothic_belt;FAŁSZ;ITBE_ADDON_PROT_EDGPOI;-;ITBE_GS_04;0,4;3;Gamemaster;FAŁSZ;BRAK;BRAK;BRAK;BRAK;BRAK;BRAK;BRAK;BRAK;BRAK;BRAK;0;0;BRAK;BRAK;BRAK;BRAK;FAŁSZ;BRAK;BRAK;BRAK;;BRAK;BRAK;PRAWDA;5;5;BRAK;BRAK;BRAK;BRAK;0;0;0;5;0;0;Kuśnierz;Pasy;ItMi_Belt_02.3ds;TAK;TAK;TAK;FAŁSZ
Pas zębacza;277,00;346,81;FAŁSZ;Czyni cię choć w małym stopniu odpornym na ostrza jak zębacz.;ITEM_CAT_BELTS;ITEM_FLAG_BELTS;Belt;Accessory;AdminBelt;gothic_belt;FAŁSZ;ITBE_ADDON_SLD_01;-;ITBE_GS_05;0,6;3;Gamemaster;FAŁSZ;BRAK;BRAK;BRAK;BRAK;BRAK;BRAK;BRAK;BRAK;BRAK;BRAK;20;20;BRAK;BRAK;BRAK;BRAK;FAŁSZ;BRAK;BRAK;BRAK;;BRAK;BRAK;PRAWDA;5;5;BRAK;BRAK;BRAK;BRAK;0;0;3;0;0;0;Kuśnierz;Pasy;ItMi_Belt_05.3ds;TAK;TAK;TAK;PRAWDA
Pas pełzacza;277,00;346,81;FAŁSZ;Czyni cię choć w małym stopniu odpornym na obuchy jak pełzacz.;ITEM_CAT_BELTS;ITEM_FLAG_BELTS;Belt;Accessory;AdminBelt;gothic_belt;FAŁSZ;ITBE_ADDON_LEATHER_01;-;ITBE_GS_06;0,6;3;Gamemaster;FAŁSZ;BRAK;BRAK;BRAK;BRAK;BRAK;BRAK;BRAK;BRAK;BRAK;BRAK;20;20;BRAK;BRAK;BRAK;BRAK;FAŁSZ;BRAK;BRAK;BRAK;;BRAK;BRAK;PRAWDA;5;5;BRAK;BRAK;BRAK;BRAK;3;0;0;0;0;0;Kuśnierz;Pasy;ItMI_Belt_06.3ds;TAK;TAK;TAK;PRAWDA
Pas cieniostwora;746,00;1007,10;FAŁSZ;Pomocny zarówno przeciw walcę z bronią ciętą jak i obuchową.;ITEM_CAT_BELTS;ITEM_FLAG_BELTS;Belt;Accessory;AdminBelt;gothic_belt;FAŁSZ;ITBE_ADDON_LEATHER_01;-;ITBE_GS_07;1;5;Gamemaster;FAŁSZ;BRAK;BRAK;BRAK;BRAK;BRAK;BRAK;BRAK;BRAK;BRAK;BRAK;50;50;BRAK;BRAK;BRAK;BRAK;FAŁSZ;BRAK;BRAK;BRAK;;BRAK;BRAK;FAŁSZ;5;5;BRAK;BRAK;BRAK;BRAK;3;0;2;0;0;0;Kuśnierz;Pasy;ItMI_Belt_06.3ds;TAK;TAK;TAK;PRAWDA
Pas niedźwiedzia;746,00;1007,10;FAŁSZ;Pomocny zarówno przeciw walcę z bronią ciętą jak i obuchową.;ITEM_CAT_BELTS;ITEM_FLAG_BELTS;Belt;Accessory;AdminBelt;gothic_belt;FAŁSZ;ITBE_ADDON_SLD_01;-;ITBE_GS_08;1;5;Gamemaster;FAŁSZ;BRAK;BRAK;BRAK;BRAK;BRAK;BRAK;BRAK;BRAK;BRAK;BRAK;50;50;BRAK;BRAK;BRAK;BRAK;FAŁSZ;BRAK;BRAK;BRAK;;BRAK;BRAK;FAŁSZ;5;5;BRAK;BRAK;BRAK;BRAK;2;0;3;0;0;0;Kuśnierz;Pasy;ItMi_Belt_05.3ds;TAK;TAK;TAK;PRAWDA
Pas trolla;852,00;1150,20;FAŁSZ;Chroni cię we wszystkich aspektach walki niczym harda skóra.;ITEM_CAT_BELTS;ITEM_FLAG_BELTS;Belt;Accessory;AdminBelt;gothic_belt;FAŁSZ;ITBE_ADDON_PROT_EDGPOI;-;ITBE_GS_09;1;5;Gamemaster;FAŁSZ;BRAK;BRAK;BRAK;BRAK;BRAK;BRAK;BRAK;BRAK;BRAK;BRAK;50;50;BRAK;BRAK;BRAK;BRAK;FAŁSZ;BRAK;BRAK;BRAK;;BRAK;BRAK;FAŁSZ;5;5;BRAK;BRAK;BRAK;BRAK;1;1;3;0;0;0;Kuśnierz;Pasy;ItMi_Belt_02.3ds;TAK;TAK;TAK;PRAWDA
Pas smoczego zębacza;854,00;1152,90;FAŁSZ;Chroni cię we wszystkich aspektach walki niczym łuskowata skóra.;ITEM_CAT_BELTS;ITEM_FLAG_BELTS;Belt;Accessory;AdminBelt;gothic_belt;FAŁSZ;ITBE_ADDON_PROT_EDGPOI;-;ITBE_GS_10;1;5;Gamemaster;FAŁSZ;BRAK;BRAK;BRAK;BRAK;BRAK;BRAK;BRAK;BRAK;BRAK;BRAK;50;50;BRAK;BRAK;BRAK;BRAK;FAŁSZ;BRAK;BRAK;BRAK;;BRAK;BRAK;FAŁSZ;5;5;BRAK;BRAK;BRAK;BRAK;3;1;1;0;0;0;Kuśnierz;Pasy;ItMi_Belt_02.3ds;TAK;TAK;TAK;PRAWDA
Hełm z pełzacza;BRAK;BRAK;FAŁSZ;Hełm z pełzacza;ITEM_CAT_ARMOR;ITEM_WEAR_HEAD;Helmet;Armor;AdminHelmet;helmets;FAŁSZ;ITHE_SDRP_HLM_42;-;ITHE_GS_97;3;0;Gamemaster;FAŁSZ;BRAK;BRAK;BRAK;BRAK;BRAK;BRAK;BRAK;BRAK;BRAK;BRAK;20;20;BRAK;BRAK;BRAK;BRAK;FAŁSZ;BRAK;BRAK;BRAK;;BRAK;250;FAŁSZ;5;5;BRAK;BRAK;BRAK;BRAK;5;5;5;0;0;0;Płatnerz;Hełmy;;NIE;NIE;TAK;FAŁSZ
Maska śniącego;BRAK;BRAK;FAŁSZ;Maska śniącego;ITEM_CAT_ARMOR;ITEM_WEAR_HEAD;Helmet;Armor;AdminHelmet;helmets;FAŁSZ;ITHE_SDRP_HLM_46;-;ITHE_GS_98;2;0;Gamemaster;FAŁSZ;BRAK;BRAK;BRAK;BRAK;BRAK;BRAK;BRAK;BRAK;BRAK;BRAK;0;0;35;BRAK;BRAK;BRAK;FAŁSZ;BRAK;2;BRAK;;BRAK;250;FAŁSZ;5;5;BRAK;BRAK;BRAK;BRAK;2;2;2;5;5;0;Płatnerz;Hełmy;;NIE;NIE;TAK;FAŁSZ
Hełm paladyna;BRAK;BRAK;FAŁSZ;Hełm paladyna;ITEM_CAT_ARMOR;ITEM_WEAR_HEAD;Helmet;Armor;AdminHelmet;helmets;FAŁSZ;ITHE_SDRP_HLM_15;-;ITHE_GS_99;4;0;Gamemaster;PRAWDA;BRAK;BRAK;BRAK;BRAK;BRAK;BRAK;BRAK;BRAK;BRAK;BRAK;50;50;BRAK;BRAK;BRAK;BRAK;FAŁSZ;BRAK;BRAK;BRAK;;BRAK;250;FAŁSZ;5;5;BRAK;BRAK;BRAK;BRAK;5;5;5;0;0;0;Płatnerz;Hełmy;;NIE;NIE;TAK;FAŁSZ
Barania Barbuta;BRAK;BRAK;FAŁSZ;Barania Barbuta;ITEM_CAT_ARMOR;ITEM_WEAR_HEAD;Helmet;Armor;AdminHelmet;helmets;FAŁSZ;ITHE_SDRP_HLM_12;-;ITHE_GS_100;4;0;Gamemaster;FAŁSZ;BRAK;BRAK;BRAK;BRAK;BRAK;BRAK;BRAK;BRAK;BRAK;BRAK;50;50;BRAK;BRAK;BRAK;BRAK;FAŁSZ;BRAK;BRAK;BRAK;;BRAK;250;FAŁSZ;5;5;BRAK;BRAK;BRAK;BRAK;5;5;5;0;0;0;Płatnerz;Hełmy;;NIE;NIE;TAK;FAŁSZ
Poniszczona Barbuta;BRAK;BRAK;FAŁSZ;Poniszczona Barbuta;ITEM_CAT_ARMOR;ITEM_WEAR_HEAD;Helmet;Armor;AdminHelmet;helmets;FAŁSZ;ITHE_SDRP_HLM_09;-;ITHE_GS_101;3;0;Gamemaster;FAŁSZ;BRAK;BRAK;BRAK;BRAK;BRAK;BRAK;BRAK;BRAK;BRAK;BRAK;35;35;BRAK;BRAK;BRAK;BRAK;FAŁSZ;BRAK;BRAK;BRAK;;BRAK;250;FAŁSZ;5;5;BRAK;BRAK;BRAK;BRAK;5;5;5;0;0;0;Płatnerz;Hełmy;;NIE;NIE;TAK;FAŁSZ
Maska doktora plagi;BRAK;BRAK;FAŁSZ;Maska doktora plagi;ITEM_CAT_ARMOR;ITEM_WEAR_HEAD;Helmet;Armor;AdminHelmet;helmets;FAŁSZ;ITHE_KOZA_CAP_02;-;ITHE_GS_102;1;0;Gamemaster;PRAWDA;BRAK;BRAK;BRAK;BRAK;BRAK;BRAK;BRAK;BRAK;BRAK;BRAK;0;0;BRAK;BRAK;BRAK;BRAK;FAŁSZ;BRAK;BRAK;BRAK;;BRAK;100;FAŁSZ;5;5;BRAK;BRAK;BRAK;BRAK;0;0;0;0;0;0;Płatnerz;Hełmy;;NIE;NIE;TAK;FAŁSZ
Diadem z akwamarynem;BRAK;BRAK;FAŁSZ;Diadem z akwamarynem;ITEM_CAT_ARMOR;ITEM_WEAR_HEAD;Helmet;Armor;AdminHelmet;helmets;FAŁSZ;ITHE_SDRP_HLM_29;-;ITHE_GS_103;1;0;Gamemaster;FAŁSZ;BRAK;BRAK;BRAK;BRAK;BRAK;BRAK;BRAK;BRAK;BRAK;BRAK;0;0;BRAK;BRAK;BRAK;BRAK;FAŁSZ;BRAK;BRAK;BRAK;;BRAK;100;FAŁSZ;5;5;BRAK;BRAK;BRAK;BRAK;0;0;0;5;5;0;Płatnerz;Hełmy;;NIE;NIE;TAK;FAŁSZ
Srebrna korona;BRAK;BRAK;FAŁSZ;Srebrna korona;ITEM_CAT_ARMOR;ITEM_WEAR_HEAD;Helmet;Armor;AdminHelmet;helmets;FAŁSZ;ITHE_SDRP_HLM_30;-;ITHE_GS_104;1;0;Gamemaster;FAŁSZ;BRAK;BRAK;BRAK;BRAK;BRAK;BRAK;BRAK;BRAK;BRAK;BRAK;0;0;BRAK;BRAK;BRAK;BRAK;FAŁSZ;BRAK;BRAK;BRAK;;BRAK;100;FAŁSZ;5;5;BRAK;BRAK;BRAK;BRAK;0;0;0;5;5;0;Płatnerz;Hełmy;;NIE;NIE;TAK;FAŁSZ
Złota korona;BRAK;BRAK;FAŁSZ;Złota korona;ITEM_CAT_ARMOR;ITEM_WEAR_HEAD;Helmet;Armor;AdminHelmet;helmets;FAŁSZ;ITHE_SDRP_HLM_54;-;ITHE_GS_105;1;0;Gamemaster;FAŁSZ;BRAK;BRAK;BRAK;BRAK;BRAK;BRAK;BRAK;BRAK;BRAK;BRAK;0;0;BRAK;BRAK;BRAK;BRAK;FAŁSZ;BRAK;BRAK;BRAK;;BRAK;100;FAŁSZ;5;5;BRAK;BRAK;BRAK;BRAK;0;0;0;5;5;0;Płatnerz;Hełmy;;NIE;NIE;TAK;FAŁSZ
Hełm Gwardzisty;BRAK;BRAK;FAŁSZ;Hełm Gwardzisty;ITEM_CAT_ARMOR;ITEM_WEAR_HEAD;Helmet;Armor;AdminHelmet;helmets;FAŁSZ;ITHE_SDRP_HLM_25;-;ITHE_GS_106;3;0;Gamemaster;FAŁSZ;BRAK;BRAK;BRAK;BRAK;BRAK;BRAK;BRAK;BRAK;BRAK;BRAK;20;20;BRAK;BRAK;BRAK;BRAK;FAŁSZ;BRAK;BRAK;BRAK;;BRAK;250;FAŁSZ;5;5;BRAK;BRAK;BRAK;BRAK;5;5;5;0;0;0;Płatnerz;Hełmy;;NIE;NIE;TAK;FAŁSZ
Czarny hełm;BRAK;BRAK;FAŁSZ;Czarny hełm;ITEM_CAT_ARMOR;ITEM_WEAR_HEAD;Helmet;Armor;AdminHelmet;helmets;FAŁSZ;ITHE_SDRP_HLM_21;-;ITHE_GS_107;3;0;Gamemaster;PRAWDA;BRAK;BRAK;BRAK;BRAK;BRAK;BRAK;BRAK;BRAK;BRAK;BRAK;50;50;BRAK;BRAK;BRAK;BRAK;FAŁSZ;BRAK;BRAK;BRAK;;BRAK;250;FAŁSZ;5;5;BRAK;BRAK;BRAK;BRAK;5;5;5;0;0;0;Płatnerz;Hełmy;;NIE;NIE;TAK;FAŁSZ
Łebka z zasłoną;BRAK;BRAK;FAŁSZ;Łebka z zasłoną;ITEM_CAT_ARMOR;ITEM_WEAR_HEAD;Helmet;Armor;AdminHelmet;helmets;FAŁSZ;ITHE_SDRP_HLM_11;-;ITHE_GS_108;3;0;Gamemaster;FAŁSZ;BRAK;BRAK;BRAK;BRAK;BRAK;BRAK;BRAK;BRAK;BRAK;BRAK;5;5;BRAK;BRAK;BRAK;BRAK;FAŁSZ;BRAK;BRAK;BRAK;;BRAK;250;FAŁSZ;5;5;BRAK;BRAK;BRAK;BRAK;5;5;5;0;0;0;Płatnerz;Hełmy;;NIE;NIE;TAK;FAŁSZ
Maska doktora plagi 2;BRAK;BRAK;FAŁSZ;Maska doktora plagi 2;ITEM_CAT_ARMOR;ITEM_WEAR_HEAD;Helmet;Armor;AdminHelmet;helmets;FAŁSZ;LINK;-;ITHE_GS_109;1;0;Gamemaster;PRAWDA;BRAK;BRAK;BRAK;BRAK;BRAK;BRAK;BRAK;BRAK;BRAK;BRAK;0;0;BRAK;BRAK;BRAK;BRAK;FAŁSZ;BRAK;BRAK;BRAK;;BRAK;100;FAŁSZ;5;5;BRAK;BRAK;BRAK;BRAK;0;0;0;0;0;0;Płatnerz;Hełmy;;NIE;NIE;TAK;FAŁSZ
Maska gobliniego berserkera;BRAK;BRAK;FAŁSZ;Maska gobliniego berserkera;ITEM_CAT_ARMOR;ITEM_WEAR_HEAD;Helmet;Armor;AdminHelmet;helmets;FAŁSZ;BRAK;-;ITHE_SAGA_GOBCAP_01;1;0;Gamemaster;FAŁSZ;BRAK;BRAK;BRAK;BRAK;BRAK;BRAK;BRAK;BRAK;BRAK;BRAK;0;0;BRAK;BRAK;BRAK;BRAK;FAŁSZ;BRAK;BRAK;BRAK;;BRAK;250;FAŁSZ;5;5;BRAK;BRAK;BRAK;BRAK;5;5;5;0;0;0;Płatnerz;Hełmy;;NIE;NIE;NIE;FAŁSZ
Kaptur goblina;BRAK;BRAK;FAŁSZ;Kaptur goblina;ITEM_CAT_ARMOR;ITEM_WEAR_HEAD;Helmet;Armor;AdminHelmet;helmets;FAŁSZ;BRAK;-;ITHE_SAGA_GOBCAP_02;1;0;Gamemaster;FAŁSZ;BRAK;BRAK;BRAK;BRAK;BRAK;BRAK;BRAK;BRAK;BRAK;BRAK;0;0;0;BRAK;BRAK;BRAK;FAŁSZ;BRAK;0;BRAK;;BRAK;250;FAŁSZ;5;5;BRAK;BRAK;BRAK;BRAK;2;2;2;5;5;0;Płatnerz;Hełmy;;NIE;NIE;NIE;FAŁSZ
Maska goblina szamana;BRAK;BRAK;FAŁSZ;Maska goblina szamana;ITEM_CAT_ARMOR;ITEM_WEAR_HEAD;Helmet;Armor;AdminHelmet;helmets;FAŁSZ;BRAK;-;ITHE_SAGA_GOBCAP_03;1;0;Gamemaster;FAŁSZ;BRAK;BRAK;BRAK;BRAK;BRAK;BRAK;BRAK;BRAK;BRAK;BRAK;0;0;BRAK;BRAK;BRAK;BRAK;FAŁSZ;BRAK;BRAK;BRAK;;BRAK;250;FAŁSZ;5;5;BRAK;BRAK;BRAK;BRAK;5;5;5;5;5;0;Płatnerz;Hełmy;;NIE;NIE;NIE;FAŁSZ
Korona dobrego wodza goblinów;BRAK;BRAK;FAŁSZ;Korona dobrego wodza goblinów;ITEM_CAT_ARMOR;ITEM_WEAR_HEAD;Helmet;Armor;AdminHelmet;helmets;FAŁSZ;BRAK;-;ITHE_SAGA_GOBCAP_04;1;0;Gamemaster;FAŁSZ;BRAK;BRAK;BRAK;BRAK;BRAK;BRAK;BRAK;BRAK;BRAK;BRAK;0;0;BRAK;BRAK;BRAK;BRAK;FAŁSZ;BRAK;BRAK;BRAK;;BRAK;250;FAŁSZ;5;5;BRAK;BRAK;BRAK;BRAK;5;5;5;5;5;0;Płatnerz;Hełmy;;NIE;NIE;NIE;FAŁSZ
Korona złego wodza goblinów;BRAK;BRAK;FAŁSZ;Korona złego wodza goblinów;ITEM_CAT_ARMOR;ITEM_WEAR_HEAD;Helmet;Armor;AdminHelmet;helmets;FAŁSZ;BRAK;-;ITHE_SAGA_GOBCAP_05;1;0;Gamemaster;FAŁSZ;BRAK;BRAK;BRAK;BRAK;BRAK;BRAK;BRAK;BRAK;BRAK;BRAK;0;0;BRAK;BRAK;BRAK;BRAK;FAŁSZ;BRAK;BRAK;BRAK;;BRAK;250;FAŁSZ;5;5;BRAK;BRAK;BRAK;BRAK;5;5;5;5;5;0;Płatnerz;Hełmy;;NIE;NIE;NIE;FAŁSZ
Kapalin;48,45;62,98;FAŁSZ;Zwykly kapalin;ITEM_CAT_ARMOR;ITEM_WEAR_HEAD;Helmet;Armor;AdminHelmet;helmets;FAŁSZ;ITHE_SDRP_HLM_06;-;ITHE_GS_01;1;1;Gamemaster;FAŁSZ;BRAK;BRAK;BRAK;BRAK;BRAK;BRAK;BRAK;BRAK;BRAK;BRAK;5;5;BRAK;BRAK;BRAK;BRAK;FAŁSZ;BRAK;BRAK;BRAK;;Mały zestaw naprawczy do pancerzy;150;PRAWDA;5;5;BRAK;BRAK;BRAK;BRAK;1;1;1;0;0;0;Płatnerz;Hełmy;Rycerz9.3ds;TAK;TAK;TAK;PRAWDA
Kapalin z wizurą;48,45;62,98;FAŁSZ;Kapalin z wizurą;ITEM_CAT_ARMOR;ITEM_WEAR_HEAD;Helmet;Armor;AdminHelmet;helmets;FAŁSZ;ITHE_SDRP_HLM_05;-;ITHE_GS_02;1;1;Gamemaster;FAŁSZ;BRAK;BRAK;BRAK;BRAK;BRAK;BRAK;BRAK;BRAK;BRAK;BRAK;5;5;BRAK;BRAK;BRAK;BRAK;FAŁSZ;BRAK;BRAK;BRAK;;Mały zestaw naprawczy do pancerzy;150;PRAWDA;5;5;BRAK;BRAK;BRAK;BRAK;1;1;1;0;0;0;Płatnerz;Hełmy;Rycerz8.3ds;TAK;TAK;TAK;PRAWDA
Kaptur kolczy;36,92;44,32;FAŁSZ;Skórzany kaptur kolczy;ITEM_CAT_ARMOR;ITEM_WEAR_HEAD;Helmet;Armor;AdminHelmet;helmets;FAŁSZ;ITHE_SDRP_HLM_44;-;ITHE_GS_03;1;1;Gamemaster;FAŁSZ;BRAK;BRAK;BRAK;BRAK;BRAK;BRAK;BRAK;BRAK;BRAK;BRAK;5;5;BRAK;BRAK;BRAK;BRAK;FAŁSZ;BRAK;BRAK;BRAK;;Mały zestaw naprawczy do pancerzy;150;PRAWDA;5;5;BRAK;BRAK;BRAK;BRAK;1;1;1;0;0;0;Płatnerz;Hełmy;ORE_HELM.3ds;TAK;TAK;TAK;PRAWDA
Barbute;108,05;140,55;FAŁSZ;Zdobiony hełm.;ITEM_CAT_ARMOR;ITEM_WEAR_HEAD;Helmet;Armor;AdminHelmet;helmets;FAŁSZ;ITHE_SDRP_HLM_18;-;ITHE_GS_04;1,5;2;Gamemaster;FAŁSZ;BRAK;BRAK;BRAK;BRAK;BRAK;BRAK;BRAK;BRAK;BRAK;BRAK;10;10;BRAK;BRAK;BRAK;BRAK;FAŁSZ;BRAK;BRAK;BRAK;;Mały zestaw naprawczy do pancerzy;150;PRAWDA;5;5;BRAK;BRAK;BRAK;BRAK;2;2;2;0;0;0;Płatnerz;Hełmy;ITHL_HELMET_R_SENTINEL.3ds;TAK;TAK;TAK;PRAWDA
Hełm imperialny;108,05;140,55;FAŁSZ;Hełm z rubinem to nie tylko element ochronny, ale także wyraz stylu i elegancji - jego kunsztowny wygląd przyciąga uwagę i wywołuje podziw u innych wojowników.;ITEM_CAT_ARMOR;ITEM_WEAR_HEAD;Helmet;Armor;AdminHelmet;helmets;FAŁSZ;ITHE_SDRP_HLM_08;-;ITHE_GS_05;1,5;2;Gamemaster;FAŁSZ;BRAK;BRAK;BRAK;BRAK;BRAK;BRAK;BRAK;BRAK;BRAK;BRAK;10;10;BRAK;BRAK;BRAK;BRAK;FAŁSZ;BRAK;BRAK;BRAK;;Mały zestaw naprawczy do pancerzy;150;PRAWDA;5;5;BRAK;BRAK;BRAK;BRAK;2;2;2;0;0;0;Płatnerz;Hełmy;Wiking2.3ds;TAK;TAK;TAK;PRAWDA
Hełm łucznika;108,05;140,55;FAŁSZ;Skórzany okuty hełm.;ITEM_CAT_ARMOR;ITEM_WEAR_HEAD;Helmet;Armor;AdminHelmet;helmets;FAŁSZ;ITHE_SDRP_HLM_20;-;ITHE_GS_06;1,5;2;Gamemaster;FAŁSZ;BRAK;BRAK;BRAK;BRAK;BRAK;BRAK;BRAK;BRAK;BRAK;BRAK;10;10;BRAK;BRAK;BRAK;BRAK;FAŁSZ;BRAK;BRAK;BRAK;;Mały zestaw naprawczy do pancerzy;150;PRAWDA;5;5;BRAK;BRAK;BRAK;BRAK;2;2;2;0;0;0;Płatnerz;Hełmy;ITHL_MAKEDHELMET1_AS_THORNIARA_ROBE.3ds;TAK;TAK;TAK;PRAWDA
Skórzana Salada;108,05;140,55;FAŁSZ;Skórzana Salada.;ITEM_CAT_ARMOR;ITEM_WEAR_HEAD;Helmet;Armor;AdminHelmet;helmets;FAŁSZ;ITHE_SDRP_HLM_41;-;ITHE_GS_07;1,5;2;Gamemaster;FAŁSZ;BRAK;BRAK;BRAK;BRAK;BRAK;BRAK;BRAK;BRAK;BRAK;BRAK;10;10;BRAK;BRAK;BRAK;BRAK;FAŁSZ;BRAK;BRAK;BRAK;;Mały zestaw naprawczy do pancerzy;150;PRAWDA;5;5;BRAK;BRAK;BRAK;BRAK;2;2;2;0;0;0;Płatnerz;Hełmy;ITHL_HELMET_G3_ORIENT_01_LEATHER.3ds;TAK;TAK;TAK;PRAWDA
Lekki żelazny hełm;98,25;126,84;FAŁSZ;Wykonany w całości z kolczug.;ITEM_CAT_ARMOR;ITEM_WEAR_HEAD;Helmet;Armor;AdminHelmet;helmets;FAŁSZ;ITHE_SDRP_HLM_27;-;ITHE_GS_08;1,5;2;Gamemaster;FAŁSZ;BRAK;BRAK;BRAK;BRAK;BRAK;BRAK;BRAK;BRAK;BRAK;BRAK;10;10;BRAK;BRAK;BRAK;BRAK;FAŁSZ;BRAK;BRAK;BRAK;;Mały zestaw naprawczy do pancerzy;150;PRAWDA;5;5;BRAK;BRAK;BRAK;BRAK;2;2;2;0;0;0;Płatnerz;Hełmy;ITHL_MAKEDHELMET4_S_STEELLIGHT.3ds;TAK;TAK;TAK;PRAWDA
Kapalin niebieski z kołnierzem kolczym;216,35;324,59;FAŁSZ;Kapalin niebieski z kołnierzem kolczym;ITEM_CAT_ARMOR;ITEM_WEAR_HEAD;Helmet;Armor;AdminHelmet;helmets;FAŁSZ;ITHE_SDRP_HLM_48;-;ITHE_GS_09;1,7;3;Gamemaster;FAŁSZ;BRAK;BRAK;BRAK;BRAK;BRAK;BRAK;BRAK;BRAK;BRAK;BRAK;20;20;BRAK;BRAK;BRAK;BRAK;FAŁSZ;BRAK;BRAK;BRAK;;Średni zestaw naprawczy do pancerzy;200;PRAWDA;5;5;BRAK;BRAK;BRAK;BRAK;3;3;3;0;0;0;Płatnerz;Hełmy;kapalin_2.3ds;TAK;TAK;TAK;PRAWDA
Kapalin czerwony z kołnierzem kolczym;216,35;324,59;FAŁSZ;Kapalin czerwony z kołnierzem kolczym;ITEM_CAT_ARMOR;ITEM_WEAR_HEAD;Helmet;Armor;AdminHelmet;helmets;FAŁSZ;ITHE_SDRP_HLM_49;-;ITHE_GS_10;1,7;3;Gamemaster;FAŁSZ;BRAK;BRAK;BRAK;BRAK;BRAK;BRAK;BRAK;BRAK;BRAK;BRAK;20;20;BRAK;BRAK;BRAK;BRAK;FAŁSZ;BRAK;BRAK;BRAK;;Średni zestaw naprawczy do pancerzy;200;PRAWDA;5;5;BRAK;BRAK;BRAK;BRAK;3;3;3;0;0;0;Płatnerz;Hełmy;kapalin_3.3ds;TAK;TAK;TAK;PRAWDA
Kapalin zielony z kołnierzem kolczym;216,35;324,59;FAŁSZ;Kapalin zielony z kołnierzem kolczym;ITEM_CAT_ARMOR;ITEM_WEAR_HEAD;Helmet;Armor;AdminHelmet;helmets;FAŁSZ;ITHE_SDRP_HLM_50;-;ITHE_GS_11;1,7;3;Gamemaster;FAŁSZ;BRAK;BRAK;BRAK;BRAK;BRAK;BRAK;BRAK;BRAK;BRAK;BRAK;20;20;BRAK;BRAK;BRAK;BRAK;FAŁSZ;BRAK;BRAK;BRAK;;Średni zestaw naprawczy do pancerzy;200;PRAWDA;5;5;BRAK;BRAK;BRAK;BRAK;3;3;3;0;0;0;Płatnerz;Hełmy;kapalin_4.3ds;TAK;TAK;TAK;PRAWDA
Hełm wilczego wojownika;216,35;324,59;FAŁSZ;Hełm wilczego wojownika;ITEM_CAT_ARMOR;ITEM_WEAR_HEAD;Helmet;Armor;AdminHelmet;helmets;FAŁSZ;ITHE_SDRP_HLM_40;-;ITHE_GS_12;1,7;3;Gamemaster;FAŁSZ;BRAK;BRAK;BRAK;BRAK;BRAK;BRAK;BRAK;BRAK;BRAK;BRAK;20;20;BRAK;BRAK;BRAK;BRAK;FAŁSZ;BRAK;BRAK;BRAK;;Średni zestaw naprawczy do pancerzy;200;PRAWDA;5;5;BRAK;BRAK;BRAK;BRAK;3;3;3;0;0;0;Płatnerz;Hełmy;Clegane.3ds;TAK;TAK;TAK;PRAWDA
Podłużny hełm;216,35;324,59;FAŁSZ;Podłużny hełm;ITEM_CAT_ARMOR;ITEM_WEAR_HEAD;Helmet;Armor;AdminHelmet;helmets;FAŁSZ;ITHE_SDRP_HLM_01;-;ITHE_GS_13;1,7;3;Gamemaster;FAŁSZ;BRAK;BRAK;BRAK;BRAK;BRAK;BRAK;BRAK;BRAK;BRAK;BRAK;20;20;BRAK;BRAK;BRAK;BRAK;FAŁSZ;BRAK;BRAK;BRAK;;Średni zestaw naprawczy do pancerzy;200;PRAWDA;5;5;BRAK;BRAK;BRAK;BRAK;3;3;3;0;0;0;Płatnerz;Hełmy;ITHL_HELMET_S_DAWNGUARD.3ds;TAK;TAK;TAK;PRAWDA
Niedźwiedzi hełm;435,95;635,18;FAŁSZ;Hełm udekorowany futrem zdartym z niedźwiedzia.;ITEM_CAT_ARMOR;ITEM_WEAR_HEAD;Helmet;Armor;AdminHelmet;helmets;FAŁSZ;ITHE_SDRP_HLM_03;-;ITHE_GS_14;3;4;Gamemaster;FAŁSZ;BRAK;BRAK;BRAK;BRAK;BRAK;BRAK;BRAK;BRAK;BRAK;BRAK;35;35;BRAK;BRAK;BRAK;BRAK;FAŁSZ;BRAK;BRAK;BRAK;;Średni zestaw naprawczy do pancerzy;200;FAŁSZ;5;5;BRAK;BRAK;BRAK;BRAK;4;4;4;0;0;0;Płatnerz;Hełmy;ITHL_HELMET_S_SONS_OF_TALOS.3ds;TAK;TAK;TAK;PRAWDA
Garnczkowy hełm;435,95;635,18;FAŁSZ;Z daleka wygląda jak garnek.;ITEM_CAT_ARMOR;ITEM_WEAR_HEAD;Helmet;Armor;AdminHelmet;helmets;FAŁSZ;ITHE_SDRP_HLM_26;-;ITHE_GS_15;3;4;Gamemaster;PRAWDA;BRAK;BRAK;BRAK;BRAK;BRAK;BRAK;BRAK;BRAK;BRAK;BRAK;35;35;BRAK;BRAK;BRAK;BRAK;FAŁSZ;BRAK;BRAK;BRAK;;Średni zestaw naprawczy do pancerzy;200;FAŁSZ;5;5;BRAK;BRAK;BRAK;BRAK;4;4;4;0;0;0;Płatnerz;Hełmy;GREATHELM.3ds;TAK;TAK;TAK;PRAWDA
Solidny armet;327,75;534,37;FAŁSZ;Skoro jest napisane, że solidny to trzeba porządnie go zrobić.;ITEM_CAT_ARMOR;ITEM_WEAR_HEAD;Helmet;Armor;AdminHelmet;helmets;FAŁSZ;ITHE_SDRP_HLM_51;-;ITHE_GS_16;3;4;Gamemaster;FAŁSZ;BRAK;BRAK;BRAK;BRAK;BRAK;BRAK;BRAK;BRAK;BRAK;BRAK;35;35;BRAK;BRAK;BRAK;BRAK;FAŁSZ;BRAK;BRAK;BRAK;;Średni zestaw naprawczy do pancerzy;200;FAŁSZ;5;5;BRAK;BRAK;BRAK;BRAK;4;4;4;0;0;0;Płatnerz;Hełmy;helm_tytana.3ds;TAK;TAK;TAK;PRAWDA
Hełm łowców;327,75;534,37;FAŁSZ;Czorny jak śmierć, ciekawe na co polowali.;ITEM_CAT_ARMOR;ITEM_WEAR_HEAD;Helmet;Armor;AdminHelmet;helmets;FAŁSZ;ITHE_SDRP_HLM_17;-;ITHE_GS_17;3;4;Gamemaster;FAŁSZ;BRAK;BRAK;BRAK;BRAK;BRAK;BRAK;BRAK;BRAK;BRAK;BRAK;35;35;BRAK;BRAK;BRAK;BRAK;FAŁSZ;BRAK;BRAK;BRAK;;Średni zestaw naprawczy do pancerzy;200;FAŁSZ;5;5;BRAK;BRAK;BRAK;BRAK;4;4;4;0;0;0;Płatnerz;Hełmy;ItAr_DJG_Helm.3ds;TAK;TAK;TAK;PRAWDA
Okuty łeb;327,75;534,37;FAŁSZ;Dla zakutych dzbanów.;ITEM_CAT_ARMOR;ITEM_WEAR_HEAD;Helmet;Armor;AdminHelmet;helmets;FAŁSZ;ITHE_SDRP_HLM_02;-;ITHE_GS_18;3;4;Gamemaster;PRAWDA;BRAK;BRAK;BRAK;BRAK;BRAK;BRAK;BRAK;BRAK;BRAK;BRAK;35;35;BRAK;BRAK;BRAK;BRAK;FAŁSZ;BRAK;BRAK;BRAK;;Średni zestaw naprawczy do pancerzy;200;FAŁSZ;5;5;BRAK;BRAK;BRAK;BRAK;4;4;4;0;0;0;Płatnerz;Hełmy;ITHL_HELMET_S_DAWNGUARDFULL.3ds;TAK;TAK;TAK;PRAWDA
Hełm gladiatora;327,75;534,37;FAŁSZ;Gladiata... gladiata...;ITEM_CAT_ARMOR;ITEM_WEAR_HEAD;Helmet;Armor;AdminHelmet;helmets;FAŁSZ;ITHE_SDRP_HLM_56;-;ITHE_GS_19;3;4;Gamemaster;PRAWDA;BRAK;BRAK;BRAK;BRAK;BRAK;BRAK;BRAK;BRAK;BRAK;BRAK;35;35;BRAK;BRAK;BRAK;BRAK;FAŁSZ;BRAK;BRAK;BRAK;;Średni zestaw naprawczy do pancerzy;200;FAŁSZ;5;5;BRAK;BRAK;BRAK;BRAK;4;4;4;0;0;0;Płatnerz;Hełmy;helmlowcow2.3ds;TAK;TAK;TAK;PRAWDA
Hełm krzyżowca;1478,65;2857,35;FAŁSZ;Ciekawie tam mają...;ITEM_CAT_ARMOR;ITEM_WEAR_HEAD;Helmet;Armor;AdminHelmet;helmets;FAŁSZ;ITHE_SDRP_HLM_16;-;ITHE_GS_20;4;5;Gamemaster;PRAWDA;BRAK;BRAK;BRAK;BRAK;BRAK;BRAK;BRAK;BRAK;BRAK;BRAK;50;50;BRAK;BRAK;BRAK;BRAK;FAŁSZ;BRAK;BRAK;BRAK;;Duży zestaw naprawczy do pancerzy;250;FAŁSZ;5;5;BRAK;BRAK;BRAK;BRAK;5;5;5;0;0;0;Płatnerz;Hełmy;ITAR_ZPZ_HELMET_02.3ds;TAK;TAK;TAK;PRAWDA
Skrzydlaty hełm;1468,15;2843,17;FAŁSZ;Dorodnie wygląda z tymi skrzydłami po bokach.;ITEM_CAT_ARMOR;ITEM_WEAR_HEAD;Helmet;Armor;AdminHelmet;helmets;FAŁSZ;ITHE_SDRP_HLM_35;-;ITHE_GS_21;4;5;Gamemaster;FAŁSZ;BRAK;BRAK;BRAK;BRAK;BRAK;BRAK;BRAK;BRAK;BRAK;BRAK;50;50;BRAK;BRAK;BRAK;BRAK;FAŁSZ;BRAK;BRAK;BRAK;;Duży zestaw naprawczy do pancerzy;250;FAŁSZ;5;5;BRAK;BRAK;BRAK;BRAK;5;5;5;0;0;0;Płatnerz;Hełmy;Rycerz3.3ds;TAK;TAK;TAK;PRAWDA
Niebiański hełm;1468,15;2843,17;FAŁSZ;Uważać, by przyszły właściciel nie odleciał bez płacenia.;ITEM_CAT_ARMOR;ITEM_WEAR_HEAD;Helmet;Armor;AdminHelmet;helmets;FAŁSZ;ITHE_SDRP_HLM_14;-;ITHE_GS_22;4;5;Gamemaster;FAŁSZ;BRAK;BRAK;BRAK;BRAK;BRAK;BRAK;BRAK;BRAK;BRAK;BRAK;50;50;BRAK;BRAK;BRAK;BRAK;FAŁSZ;BRAK;BRAK;BRAK;;Duży zestaw naprawczy do pancerzy;250;FAŁSZ;5;5;BRAK;BRAK;BRAK;BRAK;5;5;5;0;0;0;Płatnerz;Hełmy;HELMETNORD2.3ds;TAK;TAK;TAK;PRAWDA
Tkanina;3,61;4,43;FAŁSZ; Materiał tkany z Lnu, używany do produkcji odzieży i innych przedmiotów.;ITEM_CAT_NONE;-;Materials;Materials;AdminMaterials;materials;PRAWDA;ITCR_SDRP_INGR_32;-;ITMI_GS_MAT_183;0,2;0;Gamemaster;FAŁSZ;BRAK;BRAK;BRAK;BRAK;BRAK;BRAK;BRAK;BRAK;BRAK;BRAK;BRAK;BRAK;BRAK;BRAK;BRAK;BRAK;FAŁSZ;BRAK;BRAK;BRAK;;BRAK;BRAK;PRAWDA;5;5;BRAK;BRAK;BRAK;BRAK;BRAK;BRAK;BRAK;BRAK;BRAK;BRAK;Krawiec;Inne;IT_Fabric.3ds;TAK;TAK;TAK;PRAWDA
Nici;3,75;4,31;FAŁSZ;Cienkie włókna używane do szycia i tkania.;ITEM_CAT_NONE;-;Materials;Materials;AdminMaterials;materials;PRAWDA;ITCR_SDRP_INGR_33;-;ITMI_GS_MAT_184;0,1;1;Gamemaster;FAŁSZ;BRAK;BRAK;BRAK;BRAK;BRAK;BRAK;BRAK;BRAK;BRAK;BRAK;BRAK;BRAK;BRAK;BRAK;BRAK;BRAK;FAŁSZ;BRAK;BRAK;BRAK;;BRAK;BRAK;PRAWDA;5;5;BRAK;BRAK;BRAK;BRAK;BRAK;BRAK;BRAK;BRAK;BRAK;BRAK;Krawiec;Inne;IT_Thread.3ds;TAK;TAK;TAK;PRAWDA
Wełniana tkanina;6,37;11,46;FAŁSZ;Tkanina wykonana z wełny, ciepła i miękka w dotyku.;ITEM_CAT_NONE;-;Materials;Materials;AdminMaterials;materials;PRAWDA;TKANINA_WELNA;-;ITMI_GS_MAT_185;0,3;2;Gamemaster;FAŁSZ;BRAK;BRAK;BRAK;BRAK;BRAK;BRAK;BRAK;BRAK;BRAK;BRAK;BRAK;BRAK;BRAK;BRAK;BRAK;BRAK;FAŁSZ;BRAK;BRAK;BRAK;;BRAK;BRAK;PRAWDA;5;5;BRAK;BRAK;BRAK;BRAK;BRAK;BRAK;BRAK;BRAK;BRAK;BRAK;Krawiec;Inne;TKANINA_WELNA.3ds;TAK;TAK;TAK;PRAWDA
Koszula;27,92;33,40;FAŁSZ;Podstawowy element garderoby, idealny do noszenia na co dzień.;ITEM_CAT_NONE;-;Materials;Materials;AdminMaterials;materials;PRAWDA;ITAR_BAU_L_03;-;ITMI_GS_MAT_186;1;1;Gamemaster;FAŁSZ;BRAK;BRAK;BRAK;BRAK;BRAK;BRAK;BRAK;BRAK;BRAK;BRAK;BRAK;BRAK;BRAK;BRAK;BRAK;BRAK;FAŁSZ;BRAK;BRAK;BRAK;;BRAK;BRAK;PRAWDA;5;5;BRAK;BRAK;BRAK;BRAK;BRAK;BRAK;BRAK;BRAK;BRAK;BRAK;Krawiec;Inne;ITAR_BAU_L_03.3ds;TAK;TAK;TAK;PRAWDA
Opaska nowicjusza;27,92;33,40;FAŁSZ;Opaska podpowiadająca iż osoba w nią odziana, zaczyna nowy rozdział w swoim życiu.;ITEM_CAT_NONE;-;Materials;Materials;AdminMaterials;materials;PRAWDA;ITHE_SDRP_CAP_46;-;ITMI_GS_MAT_187;1;1;Gamemaster;FAŁSZ;BRAK;BRAK;BRAK;BRAK;BRAK;BRAK;BRAK;BRAK;BRAK;BRAK;BRAK;BRAK;BRAK;BRAK;BRAK;BRAK;FAŁSZ;BRAK;BRAK;BRAK;;BRAK;BRAK;PRAWDA;5;5;BRAK;BRAK;BRAK;BRAK;BRAK;BRAK;BRAK;BRAK;BRAK;BRAK;Krawiec;Inne;OpaskaOczy.3ds;TAK;TAK;TAK;PRAWDA
Luźna suknia;30,42;35,90;FAŁSZ;Komfortowa i swobodna suknia.;ITEM_CAT_NONE;-;Materials;Materials;AdminMaterials;materials;PRAWDA;LUZNA_SUKNIA;-;ITMI_GS_MAT_188;1;1;Gamemaster;FAŁSZ;BRAK;BRAK;BRAK;BRAK;BRAK;BRAK;BRAK;BRAK;BRAK;BRAK;BRAK;BRAK;BRAK;BRAK;BRAK;BRAK;FAŁSZ;BRAK;BRAK;BRAK;;BRAK;BRAK;PRAWDA;5;5;BRAK;BRAK;BRAK;BRAK;BRAK;BRAK;BRAK;BRAK;BRAK;BRAK;Krawiec;Inne;LUZNA_SUKNIA.3ds;TAK;TAK;TAK;PRAWDA
Habit;88,52;135,23;FAŁSZ;Część stroju, noszona przez osoby zakonne.;ITEM_CAT_NONE;-;Materials;Materials;AdminMaterials;materials;PRAWDA;ITAR_NOV_FIRE;-;ITMI_GS_MAT_189;1;2;Gamemaster;FAŁSZ;BRAK;BRAK;BRAK;BRAK;BRAK;BRAK;BRAK;BRAK;BRAK;BRAK;BRAK;BRAK;BRAK;BRAK;BRAK;BRAK;FAŁSZ;BRAK;BRAK;BRAK;;BRAK;BRAK;PRAWDA;5;5;BRAK;BRAK;BRAK;BRAK;BRAK;BRAK;BRAK;BRAK;BRAK;BRAK;Krawiec;Inne;ITAR_NOV_FIRE.3ds;TAK;TAK;TAK;PRAWDA
Kamizelka;48,63;72,27;FAŁSZ;Dodatek do garderoby, dodający nieco ciepła.;ITEM_CAT_NONE;-;Materials;Materials;AdminMaterials;materials;PRAWDA;ITAR_KM_VLK_05;-;ITMI_GS_MAT_190;1;2;Gamemaster;FAŁSZ;BRAK;BRAK;BRAK;BRAK;BRAK;BRAK;BRAK;BRAK;BRAK;BRAK;BRAK;BRAK;BRAK;BRAK;BRAK;BRAK;FAŁSZ;BRAK;BRAK;BRAK;;BRAK;BRAK;PRAWDA;5;5;BRAK;BRAK;BRAK;BRAK;BRAK;BRAK;BRAK;BRAK;BRAK;BRAK;Krawiec;Inne;ITAR_KM_VLK_05.3ds;TAK;TAK;TAK;PRAWDA
Szykowna suknia;46,22;53,58;FAŁSZ;Piękna i dodająca szyku suknia.;ITEM_CAT_NONE;-;Materials;Materials;AdminMaterials;materials;PRAWDA;SZYKOWNA_SUKNIA;-;ITMI_GS_MAT_191;1;3;Gamemaster;FAŁSZ;BRAK;BRAK;BRAK;BRAK;BRAK;BRAK;BRAK;BRAK;BRAK;BRAK;BRAK;BRAK;BRAK;BRAK;BRAK;BRAK;FAŁSZ;BRAK;BRAK;BRAK;;BRAK;BRAK;PRAWDA;5;5;BRAK;BRAK;BRAK;BRAK;BRAK;BRAK;BRAK;BRAK;BRAK;BRAK;Krawiec;Inne;SZYKOWNA_SUKNIA.3ds;TAK;TAK;TAK;PRAWDA
Rękawice;74,53;110,49;FAŁSZ;Zwykle noszone podczas zimy, dodaje wdzięku.;ITEM_CAT_NONE;-;Materials;Materials;AdminMaterials;materials;PRAWDA;KM_VOB_ARMORER_GLOVES_02;-;ITMI_GS_MAT_192;1;3;Gamemaster;FAŁSZ;BRAK;BRAK;BRAK;BRAK;BRAK;BRAK;BRAK;BRAK;BRAK;BRAK;BRAK;BRAK;BRAK;BRAK;BRAK;BRAK;FAŁSZ;BRAK;BRAK;BRAK;;BRAK;BRAK;PRAWDA;5;5;BRAK;BRAK;BRAK;BRAK;BRAK;BRAK;BRAK;BRAK;BRAK;BRAK;Krawiec;Inne;KM_VOB_ARMORER_GLOVES_02.3ds;TAK;TAK;TAK;PRAWDA
Ornat;308,30;334,07;FAŁSZ;Szata noszona, przez osoby zakonne.;ITEM_CAT_NONE;-;Materials;Materials;AdminMaterials;materials;PRAWDA;ITAR_KDF_L_KM;-;ITMI_GS_MAT_193;1;3;Gamemaster;FAŁSZ;BRAK;BRAK;BRAK;BRAK;BRAK;BRAK;BRAK;BRAK;BRAK;BRAK;BRAK;BRAK;BRAK;BRAK;BRAK;BRAK;FAŁSZ;BRAK;BRAK;BRAK;;BRAK;BRAK;PRAWDA;5;5;BRAK;BRAK;BRAK;BRAK;BRAK;BRAK;BRAK;BRAK;BRAK;BRAK;Krawiec;Inne;ITAR_KDF_L_KM.3ds;TAK;TAK;TAK;PRAWDA
Płaszcz;352,30;378,07;FAŁSZ;Okrycie wierzchnie, które chroni przed zimnem i wiatrem.;ITEM_CAT_NONE;-;Materials;Materials;AdminMaterials;materials;PRAWDA;ITAR_KM_VLK_04;-;ITMI_GS_MAT_194;1;4;Gamemaster;FAŁSZ;BRAK;BRAK;BRAK;BRAK;BRAK;BRAK;BRAK;BRAK;BRAK;BRAK;BRAK;BRAK;BRAK;BRAK;BRAK;BRAK;FAŁSZ;BRAK;BRAK;BRAK;;BRAK;BRAK;FAŁSZ;5;5;BRAK;BRAK;BRAK;BRAK;BRAK;BRAK;BRAK;BRAK;BRAK;BRAK;Krawiec;Inne;ITAR_KM_VLK_04.3ds;TAK;TAK;TAK;PRAWDA
Elegancka suknia;449,45;488,11;FAŁSZ;Piękna i stylowa suknia, idealna na ważne wydarzenia.;ITEM_CAT_NONE;-;Materials;Materials;AdminMaterials;materials;PRAWDA;ITAR_VLKBABE;-;ITMI_GS_MAT_195;1;5;Gamemaster;FAŁSZ;BRAK;BRAK;BRAK;BRAK;BRAK;BRAK;BRAK;BRAK;BRAK;BRAK;BRAK;BRAK;BRAK;BRAK;BRAK;BRAK;FAŁSZ;BRAK;BRAK;BRAK;;BRAK;BRAK;FAŁSZ;5;5;BRAK;BRAK;BRAK;BRAK;BRAK;BRAK;BRAK;BRAK;BRAK;BRAK;Krawiec;Inne;ITAR_VLKBABE.3ds;TAK;TAK;TAK;PRAWDA
Kaftan;449,45;488,11;FAŁSZ;Tradycyjny strój noszony w niektórych kulturach.;ITEM_CAT_NONE;-;Materials;Materials;AdminMaterials;materials;PRAWDA;ITAR_KM_VLK_02;-;ITMI_GS_MAT_196;1;5;Gamemaster;FAŁSZ;BRAK;BRAK;BRAK;BRAK;BRAK;BRAK;BRAK;BRAK;BRAK;BRAK;BRAK;BRAK;BRAK;BRAK;BRAK;BRAK;FAŁSZ;BRAK;BRAK;BRAK;;BRAK;BRAK;FAŁSZ;5;5;BRAK;BRAK;BRAK;BRAK;BRAK;BRAK;BRAK;BRAK;BRAK;BRAK;Krawiec;Inne;ITAR_KM_VLK_02.3ds;TAK;TAK;TAK;PRAWDA
Biedny szmaciany strój;28,82;36,65;FAŁSZ;Szmaty zakrywające najważniejsze elementy ciała. Nie zapewniające ochrony przed zimnem, a także innymi nieprzyjaznymi warunkami.;ITEM_CAT_ARMOR;ITEM_WEAR_TORSO;Armor;Clothes;AdminArmor;armors;FAŁSZ;ITAR_SDRP_CLH_18;-;ITAR_GS_CLH_01;3;0;Gamemaster;FAŁSZ;BRAK;BRAK;BRAK;BRAK;BRAK;BRAK;BRAK;BRAK;BRAK;BRAK;0;0;0;BRAK;BRAK;BRAK;FAŁSZ;BRAK;0;0;;Zestaw do szycia;50;PRAWDA;5;5;BRAK;BRAK;BRAK;BRAK;0;0;0;0;0;0;Krawiec;Stroje;KOP_SMAC_KOSZ.asc;TAK;TAK;TAK;PRAWDA
Szmaciany strój;28,82;36,65;FAŁSZ;Szmaty zakrywające najważniejsze elementy ciała. Nie zapewniające ochrony przed zimnem, a także innymi nieprzyjaznymi warunkami.;ITEM_CAT_ARMOR;ITEM_WEAR_TORSO;Armor;Clothes;AdminArmor;armors;FAŁSZ;LINK;-;ITAR_GS_CLH_02;3;0;Gamemaster;FAŁSZ;BRAK;BRAK;BRAK;BRAK;BRAK;BRAK;BRAK;BRAK;BRAK;BRAK;0;0;0;BRAK;BRAK;BRAK;FAŁSZ;BRAK;0;0;;Zestaw do szycia;50;PRAWDA;5;5;BRAK;BRAK;BRAK;BRAK;0;0;0;0;0;0;Krawiec;Stroje;GS_Armor_BAU_L_01.asc;TAK;TAK;TAK;PRAWDA
Biedny szmaciany strój z kapturem;28,82;36,65;FAŁSZ;Szmaty zakrywające najważniejsze elementy ciała. Nie zapewniające ochrony przed zimnem, a także innymi nieprzyjaznymi warunkami.;ITEM_CAT_ARMOR;ITEM_WEAR_TORSO;Armor;Clothes;AdminArmor;armors;FAŁSZ;ITAR_SDRP_CLH_17;-;ITAR_GS_CLH_03;3;0;Gamemaster;FAŁSZ;BRAK;BRAK;BRAK;BRAK;BRAK;BRAK;BRAK;BRAK;BRAK;BRAK;0;0;0;BRAK;BRAK;BRAK;FAŁSZ;BRAK;0;0;;Zestaw do szycia;50;PRAWDA;5;5;BRAK;BRAK;BRAK;BRAK;0;0;0;0;0;0;Krawiec;Stroje;KAPTURREK_KOPACZA.asc;TAK;TAK;TAK;PRAWDA
Spodnie kopacza;25,69;32,90;FAŁSZ;Spodnie nie zapewniającego ochrony przed zimnem, a także odkrywający gołe ciało, narażone na wszelkiego rodzaju muszki.;ITEM_CAT_ARMOR;ITEM_WEAR_TORSO;Armor;Clothes;AdminArmor;armors;FAŁSZ;ITAR_SDRP_CLH_02;-;ITAR_GS_CLH_04;3;0;Gamemaster;FAŁSZ;BRAK;BRAK;BRAK;BRAK;BRAK;BRAK;BRAK;BRAK;BRAK;BRAK;0;0;0;BRAK;BRAK;BRAK;FAŁSZ;BRAK;0;0;;Zestaw do szycia;50;PRAWDA;5;5;BRAK;BRAK;BRAK;BRAK;0;0;0;0;0;0;Krawiec;Stroje;Sc_kopacz.asc;TAK;TAK;TAK;PRAWDA
Spodnie kopacza z przepaską;25,69;32,90;FAŁSZ;Spodnie nie zapewniającego ochrony przed zimnem, a także odkrywający gołe ciało, narażone na wszelkiego rodzaju muszki.;ITEM_CAT_ARMOR;ITEM_WEAR_TORSO;Armor;Clothes;AdminArmor;armors;FAŁSZ;ITAR_SDRP_CLH_01;-;ITAR_GS_CLH_05;3;0;Gamemaster;FAŁSZ;BRAK;BRAK;BRAK;BRAK;BRAK;BRAK;BRAK;BRAK;BRAK;BRAK;0;0;0;BRAK;BRAK;BRAK;FAŁSZ;BRAK;0;0;;Zestaw do szycia;50;PRAWDA;5;5;BRAK;BRAK;BRAK;BRAK;0;0;0;0;0;0;Krawiec;Stroje;Sc_kopacz_H.asc;TAK;TAK;TAK;PRAWDA
Szmaciane spodnie;25,69;32,90;FAŁSZ;Spodnie nie zapewniającego ochrony przed zimnem, a także odkrywający gołe ciało, narażone na wszelkiego rodzaju muszki.;ITEM_CAT_ARMOR;ITEM_WEAR_TORSO;Armor;Clothes;AdminArmor;armors;FAŁSZ;ITAR_SDRP_CLH_30;-;ITAR_GS_CLH_06;3;0;Gamemaster;FAŁSZ;BRAK;BRAK;BRAK;BRAK;BRAK;BRAK;BRAK;BRAK;BRAK;BRAK;0;0;0;BRAK;BRAK;BRAK;FAŁSZ;BRAK;0;0;;Zestaw do szycia;50;PRAWDA;5;5;BRAK;BRAK;BRAK;BRAK;0;0;0;0;0;0;Krawiec;Stroje;latane_spodnie1.asc;TAK;TAK;TAK;PRAWDA
Szare spodnie;25,69;32,90;FAŁSZ;Spodnie nie zapewniającego ochrony przed zimnem, a także odkrywający gołe ciało, narażone na wszelkiego rodzaju muszki.;ITEM_CAT_ARMOR;ITEM_WEAR_TORSO;Armor;Clothes;AdminArmor;armors;FAŁSZ;ITAR_SDRP_KM_07;-;ITAR_GS_CLH_07;3;0;Gamemaster;FAŁSZ;BRAK;BRAK;BRAK;BRAK;BRAK;BRAK;BRAK;BRAK;BRAK;BRAK;0;0;0;BRAK;BRAK;BRAK;FAŁSZ;BRAK;0;0;;Zestaw do szycia;50;PRAWDA;5;5;BRAK;BRAK;BRAK;BRAK;0;0;0;0;0;0;Krawiec;Stroje;KM_PANTS_07.asc;TAK;TAK;TAK;PRAWDA
Pozszywane spodnie;25,69;32,90;FAŁSZ;Spodnie nie zapewniającego ochrony przed zimnem, a także odkrywający gołe ciało, narażone na wszelkiego rodzaju muszki.;ITEM_CAT_ARMOR;ITEM_WEAR_TORSO;Armor;Clothes;AdminArmor;armors;FAŁSZ;ITAR_SDRP_KM_06;-;ITAR_GS_CLH_08;3;0;Gamemaster;FAŁSZ;BRAK;BRAK;BRAK;BRAK;BRAK;BRAK;BRAK;BRAK;BRAK;BRAK;0;0;0;BRAK;BRAK;BRAK;FAŁSZ;BRAK;0;0;;Zestaw do szycia;50;PRAWDA;5;5;BRAK;BRAK;BRAK;BRAK;0;0;0;0;0;0;Krawiec;Stroje;KM_PANTS_06.asc;TAK;TAK;TAK;PRAWDA
Łatane spodnie;25,69;32,90;FAŁSZ;Spodnie nie zapewniającego ochrony przed zimnem, a także odkrywający gołe ciało, narażone na wszelkiego rodzaju muszki.;ITEM_CAT_ARMOR;ITEM_WEAR_TORSO;Armor;Clothes;AdminArmor;armors;FAŁSZ;ITAR_SDRP_KM_05;-;ITAR_GS_CLH_09;3;0;Gamemaster;FAŁSZ;BRAK;BRAK;BRAK;BRAK;BRAK;BRAK;BRAK;BRAK;BRAK;BRAK;0;0;0;BRAK;BRAK;BRAK;FAŁSZ;BRAK;0;0;;Zestaw do szycia;50;PRAWDA;5;5;BRAK;BRAK;BRAK;BRAK;0;0;0;0;0;0;Krawiec;Stroje;KM_PANTS_05.asc;TAK;TAK;TAK;PRAWDA
Brązowe pozszywane spodnie;25,69;32,90;FAŁSZ;Spodnie nie zapewniającego ochrony przed zimnem, a także odkrywający gołe ciało, narażone na wszelkiego rodzaju muszki.;ITEM_CAT_ARMOR;ITEM_WEAR_TORSO;Armor;Clothes;AdminArmor;armors;FAŁSZ;ITAR_SDRP_KM_04;-;ITAR_GS_CLH_10;3;0;Gamemaster;FAŁSZ;BRAK;BRAK;BRAK;BRAK;BRAK;BRAK;BRAK;BRAK;BRAK;BRAK;0;0;0;BRAK;BRAK;BRAK;FAŁSZ;BRAK;0;0;;Zestaw do szycia;50;PRAWDA;5;5;BRAK;BRAK;BRAK;BRAK;0;0;0;0;0;0;Krawiec;Stroje;KM_PANTS_04.asc;TAK;TAK;TAK;PRAWDA
Brązowe spodnie;25,69;32,90;FAŁSZ;Spodnie nie zapewniającego ochrony przed zimnem, a także odkrywający gołe ciało, narażone na wszelkiego rodzaju muszki.;ITEM_CAT_ARMOR;ITEM_WEAR_TORSO;Armor;Clothes;AdminArmor;armors;FAŁSZ;ITAR_SDRP_KM_03;-;ITAR_GS_CLH_11;3;0;Gamemaster;FAŁSZ;BRAK;BRAK;BRAK;BRAK;BRAK;BRAK;BRAK;BRAK;BRAK;BRAK;0;0;0;BRAK;BRAK;BRAK;FAŁSZ;BRAK;0;0;;Zestaw do szycia;50;PRAWDA;5;5;BRAK;BRAK;BRAK;BRAK;0;0;0;0;0;0;Krawiec;Stroje;KM_PANTS_03.asc;TAK;TAK;TAK;PRAWDA
Zszywane spodnie;25,69;32,90;FAŁSZ;Spodnie nie zapewniającego ochrony przed zimnem, a także odkrywający gołe ciało, narażone na wszelkiego rodzaju muszki.;ITEM_CAT_ARMOR;ITEM_WEAR_TORSO;Armor;Clothes;AdminArmor;armors;FAŁSZ;ITAR_SDRP_KM_02;-;ITAR_GS_CLH_12;3;0;Gamemaster;FAŁSZ;BRAK;BRAK;BRAK;BRAK;BRAK;BRAK;BRAK;BRAK;BRAK;BRAK;0;0;0;BRAK;BRAK;BRAK;FAŁSZ;BRAK;0;0;;Zestaw do szycia;50;PRAWDA;5;5;BRAK;BRAK;BRAK;BRAK;0;0;0;0;0;0;Krawiec;Stroje;KM_PANTS_02.asc;TAK;TAK;TAK;PRAWDA
Płocienne spodnie;25,69;32,90;FAŁSZ;Spodnie nie zapewniającego ochrony przed zimnem, a także odkrywający gołe ciało, narażone na wszelkiego rodzaju muszki.;ITEM_CAT_ARMOR;ITEM_WEAR_TORSO;Armor;Clothes;AdminArmor;armors;FAŁSZ;ITAR_SDRP_KM_01;-;ITAR_GS_CLH_13;3;0;Gamemaster;FAŁSZ;BRAK;BRAK;BRAK;BRAK;BRAK;BRAK;BRAK;BRAK;BRAK;BRAK;0;0;0;BRAK;BRAK;BRAK;FAŁSZ;BRAK;0;0;;Zestaw do szycia;50;PRAWDA;5;5;BRAK;BRAK;BRAK;BRAK;0;0;0;0;0;0;Krawiec;Stroje;KM_PANTS_01.asc;TAK;TAK;TAK;PRAWDA
Ręcznik;18,47;23,15;FAŁSZ;Ręcznik idealnie nadający się do łaźni. Nie zapewnia żadnej ochrony przed zimnem, a także innymi nieprzyjaznimi warunkami.;ITEM_CAT_ARMOR;ITEM_WEAR_TORSO;Armor;Clothes;AdminArmor;armors;FAŁSZ;ITAR_KM_VLK_BATH;-;ITAR_GS_CLH_14;3;0;Gamemaster;FAŁSZ;BRAK;BRAK;BRAK;BRAK;BRAK;BRAK;BRAK;BRAK;BRAK;BRAK;0;0;0;BRAK;BRAK;BRAK;FAŁSZ;BRAK;0;0;;Zestaw do szycia;50;PRAWDA;5;5;BRAK;BRAK;BRAK;BRAK;0;0;0;0;0;0;Krawiec;Stroje;KM_VLK_BATH.asc;TAK;TAK;TAK;PRAWDA
Muskularny ręcznik;BRAK;BRAK;FAŁSZ;Ręcznik idealnie nadający się do łaźni. Nie zapewnia żadnej ochrony przed zimnem, a także innymi nieprzyjaznimi warunkami.;ITEM_CAT_ARMOR;ITEM_WEAR_TORSO;Armor;Clothes;AdminArmor;armors;FAŁSZ;GS_BATH_MUSCLE_01.ASC;-;ITAR_GS_CLH_14_1;3;0;Gamemaster;FAŁSZ;BRAK;BRAK;BRAK;BRAK;BRAK;BRAK;BRAK;BRAK;BRAK;BRAK;0;0;0;BRAK;BRAK;BRAK;FAŁSZ;BRAK;0;0;;Zestaw do szycia;50;PRAWDA;5;5;BRAK;BRAK;BRAK;BRAK;0;0;0;0;0;0;Krawiec;Stroje;GS_BATH_MUSCLE_01.asc;TAK;TAK;TAK;FAŁSZ
Kobiecy pełny ręcznik;BRAK;BRAK;FAŁSZ;Ręcznik idealnie nadający się do łaźni. Nie zapewnia żadnej ochrony przed zimnem, a także innymi nieprzyjaznimi warunkami.;ITEM_CAT_ARMOR;ITEM_WEAR_TORSO;Armor;Clothes;AdminArmor;armors;FAŁSZ;GS_BABE_BATH_02.ASC;-;ITAR_GS_CLH_14_2;3;0;Gamemaster;FAŁSZ;BRAK;BRAK;BRAK;BRAK;BRAK;BRAK;BRAK;BRAK;BRAK;BRAK;0;0;0;BRAK;BRAK;BRAK;FAŁSZ;BRAK;0;0;;Zestaw do szycia;50;PRAWDA;5;5;BRAK;BRAK;BRAK;BRAK;0;0;0;0;0;0;Krawiec;Stroje;GS_BABE_BATH_02.asc;TAK;TAK;TAK;FAŁSZ
Kobiecy ręcznik;BRAK;BRAK;FAŁSZ;Ręcznik idealnie nadający się do łaźni. Nie zapewnia żadnej ochrony przed zimnem, a także innymi nieprzyjaznimi warunkami.;ITEM_CAT_ARMOR;ITEM_WEAR_TORSO;Armor;Clothes;AdminArmor;armors;FAŁSZ;GS_BABE_BATH_01.ASC;-;ITAR_GS_CLH_14_3;3;0;Gamemaster;FAŁSZ;BRAK;BRAK;BRAK;BRAK;BRAK;BRAK;BRAK;BRAK;BRAK;BRAK;0;0;0;BRAK;BRAK;BRAK;FAŁSZ;BRAK;0;0;;Zestaw do szycia;50;PRAWDA;5;5;BRAK;BRAK;BRAK;BRAK;0;0;0;0;0;0;Krawiec;Stroje;GS_BABE_BATH_01.asc;TAK;TAK;TAK;FAŁSZ
Łachmany biedaka;18,47;23,15;FAŁSZ;Szmaty zakrywające najważniejsze elementy ciała. Nie zapewniające ochrony przed zimnem, a także innymi nieprzyjaznymi warunkami.;ITEM_CAT_ARMOR;ITEM_WEAR_TORSO;Armor;Clothes;AdminArmor;armors;FAŁSZ;GG_BanditArmor_L.asc;-;ITAR_GS_CLH_14_4;3;0;Gamemaster;FAŁSZ;BRAK;BRAK;BRAK;BRAK;BRAK;BRAK;BRAK;BRAK;BRAK;BRAK;0;0;0;BRAK;BRAK;BRAK;FAŁSZ;BRAK;0;0;;Zestaw do szycia;50;PRAWDA;5;5;BRAK;BRAK;BRAK;BRAK;0;0;0;0;0;0;Krawiec;Stroje;GG_BanditArmor_L.asc;TAK;TAK;TAK;PRAWDA
Strój knykcia;BRAK;BRAK;FAŁSZ;Nieźle uszyty strój, zapewniający niewielką ochronę przed zimnem, deszczami czy innymi aspektami pogody.;ITEM_CAT_ARMOR;ITEM_WEAR_TORSO;Armor;Clothes;AdminArmor;armors;FAŁSZ; Armor_Gravedigger_01_Woodenleg.asc;-;ITAR_GS_CLH_14_5;3;0;Gamemaster;FAŁSZ;BRAK;BRAK;BRAK;BRAK;BRAK;BRAK;BRAK;BRAK;BRAK;BRAK;0;0;0;BRAK;BRAK;BRAK;FAŁSZ;BRAK;0;0;;Zestaw do szycia;50;PRAWDA;5;5;BRAK;BRAK;BRAK;BRAK;0;0;0;0;0;0;Krawiec;Stroje;Armor_Gravedigger_01_Woodenleg.asc;TAK;TAK;TAK;FAŁSZ
Strój robotnika;73,38;95,56;FAŁSZ;Nieźle uszyty strój, zapewniający niewielką ochronę przed zimnem, deszczami czy innymi aspektami pogody.;ITEM_CAT_ARMOR;ITEM_WEAR_TORSO;Armor;Clothes;AdminArmor;armors;FAŁSZ;LINK;-;ITAR_GS_CLH_15;3;1;Gamemaster;FAŁSZ;BRAK;BRAK;BRAK;BRAK;BRAK;BRAK;BRAK;BRAK;BRAK;BRAK;0;0;0;BRAK;BRAK;BRAK;FAŁSZ;BRAK;0;0;;Zestaw do szycia;100;PRAWDA;5;5;BRAK;BRAK;BRAK;BRAK;5;5;5;0;0;0;Krawiec;Stroje;GS_Armor_BAU_L_02.asc;TAK;TAK;TAK;PRAWDA
Strój posłańca;73,38;95,56;FAŁSZ;Nieźle uszyty strój, zapewniający niewielką ochronę przed zimnem, deszczami czy innymi aspektami pogody.;ITEM_CAT_ARMOR;ITEM_WEAR_TORSO;Armor;Clothes;AdminArmor;armors;FAŁSZ;ITAR_SDRP2_RB_05;-;ITAR_GS_CLH_16;3;1;Gamemaster;FAŁSZ;BRAK;BRAK;BRAK;BRAK;BRAK;BRAK;BRAK;BRAK;BRAK;BRAK;0;0;0;BRAK;BRAK;BRAK;FAŁSZ;BRAK;0;0;;Zestaw do szycia;100;PRAWDA;5;5;BRAK;BRAK;BRAK;BRAK;5;5;5;0;0;0;Krawiec;Stroje;SZKODNIK_SABAT.asc;TAK;TAK;TAK;PRAWDA
Niebieska porządna koszula;73,38;95,56;FAŁSZ;Nieźle uszyty strój, zapewniający niewielką ochronę przed zimnem, deszczami czy innymi aspektami pogody.;ITEM_CAT_ARMOR;ITEM_WEAR_TORSO;Armor;Clothes;AdminArmor;armors;FAŁSZ;ITAR_SDRP_KM_21;-;ITAR_GS_CLH_17;3;1;Gamemaster;FAŁSZ;BRAK;BRAK;BRAK;BRAK;BRAK;BRAK;BRAK;BRAK;BRAK;BRAK;0;0;0;BRAK;BRAK;BRAK;FAŁSZ;BRAK;0;0;;Zestaw do szycia;100;PRAWDA;5;5;BRAK;BRAK;BRAK;BRAK;5;5;5;0;0;0;Krawiec;Stroje;SDRP_OSADA_PRACOWNIK.asc;TAK;TAK;TAK;PRAWDA
Czarna porządna koszula;73,38;95,56;FAŁSZ;Nieźle uszyty strój, zapewniający niewielką ochronę przed zimnem, deszczami czy innymi aspektami pogody.;ITEM_CAT_ARMOR;ITEM_WEAR_TORSO;Armor;Clothes;AdminArmor;armors;FAŁSZ;ITAR_SDRP_KM_15;-;ITAR_GS_CLH_18;3;1;Gamemaster;FAŁSZ;BRAK;BRAK;BRAK;BRAK;BRAK;BRAK;BRAK;BRAK;BRAK;BRAK;0;0;0;BRAK;BRAK;BRAK;FAŁSZ;BRAK;0;0;;Zestaw do szycia;100;PRAWDA;5;5;BRAK;BRAK;BRAK;BRAK;5;5;5;0;0;0;Krawiec;Stroje;KM_SAILOR_04.asc;TAK;TAK;TAK;PRAWDA
Żółtawa porządna koszula;73,38;95,56;FAŁSZ;Nieźle uszyty strój, zapewniający niewielką ochronę przed zimnem, deszczami czy innymi aspektami pogody.;ITEM_CAT_ARMOR;ITEM_WEAR_TORSO;Armor;Clothes;AdminArmor;armors;FAŁSZ;ITAR_SDRP_KM_14;-;ITAR_GS_CLH_19;3;1;Gamemaster;FAŁSZ;BRAK;BRAK;BRAK;BRAK;BRAK;BRAK;BRAK;BRAK;BRAK;BRAK;0;0;0;BRAK;BRAK;BRAK;FAŁSZ;BRAK;0;0;;Zestaw do szycia;100;PRAWDA;5;5;BRAK;BRAK;BRAK;BRAK;5;5;5;0;0;0;Krawiec;Stroje;KM_SAILOR_03.asc;TAK;TAK;TAK;PRAWDA
Turkusowa porządna koszula;73,38;95,56;FAŁSZ;Nieźle uszyty strój, zapewniający niewielką ochronę przed zimnem, deszczami czy innymi aspektami pogody.;ITEM_CAT_ARMOR;ITEM_WEAR_TORSO;Armor;Clothes;AdminArmor;armors;FAŁSZ;ITAR_SDRP_KM_13;-;ITAR_GS_CLH_20;3;1;Gamemaster;FAŁSZ;BRAK;BRAK;BRAK;BRAK;BRAK;BRAK;BRAK;BRAK;BRAK;BRAK;0;0;0;BRAK;BRAK;BRAK;FAŁSZ;BRAK;0;0;;Zestaw do szycia;100;PRAWDA;5;5;BRAK;BRAK;BRAK;BRAK;5;5;5;0;0;0;Krawiec;Stroje;KM_SAILOR_02.asc;TAK;TAK;TAK;PRAWDA
Kobieca porządna koszula;73,38;95,56;FAŁSZ;Nieźle uszyty strój, zapewniający niewielką ochronę przed zimnem, deszczami czy innymi aspektami pogody.;ITEM_CAT_ARMOR;ITEM_WEAR_TORSO;Armor;Clothes;AdminArmor;armors;FAŁSZ;ITAR_SDRP_KM_22;-;ITAR_GS_CLH_21;3;1;Gamemaster;FAŁSZ;BRAK;BRAK;BRAK;BRAK;BRAK;BRAK;BRAK;BRAK;BRAK;BRAK;0;0;0;BRAK;BRAK;BRAK;FAŁSZ;BRAK;0;0;;Zestaw do szycia;100;PRAWDA;5;5;BRAK;BRAK;BRAK;BRAK;5;5;5;0;0;0;Krawiec;Stroje;SDRP_OSADA_PRACOWNICZKA.asc;TAK;TAK;TAK;PRAWDA
Zielona porządna koszula;73,38;95,56;FAŁSZ;Nieźle uszyty strój, zapewniający niewielką ochronę przed zimnem, deszczami czy innymi aspektami pogody.;ITEM_CAT_ARMOR;ITEM_WEAR_TORSO;Armor;Clothes;AdminArmor;armors;FAŁSZ;ITAR_SDRP_KM_12;-;ITAR_GS_CLH_22;3;1;Gamemaster;FAŁSZ;BRAK;BRAK;BRAK;BRAK;BRAK;BRAK;BRAK;BRAK;BRAK;BRAK;0;0;0;BRAK;BRAK;BRAK;FAŁSZ;BRAK;0;0;;Zestaw do szycia;100;PRAWDA;5;5;BRAK;BRAK;BRAK;BRAK;5;5;5;0;0;0;Krawiec;Stroje;KM_SAILOR_01.asc;TAK;TAK;TAK;PRAWDA
Biały fartuch rzeźnika;73,38;95,56;FAŁSZ;Nieźle uszyty strój, zapewniający niewielką ochronę przed zimnem, deszczami czy innymi aspektami pogody.;ITEM_CAT_ARMOR;ITEM_WEAR_TORSO;Armor;Clothes;AdminArmor;armors;FAŁSZ;ITAR_KM_SMITH_JOE;-;ITAR_GS_CLH_23;3;1;Gamemaster;FAŁSZ;BRAK;BRAK;BRAK;BRAK;BRAK;BRAK;BRAK;BRAK;BRAK;BRAK;0;0;0;BRAK;BRAK;BRAK;FAŁSZ;BRAK;0;0;;Zestaw do szycia;100;PRAWDA;5;5;BRAK;BRAK;BRAK;BRAK;5;5;5;0;0;0;Krawiec;Stroje;Armor_Smith_Joe.asc;TAK;TAK;TAK;PRAWDA
Brązowy fartuch kowala;73,38;95,56;FAŁSZ;Nieźle uszyty strój, zapewniający niewielką ochronę przed zimnem, deszczami czy innymi aspektami pogody.;ITEM_CAT_ARMOR;ITEM_WEAR_TORSO;Armor;Clothes;AdminArmor;armors;FAŁSZ;ITAR_KM_SMITH_03;-;ITAR_GS_CLH_24;3;1;Gamemaster;FAŁSZ;BRAK;BRAK;BRAK;BRAK;BRAK;BRAK;BRAK;BRAK;BRAK;BRAK;0;0;0;BRAK;BRAK;BRAK;FAŁSZ;BRAK;0;0;;Zestaw do szycia;100;PRAWDA;5;5;BRAK;BRAK;BRAK;BRAK;5;5;5;0;0;0;Krawiec;Stroje;DK_ARMOR_CITIZEN_BLACKSMITH_01.asc;TAK;TAK;TAK;PRAWDA
Fartuch karczmarza;73,38;95,56;FAŁSZ;Nieźle uszyty strój, zapewniający niewielką ochronę przed zimnem, deszczami czy innymi aspektami pogody.;ITEM_CAT_ARMOR;ITEM_WEAR_TORSO;Armor;Clothes;AdminArmor;armors;FAŁSZ;ITAR_KM_SMITH_02;-;ITAR_GS_CLH_25;3;1;Gamemaster;FAŁSZ;BRAK;BRAK;BRAK;BRAK;BRAK;BRAK;BRAK;BRAK;BRAK;BRAK;0;0;0;BRAK;BRAK;BRAK;FAŁSZ;BRAK;0;0;;Zestaw do szycia;100;PRAWDA;5;5;BRAK;BRAK;BRAK;BRAK;5;5;5;0;0;0;Krawiec;Stroje;Armor_KM_Smith_02.asc;TAK;TAK;TAK;PRAWDA
Zielony fartuch;73,38;95,56;FAŁSZ;Nieźle uszyty strój, zapewniający niewielką ochronę przed zimnem, deszczami czy innymi aspektami pogody.;ITEM_CAT_ARMOR;ITEM_WEAR_TORSO;Armor;Clothes;AdminArmor;armors;FAŁSZ;ITAR_KM_SMITH_01;-;ITAR_GS_CLH_26;3;1;Gamemaster;FAŁSZ;BRAK;BRAK;BRAK;BRAK;BRAK;BRAK;BRAK;BRAK;BRAK;BRAK;0;0;0;BRAK;BRAK;BRAK;FAŁSZ;BRAK;0;0;;Zestaw do szycia;100;PRAWDA;5;5;BRAK;BRAK;BRAK;BRAK;5;5;5;0;0;0;Krawiec;Stroje;Armor_KM_Smith_01.asc;TAK;TAK;TAK;PRAWDA
Fartuch rzeźnika;73,38;95,56;FAŁSZ;Nieźle uszyty strój, zapewniający niewielką ochronę przed zimnem, deszczami czy innymi aspektami pogody.;ITEM_CAT_ARMOR;ITEM_WEAR_TORSO;Armor;Clothes;AdminArmor;armors;FAŁSZ;ITAR_SDRP_CLH_32;-;ITAR_GS_CLH_27;3;1;Gamemaster;FAŁSZ;BRAK;BRAK;BRAK;BRAK;BRAK;BRAK;BRAK;BRAK;BRAK;BRAK;0;0;0;BRAK;BRAK;BRAK;FAŁSZ;BRAK;0;0;;Zestaw do szycia;100;PRAWDA;5;5;BRAK;BRAK;BRAK;BRAK;5;5;5;0;0;0;Krawiec;Stroje;N34.asc;TAK;TAK;TAK;PRAWDA
Pomarańczowy fartuch;73,38;95,56;FAŁSZ;Nieźle uszyty strój, zapewniający niewielką ochronę przed zimnem, deszczami czy innymi aspektami pogody.;ITEM_CAT_ARMOR;ITEM_WEAR_TORSO;Armor;Clothes;AdminArmor;armors;FAŁSZ;ITAR_SDRP_CLH_28;-;ITAR_GS_CLH_28;3;1;Gamemaster;FAŁSZ;BRAK;BRAK;BRAK;BRAK;BRAK;BRAK;BRAK;BRAK;BRAK;BRAK;0;0;0;BRAK;BRAK;BRAK;FAŁSZ;BRAK;0;0;;Zestaw do szycia;100;PRAWDA;5;5;BRAK;BRAK;BRAK;BRAK;5;5;5;0;0;0;Krawiec;Stroje;KowalA.asc;TAK;TAK;TAK;PRAWDA
Fartuch kowala;73,38;95,56;FAŁSZ;Nieźle uszyty strój, zapewniający niewielką ochronę przed zimnem, deszczami czy innymi aspektami pogody.;ITEM_CAT_ARMOR;ITEM_WEAR_TORSO;Armor;Clothes;AdminArmor;armors;FAŁSZ;ITAR_SDRP_CLH_19;-;ITAR_GS_CLH_29;3;1;Gamemaster;FAŁSZ;BRAK;BRAK;BRAK;BRAK;BRAK;BRAK;BRAK;BRAK;BRAK;BRAK;0;0;0;BRAK;BRAK;BRAK;FAŁSZ;BRAK;0;0;;Zestaw do szycia;100;PRAWDA;5;5;BRAK;BRAK;BRAK;BRAK;5;5;5;0;0;0;Krawiec;Stroje;kowalik1.asc;TAK;TAK;TAK;PRAWDA
Zielony strój farmera;73,38;95,56;FAŁSZ;Nieźle uszyty strój, zapewniający niewielką ochronę przed zimnem, deszczami czy innymi aspektami pogody.;ITEM_CAT_ARMOR;ITEM_WEAR_TORSO;Armor;Clothes;AdminArmor;armors;FAŁSZ;itar_bau_l_02;-;ITAR_GS_CLH_30;3;1;Gamemaster;FAŁSZ;BRAK;BRAK;BRAK;BRAK;BRAK;BRAK;BRAK;BRAK;BRAK;BRAK;0;0;0;BRAK;BRAK;BRAK;FAŁSZ;BRAK;0;0;;Zestaw do szycia;100;PRAWDA;5;5;BRAK;BRAK;BRAK;BRAK;5;5;5;0;0;0;Krawiec;Stroje;KM_BAU_L_02.asc;TAK;TAK;TAK;PRAWDA
Niebieski strój farmera;73,38;95,56;FAŁSZ;Nieźle uszyty strój, zapewniający niewielką ochronę przed zimnem, deszczami czy innymi aspektami pogody.;ITEM_CAT_ARMOR;ITEM_WEAR_TORSO;Armor;Clothes;AdminArmor;armors;FAŁSZ;itar_bau_l_01;-;ITAR_GS_CLH_31;3;1;Gamemaster;FAŁSZ;BRAK;BRAK;BRAK;BRAK;BRAK;BRAK;BRAK;BRAK;BRAK;BRAK;0;0;0;BRAK;BRAK;BRAK;FAŁSZ;BRAK;0;0;;Zestaw do szycia;100;PRAWDA;5;5;BRAK;BRAK;BRAK;BRAK;5;5;5;0;0;0;Krawiec;Stroje;KM_BAU_L_01.asc;TAK;TAK;TAK;PRAWDA
Szary strój farmera;73,38;95,56;FAŁSZ;Nieźle uszyty strój, zapewniający niewielką ochronę przed zimnem, deszczami czy innymi aspektami pogody.;ITEM_CAT_ARMOR;ITEM_WEAR_TORSO;Armor;Clothes;AdminArmor;armors;FAŁSZ;itar_bau_l_jorn;-;ITAR_GS_CLH_32;3;1;Gamemaster;FAŁSZ;BRAK;BRAK;BRAK;BRAK;BRAK;BRAK;BRAK;BRAK;BRAK;BRAK;0;0;0;BRAK;BRAK;BRAK;FAŁSZ;BRAK;0;0;;Zestaw do szycia;100;PRAWDA;5;5;BRAK;BRAK;BRAK;BRAK;5;5;5;0;0;0;Krawiec;Stroje;KM_BAU_L_JORN.asc;TAK;TAK;TAK;PRAWDA
Brązowy strój farmera;73,38;95,56;FAŁSZ;Nieźle uszyty strój, zapewniający niewielką ochronę przed zimnem, deszczami czy innymi aspektami pogody.;ITEM_CAT_ARMOR;ITEM_WEAR_TORSO;Armor;Clothes;AdminArmor;armors;FAŁSZ;ITAR_BAU_L;-;ITAR_GS_CLH_33;3;1;Gamemaster;FAŁSZ;BRAK;BRAK;BRAK;BRAK;BRAK;BRAK;BRAK;BRAK;BRAK;BRAK;0;0;0;BRAK;BRAK;BRAK;FAŁSZ;BRAK;0;0;;Zestaw do szycia;100;PRAWDA;5;5;BRAK;BRAK;BRAK;BRAK;5;5;5;0;0;0;Krawiec;Stroje;Armor_Bau_L.asc;TAK;TAK;TAK;PRAWDA
Damski strój górniczy;73,38;95,56;FAŁSZ;Nieźle uszyty strój, zapewniający niewielką ochronę przed zimnem, deszczami czy innymi aspektami pogody.;ITEM_CAT_ARMOR;ITEM_WEAR_TORSO;Armor;Clothes;AdminArmor;armors;FAŁSZ;itar_sg_bab_05;-;ITAR_GS_CLH_34;3;1;Gamemaster;FAŁSZ;BRAK;BRAK;BRAK;BRAK;BRAK;BRAK;BRAK;BRAK;BRAK;BRAK;0;0;0;BRAK;BRAK;BRAK;FAŁSZ;BRAK;0;0;;Zestaw do szycia;100;PRAWDA;5;5;BRAK;BRAK;BRAK;BRAK;5;5;5;0;0;0;Krawiec;Stroje;UBRANIE_BAB_01.asc;TAK;TAK;TAK;PRAWDA
Biała koszula;73,38;95,56;FAŁSZ;Nieźle uszyty strój, zapewniający niewielką ochronę przed zimnem, deszczami czy innymi aspektami pogody.;ITEM_CAT_ARMOR;ITEM_WEAR_TORSO;Armor;Clothes;AdminArmor;armors;FAŁSZ;ITAR_SDRP_CLH_22;-;ITAR_GS_CLH_35;3;1;Gamemaster;FAŁSZ;BRAK;BRAK;BRAK;BRAK;BRAK;BRAK;BRAK;BRAK;BRAK;BRAK;0;0;0;BRAK;BRAK;BRAK;FAŁSZ;BRAK;0;0;;Zestaw do szycia;100;PRAWDA;5;5;BRAK;BRAK;BRAK;BRAK;5;5;5;0;0;0;Krawiec;Stroje;KOSZULA_SPODNIE.asc;TAK;TAK;TAK;PRAWDA
Czerwona koszula;73,38;95,56;FAŁSZ;Nieźle uszyty strój, zapewniający niewielką ochronę przed zimnem, deszczami czy innymi aspektami pogody.;ITEM_CAT_ARMOR;ITEM_WEAR_TORSO;Armor;Clothes;AdminArmor;armors;FAŁSZ;ITAR_SDRP_CLH_11;-;ITAR_GS_CLH_36;3;1;Gamemaster;FAŁSZ;BRAK;BRAK;BRAK;BRAK;BRAK;BRAK;BRAK;BRAK;BRAK;BRAK;0;0;0;BRAK;BRAK;BRAK;FAŁSZ;BRAK;0;0;;Zestaw do szycia;100;PRAWDA;5;5;BRAK;BRAK;BRAK;BRAK;5;5;5;0;0;0;Krawiec;Stroje;Koszula_czerwona.asc;TAK;TAK;TAK;PRAWDA
Czarna koszula;73,38;95,56;FAŁSZ;Nieźle uszyty strój, zapewniający niewielką ochronę przed zimnem, deszczami czy innymi aspektami pogody.;ITEM_CAT_ARMOR;ITEM_WEAR_TORSO;Armor;Clothes;AdminArmor;armors;FAŁSZ;ITAR_SDRP_CLH_10;-;ITAR_GS_CLH_37;3;1;Gamemaster;FAŁSZ;BRAK;BRAK;BRAK;BRAK;BRAK;BRAK;BRAK;BRAK;BRAK;BRAK;0;0;0;BRAK;BRAK;BRAK;FAŁSZ;BRAK;0;0;;Zestaw do szycia;100;PRAWDA;5;5;BRAK;BRAK;BRAK;BRAK;5;5;5;0;0;0;Krawiec;Stroje;Koszula_czarna.asc;TAK;TAK;TAK;PRAWDA
Żółta koszula;73,38;95,56;FAŁSZ;Nieźle uszyty strój, zapewniający niewielką ochronę przed zimnem, deszczami czy innymi aspektami pogody.;ITEM_CAT_ARMOR;ITEM_WEAR_TORSO;Armor;Clothes;AdminArmor;armors;FAŁSZ;ITAR_SDRP_CLH_08;-;ITAR_GS_CLH_38;3;1;Gamemaster;FAŁSZ;BRAK;BRAK;BRAK;BRAK;BRAK;BRAK;BRAK;BRAK;BRAK;BRAK;0;0;0;BRAK;BRAK;BRAK;FAŁSZ;BRAK;0;0;;Zestaw do szycia;100;PRAWDA;5;5;BRAK;BRAK;BRAK;BRAK;5;5;5;0;0;0;Krawiec;Stroje;Koszula_zolta.asc;TAK;TAK;TAK;PRAWDA
Zielona koszula;73,38;95,56;FAŁSZ;Nieźle uszyty strój, zapewniający niewielką ochronę przed zimnem, deszczami czy innymi aspektami pogody.;ITEM_CAT_ARMOR;ITEM_WEAR_TORSO;Armor;Clothes;AdminArmor;armors;FAŁSZ;ITAR_SDRP_CLH_07;-;ITAR_GS_CLH_39;3;1;Gamemaster;FAŁSZ;BRAK;BRAK;BRAK;BRAK;BRAK;BRAK;BRAK;BRAK;BRAK;BRAK;0;0;0;BRAK;BRAK;BRAK;FAŁSZ;BRAK;0;0;;Zestaw do szycia;100;PRAWDA;5;5;BRAK;BRAK;BRAK;BRAK;5;5;5;0;0;0;Krawiec;Stroje;Koszula_zielona.asc;TAK;TAK;TAK;PRAWDA
Szara koszula;73,38;95,56;FAŁSZ;Nieźle uszyty strój, zapewniający niewielką ochronę przed zimnem, deszczami czy innymi aspektami pogody.;ITEM_CAT_ARMOR;ITEM_WEAR_TORSO;Armor;Clothes;AdminArmor;armors;FAŁSZ;ITAR_SDRP_CLH_06;-;ITAR_GS_CLH_40;3;1;Gamemaster;FAŁSZ;BRAK;BRAK;BRAK;BRAK;BRAK;BRAK;BRAK;BRAK;BRAK;BRAK;0;0;0;BRAK;BRAK;BRAK;FAŁSZ;BRAK;0;0;;Zestaw do szycia;100;PRAWDA;5;5;BRAK;BRAK;BRAK;BRAK;5;5;5;0;0;0;Krawiec;Stroje;Koszula_szara.asc;TAK;TAK;TAK;PRAWDA
Pomarańczowa koszula;73,38;95,56;FAŁSZ;Nieźle uszyty strój, zapewniający niewielką ochronę przed zimnem, deszczami czy innymi aspektami pogody.;ITEM_CAT_ARMOR;ITEM_WEAR_TORSO;Armor;Clothes;AdminArmor;armors;FAŁSZ;ITAR_SDRP_CLH_05;-;ITAR_GS_CLH_41;3;1;Gamemaster;FAŁSZ;BRAK;BRAK;BRAK;BRAK;BRAK;BRAK;BRAK;BRAK;BRAK;BRAK;0;0;0;BRAK;BRAK;BRAK;FAŁSZ;BRAK;0;0;;Zestaw do szycia;100;PRAWDA;5;5;BRAK;BRAK;BRAK;BRAK;5;5;5;0;0;0;Krawiec;Stroje;Koszula_pomarancz.asc;TAK;TAK;TAK;PRAWDA
Niebieska koszula;73,38;95,56;FAŁSZ;Nieźle uszyty strój, zapewniający niewielką ochronę przed zimnem, deszczami czy innymi aspektami pogody.;ITEM_CAT_ARMOR;ITEM_WEAR_TORSO;Armor;Clothes;AdminArmor;armors;FAŁSZ;ITAR_SDRP_CLH_04;-;ITAR_GS_CLH_42;3;1;Gamemaster;FAŁSZ;BRAK;BRAK;BRAK;BRAK;BRAK;BRAK;BRAK;BRAK;BRAK;BRAK;0;0;0;BRAK;BRAK;BRAK;FAŁSZ;BRAK;0;0;;Zestaw do szycia;100;PRAWDA;5;5;BRAK;BRAK;BRAK;BRAK;5;5;5;0;0;0;Krawiec;Stroje;Koszula_navy.asc;TAK;TAK;TAK;PRAWDA
Strój kelnerki;35,56;47,76;FAŁSZ;Nieźle uszyty strój, zapewniający niewielką ochronę przed zimnem, deszczami czy innymi aspektami pogody.;ITEM_CAT_ARMOR;ITEM_WEAR_TORSO;Armor;Clothes;AdminArmor;armors;FAŁSZ;ITAR_WAITRESS;-;ITAR_GS_CLH_43;3;1;Gamemaster;FAŁSZ;BRAK;BRAK;BRAK;BRAK;BRAK;BRAK;BRAK;BRAK;BRAK;BRAK;0;0;0;BRAK;BRAK;BRAK;FAŁSZ;BRAK;0;0;;Zestaw do szycia;100;PRAWDA;5;5;BRAK;BRAK;BRAK;BRAK;5;5;5;0;0;0;Krawiec;Stroje;KM_Waitress.asc;TAK;TAK;TAK;PRAWDA
Beżowa koszula pospólstwa;73,38;95,56;FAŁSZ;Nieźle uszyty strój, zapewniający niewielką ochronę przed zimnem, deszczami czy innymi aspektami pogody.;ITEM_CAT_ARMOR;ITEM_WEAR_TORSO;Armor;Clothes;AdminArmor;armors;FAŁSZ;GS_SLAV_VLK_02_KOZA;-;ITAR_GS_CLH_44;3;1;Gamemaster;FAŁSZ;BRAK;BRAK;BRAK;BRAK;BRAK;BRAK;BRAK;BRAK;BRAK;BRAK;0;0;0;BRAK;BRAK;BRAK;FAŁSZ;BRAK;0;0;;Zestaw do szycia;100;PRAWDA;5;5;BRAK;BRAK;BRAK;BRAK;0;0;0;0;0;0;Krawiec;Stroje;GS_SLAV_VLK_02_KOZA.asc;TAK;TAK;TAK;PRAWDA
Beżowa koszula pospólstwa 2;73,38;95,56;FAŁSZ;Nieźle uszyty strój, zapewniający niewielką ochronę przed zimnem, deszczami czy innymi aspektami pogody.;ITEM_CAT_ARMOR;ITEM_WEAR_TORSO;Armor;Clothes;AdminArmor;armors;FAŁSZ;GS_SLAV_VLK_01_KOZA;-;ITAR_GS_CLH_45;3;1;Gamemaster;FAŁSZ;BRAK;BRAK;BRAK;BRAK;BRAK;BRAK;BRAK;BRAK;BRAK;BRAK;0;0;0;BRAK;BRAK;BRAK;FAŁSZ;BRAK;0;0;;Zestaw do szycia;100;PRAWDA;5;5;BRAK;BRAK;BRAK;BRAK;5;5;5;0;0;0;Krawiec;Stroje;GS_SLAV_VLK_01_KOZA.asc;TAK;TAK;TAK;PRAWDA
Beżowa koszula pospólstwa 3;73,38;95,56;FAŁSZ;Nieźle uszyty strój, zapewniający niewielką ochronę przed zimnem, deszczami czy innymi aspektami pogody.;ITEM_CAT_ARMOR;ITEM_WEAR_TORSO;Armor;Clothes;AdminArmor;armors;FAŁSZ;GS_SLAV_VLK_01_1_KOZA;-;ITAR_GS_CLH_46;3;1;Gamemaster;FAŁSZ;BRAK;BRAK;BRAK;BRAK;BRAK;BRAK;BRAK;BRAK;BRAK;BRAK;0;0;0;BRAK;BRAK;BRAK;FAŁSZ;BRAK;0;0;;Zestaw do szycia;100;PRAWDA;5;5;BRAK;BRAK;BRAK;BRAK;5;5;5;0;0;0;Krawiec;Stroje;GS_SLAV_VLK_01_1_KOZA.asc;TAK;TAK;TAK;PRAWDA
Beżowa koszula pospólstwa 4;73,38;95,56;FAŁSZ;Nieźle uszyty strój, zapewniający niewielką ochronę przed zimnem, deszczami czy innymi aspektami pogody.;ITEM_CAT_ARMOR;ITEM_WEAR_TORSO;Armor;Clothes;AdminArmor;armors;FAŁSZ;GS_SLAV_VLK_02_1_KOZA;-;ITAR_GS_CLH_47;3;1;Gamemaster;FAŁSZ;BRAK;BRAK;BRAK;BRAK;BRAK;BRAK;BRAK;BRAK;BRAK;BRAK;0;0;0;BRAK;BRAK;BRAK;FAŁSZ;BRAK;0;0;;Zestaw do szycia;100;PRAWDA;5;5;BRAK;BRAK;BRAK;BRAK;5;5;5;0;0;0;Krawiec;Stroje;GS_SLAV_VLK_02_1_KOZA.asc;TAK;TAK;TAK;PRAWDA
Zielona koszula pospólstwa;73,38;95,56;FAŁSZ;Nieźle uszyty strój, zapewniający niewielką ochronę przed zimnem, deszczami czy innymi aspektami pogody.;ITEM_CAT_ARMOR;ITEM_WEAR_TORSO;Armor;Clothes;AdminArmor;armors;FAŁSZ;GS_SLAV_VLK_01_2_KOZA.;-;ITAR_GS_CLH_48;3;1;Gamemaster;FAŁSZ;BRAK;BRAK;BRAK;BRAK;BRAK;BRAK;BRAK;BRAK;BRAK;BRAK;0;0;0;BRAK;BRAK;BRAK;FAŁSZ;BRAK;0;0;;Zestaw do szycia;100;PRAWDA;5;5;BRAK;BRAK;BRAK;BRAK;5;5;5;0;0;0;Krawiec;Stroje;GS_SLAV_VLK_01_2_KOZA.asc;TAK;TAK;TAK;PRAWDA
Zielona koszula pospólstwa 2;73,38;95,56;FAŁSZ;Nieźle uszyty strój, zapewniający niewielką ochronę przed zimnem, deszczami czy innymi aspektami pogody.;ITEM_CAT_ARMOR;ITEM_WEAR_TORSO;Armor;Clothes;AdminArmor;armors;FAŁSZ;GS_SLAV_VLK_02_2_KOZA;-;ITAR_GS_CLH_49;3;1;Gamemaster;FAŁSZ;BRAK;BRAK;BRAK;BRAK;BRAK;BRAK;BRAK;BRAK;BRAK;BRAK;0;0;0;BRAK;BRAK;BRAK;FAŁSZ;BRAK;0;0;;Zestaw do szycia;100;PRAWDA;5;5;BRAK;BRAK;BRAK;BRAK;5;5;5;0;0;0;Krawiec;Stroje;GS_SLAV_VLK_02_2_KOZA.asc;TAK;TAK;TAK;PRAWDA
Czerwona koszula pospólstwa;73,38;95,56;FAŁSZ;Nieźle uszyty strój, zapewniający niewielką ochronę przed zimnem, deszczami czy innymi aspektami pogody.;ITEM_CAT_ARMOR;ITEM_WEAR_TORSO;Armor;Clothes;AdminArmor;armors;FAŁSZ;GS_SLAV_VLK_01_4_KOZA;-;ITAR_GS_CLH_50;3;1;Gamemaster;FAŁSZ;BRAK;BRAK;BRAK;BRAK;BRAK;BRAK;BRAK;BRAK;BRAK;BRAK;0;0;0;BRAK;BRAK;BRAK;FAŁSZ;BRAK;0;0;;Zestaw do szycia;100;PRAWDA;5;5;BRAK;BRAK;BRAK;BRAK;5;5;5;0;0;0;Krawiec;Stroje;GS_SLAV_VLK_01_4_KOZA.asc;TAK;TAK;TAK;PRAWDA
Czerwona koszula pospólstwa 2;73,38;95,56;FAŁSZ;Nieźle uszyty strój, zapewniający niewielką ochronę przed zimnem, deszczami czy innymi aspektami pogody.;ITEM_CAT_ARMOR;ITEM_WEAR_TORSO;Armor;Clothes;AdminArmor;armors;FAŁSZ;GS_SLAV_VLK_02_4_KOZA;-;ITAR_GS_CLH_51;3;1;Gamemaster;FAŁSZ;BRAK;BRAK;BRAK;BRAK;BRAK;BRAK;BRAK;BRAK;BRAK;BRAK;0;0;0;BRAK;BRAK;BRAK;FAŁSZ;BRAK;0;0;;Zestaw do szycia;100;PRAWDA;5;5;BRAK;BRAK;BRAK;BRAK;5;5;5;0;0;0;Krawiec;Stroje;GS_SLAV_VLK_02_4_KOZA.asc;TAK;TAK;TAK;PRAWDA
Czarna koszula pospólstwa;73,38;95,56;FAŁSZ;Nieźle uszyty strój, zapewniający niewielką ochronę przed zimnem, deszczami czy innymi aspektami pogody.;ITEM_CAT_ARMOR;ITEM_WEAR_TORSO;Armor;Clothes;AdminArmor;armors;FAŁSZ;GS_SLAV_VLK_01_3_KOZA;-;ITAR_GS_CLH_52;3;1;Gamemaster;FAŁSZ;BRAK;BRAK;BRAK;BRAK;BRAK;BRAK;BRAK;BRAK;BRAK;BRAK;0;0;0;BRAK;BRAK;BRAK;FAŁSZ;BRAK;0;0;;Zestaw do szycia;100;PRAWDA;5;5;BRAK;BRAK;BRAK;BRAK;5;5;5;0;0;0;Krawiec;Stroje;GS_SLAV_VLK_01_3_KOZA.asc;TAK;TAK;TAK;PRAWDA
Czarna koszula pospólstwa 2;73,38;95,56;FAŁSZ;Nieźle uszyty strój, zapewniający niewielką ochronę przed zimnem, deszczami czy innymi aspektami pogody.;ITEM_CAT_ARMOR;ITEM_WEAR_TORSO;Armor;Clothes;AdminArmor;armors;FAŁSZ;GS_SLAV_VLK_02_3_KOZA;-;ITAR_GS_CLH_53;3;1;Gamemaster;FAŁSZ;BRAK;BRAK;BRAK;BRAK;BRAK;BRAK;BRAK;BRAK;BRAK;BRAK;0;0;0;BRAK;BRAK;BRAK;FAŁSZ;BRAK;0;0;;Zestaw do szycia;100;PRAWDA;5;5;BRAK;BRAK;BRAK;BRAK;5;5;5;0;0;0;Krawiec;Stroje;GS_SLAV_VLK_02_3_KOZA.asc;TAK;TAK;TAK;PRAWDA
Lawendowa suknia pospólstwa;119,07;159,88;FAŁSZ;Nieźle uszyty strój, zapewniający niewielką ochronę przed zimnem, deszczami czy innymi aspektami pogody.;ITEM_CAT_ARMOR;ITEM_WEAR_TORSO;Armor;Clothes;AdminArmor;armors;FAŁSZ;ITAR_BAUBABE_L1;-;ITAR_GS_CLH_54;3;1;Gamemaster;FAŁSZ;BRAK;BRAK;BRAK;BRAK;BRAK;BRAK;BRAK;BRAK;BRAK;BRAK;0;0;0;BRAK;BRAK;BRAK;FAŁSZ;BRAK;0;0;;Zestaw do szycia;100;PRAWDA;5;5;BRAK;BRAK;BRAK;BRAK;5;5;5;0;0;0;Krawiec;Stroje;ARMOR_BAUBABE_L1.asc;TAK;TAK;TAK;PRAWDA
Beżowa suknia pospólstwa;119,07;159,88;FAŁSZ;Nieźle uszyty strój, zapewniający niewielką ochronę przed zimnem, deszczami czy innymi aspektami pogody.;ITEM_CAT_ARMOR;ITEM_WEAR_TORSO;Armor;Clothes;AdminArmor;armors;FAŁSZ;ITAR_BAUBABE_L2;-;ITAR_GS_CLH_55;3;1;Gamemaster;FAŁSZ;BRAK;BRAK;BRAK;BRAK;BRAK;BRAK;BRAK;BRAK;BRAK;BRAK;0;0;0;BRAK;BRAK;BRAK;FAŁSZ;BRAK;0;0;;Zestaw do szycia;100;PRAWDA;5;5;BRAK;BRAK;BRAK;BRAK;5;5;5;0;0;0;Krawiec;Stroje;ARMOR_BAUBABE_L2.asc;TAK;TAK;TAK;PRAWDA
Zielonkawa suknia pospólstwa;119,07;159,88;FAŁSZ;Nieźle uszyty strój, zapewniający niewielką ochronę przed zimnem, deszczami czy innymi aspektami pogody.;ITEM_CAT_ARMOR;ITEM_WEAR_TORSO;Armor;Clothes;AdminArmor;armors;FAŁSZ;ITAR_BAUBABE_L3;-;ITAR_GS_CLH_56;3;1;Gamemaster;FAŁSZ;BRAK;BRAK;BRAK;BRAK;BRAK;BRAK;BRAK;BRAK;BRAK;BRAK;0;0;0;BRAK;BRAK;BRAK;FAŁSZ;BRAK;0;0;;Zestaw do szycia;100;PRAWDA;5;5;BRAK;BRAK;BRAK;BRAK;5;5;5;0;0;0;Krawiec;Stroje;ARMOR_BAUBABE_L3.asc;TAK;TAK;TAK;PRAWDA
Czerwonawa suknia pospólstwa;119,07;159,88;FAŁSZ;Nieźle uszyty strój, zapewniający niewielką ochronę przed zimnem, deszczami czy innymi aspektami pogody.;ITEM_CAT_ARMOR;ITEM_WEAR_TORSO;Armor;Clothes;AdminArmor;armors;FAŁSZ;ITAR_BAUBABE_L4;-;ITAR_GS_CLH_57;3;1;Gamemaster;FAŁSZ;BRAK;BRAK;BRAK;BRAK;BRAK;BRAK;BRAK;BRAK;BRAK;BRAK;0;0;0;BRAK;BRAK;BRAK;FAŁSZ;BRAK;0;0;;Zestaw do szycia;100;PRAWDA;5;5;BRAK;BRAK;BRAK;BRAK;5;5;5;0;0;0;Krawiec;Stroje;ARMOR_BAUBABE_L4.asc;TAK;TAK;TAK;PRAWDA
Szara suknia pospólstwa;119,07;159,88;FAŁSZ;Nieźle uszyty strój, zapewniający niewielką ochronę przed zimnem, deszczami czy innymi aspektami pogody.;ITEM_CAT_ARMOR;ITEM_WEAR_TORSO;Armor;Clothes;AdminArmor;armors;FAŁSZ;ITAR_BAUBABE_L5;-;ITAR_GS_CLH_58;3;1;Gamemaster;FAŁSZ;BRAK;BRAK;BRAK;BRAK;BRAK;BRAK;BRAK;BRAK;BRAK;BRAK;0;0;0;BRAK;BRAK;BRAK;FAŁSZ;BRAK;0;0;;Zestaw do szycia;100;PRAWDA;5;5;BRAK;BRAK;BRAK;BRAK;5;5;5;0;0;0;Krawiec;Stroje;ARMOR_BAUBABE_L5.asc;TAK;TAK;TAK;PRAWDA
Biała sukienka;119,07;159,88;FAŁSZ;Nieźle uszyty strój, zapewniający niewielką ochronę przed zimnem, deszczami czy innymi aspektami pogody.;ITEM_CAT_ARMOR;ITEM_WEAR_TORSO;Armor;Clothes;AdminArmor;armors;FAŁSZ;ITAR_VLKBABE_M;-;ITAR_GS_CLH_59;3;1;Gamemaster;FAŁSZ;BRAK;BRAK;BRAK;BRAK;BRAK;BRAK;BRAK;BRAK;BRAK;BRAK;0;0;0;BRAK;BRAK;BRAK;FAŁSZ;BRAK;0;0;;Zestaw do szycia;100;PRAWDA;5;5;BRAK;BRAK;BRAK;BRAK;5;5;5;0;0;0;Krawiec;Stroje;Armor_VlkBabe_M.asc;TAK;TAK;TAK;PRAWDA
Jaskrawa suknia farmerki;119,07;159,88;FAŁSZ;Nieźle uszyty strój, zapewniający niewielką ochronę przed zimnem, deszczami czy innymi aspektami pogody.;ITEM_CAT_ARMOR;ITEM_WEAR_TORSO;Armor;Clothes;AdminArmor;armors;FAŁSZ;ITAR_BAUBABE_L;-;ITAR_GS_CLH_60;3;1;Gamemaster;FAŁSZ;BRAK;BRAK;BRAK;BRAK;BRAK;BRAK;BRAK;BRAK;BRAK;BRAK;0;0;0;BRAK;BRAK;BRAK;FAŁSZ;BRAK;0;0;;Zestaw do szycia;100;PRAWDA;5;5;BRAK;BRAK;BRAK;BRAK;5;5;5;0;0;0;Krawiec;Stroje;Armor_BauBabe_L.asc;TAK;TAK;TAK;PRAWDA
Trawiasta suknia farmerki;119,07;159,88;FAŁSZ;Nieźle uszyty strój, zapewniający niewielką ochronę przed zimnem, deszczami czy innymi aspektami pogody.;ITEM_CAT_ARMOR;ITEM_WEAR_TORSO;Armor;Clothes;AdminArmor;armors;FAŁSZ;ITAR_BAUBABE_M;-;ITAR_GS_CLH_61;3;1;Gamemaster;FAŁSZ;BRAK;BRAK;BRAK;BRAK;BRAK;BRAK;BRAK;BRAK;BRAK;BRAK;0;0;0;BRAK;BRAK;BRAK;FAŁSZ;BRAK;0;0;;Zestaw do szycia;100;PRAWDA;5;5;BRAK;BRAK;BRAK;BRAK;5;5;5;0;0;0;Krawiec;Stroje;Armor_BauBabe_M.asc;TAK;TAK;TAK;PRAWDA
Czarna suknia farmerki;119,07;159,88;FAŁSZ;Nieźle uszyty strój, zapewniający niewielką ochronę przed zimnem, deszczami czy innymi aspektami pogody.;ITEM_CAT_ARMOR;ITEM_WEAR_TORSO;Armor;Clothes;AdminArmor;armors;FAŁSZ;itar_km_babe_vlk_03;-;ITAR_GS_CLH_62;3;1;Gamemaster;FAŁSZ;BRAK;BRAK;BRAK;BRAK;BRAK;BRAK;BRAK;BRAK;BRAK;BRAK;0;0;0;BRAK;BRAK;BRAK;FAŁSZ;BRAK;0;0;;Zestaw do szycia;100;PRAWDA;5;5;BRAK;BRAK;BRAK;BRAK;5;5;5;0;0;0;Krawiec;Stroje;ARMOR_KM_VLKBABE_03.asc;TAK;TAK;TAK;PRAWDA
Beżowa suknia farmerki;119,07;159,88;FAŁSZ;Nieźle uszyty strój, zapewniający niewielką ochronę przed zimnem, deszczami czy innymi aspektami pogody.;ITEM_CAT_ARMOR;ITEM_WEAR_TORSO;Armor;Clothes;AdminArmor;armors;FAŁSZ;itar_km_babe_vlk_04;-;ITAR_GS_CLH_63;3;1;Gamemaster;FAŁSZ;BRAK;BRAK;BRAK;BRAK;BRAK;BRAK;BRAK;BRAK;BRAK;BRAK;0;0;0;BRAK;BRAK;BRAK;FAŁSZ;BRAK;0;0;;Zestaw do szycia;100;PRAWDA;5;5;BRAK;BRAK;BRAK;BRAK;5;5;5;0;0;0;Krawiec;Stroje;ARMOR_KM_VLKBABE_04.asc;TAK;TAK;TAK;PRAWDA
Suknia służki;119,07;159,88;FAŁSZ;Nieźle uszyty strój, zapewniający niewielką ochronę przed zimnem, deszczami czy innymi aspektami pogody.;ITEM_CAT_ARMOR;ITEM_WEAR_TORSO;Armor;Clothes;AdminArmor;armors;FAŁSZ;Armor_Woman_City_01.asc;-;ITAR_GS_CLH_63_1;3;1;Gamemaster;FAŁSZ;BRAK;BRAK;BRAK;BRAK;BRAK;BRAK;BRAK;BRAK;BRAK;BRAK;0;0;0;BRAK;BRAK;BRAK;FAŁSZ;BRAK;0;0;;Zestaw do szycia;100;PRAWDA;5;5;BRAK;BRAK;BRAK;BRAK;5;5;5;0;0;0;Krawiec;Stroje;Armor_Woman_City_01.asc;TAK;TAK;TAK;PRAWDA
Varanckie przebranie;BRAK;BRAK;FAŁSZ;Dobrze uszyty strój, zapewniający niezłą ochronę przed zimnem, deszczami czy innymi aspektami pogody.;ITEM_CAT_ARMOR;ITEM_WEAR_TORSO;Armor;Clothes;AdminArmor;armors;FAŁSZ;DB_AKO_ARMOR_M;-;ITAR_GS_UN_05;4;2;Gamemaster;PRAWDA;BRAK;BRAK;BRAK;BRAK;BRAK;BRAK;BRAK;BRAK;BRAK;BRAK;0;0;0;BRAK;BRAK;BRAK;FAŁSZ;BRAK;0;0;;Zestaw do szycia;100;PRAWDA;5;5;BRAK;BRAK;BRAK;BRAK;5;5;5;0;0;0;Krawiec;Stroje;;NIE;TAK;TAK;FAŁSZ
Brązowy strój kupca;169,76;252,08;FAŁSZ;Dobrze uszyty strój, zapewniający niezłą ochronę przed zimnem, deszczami czy innymi aspektami pogody.;ITEM_CAT_ARMOR;ITEM_WEAR_TORSO;Armor;Clothes;AdminArmor;armors;FAŁSZ;LINK;-;ITAR_GS_CLH_64;4;2;Gamemaster;FAŁSZ;BRAK;BRAK;BRAK;BRAK;BRAK;BRAK;BRAK;BRAK;BRAK;BRAK;0;0;0;BRAK;BRAK;BRAK;FAŁSZ;BRAK;0;0;;Zestaw do szycia;100;PRAWDA;5;5;BRAK;BRAK;BRAK;BRAK;5;5;5;0;0;0;Krawiec;Stroje;GS_ARMOR_LEATHER_L_01.asc;TAK;TAK;TAK;PRAWDA
Szary strój kupca;169,76;252,08;FAŁSZ;Dobrze uszyty strój, zapewniający niezłą ochronę przed zimnem, deszczami czy innymi aspektami pogody.;ITEM_CAT_ARMOR;ITEM_WEAR_TORSO;Armor;Clothes;AdminArmor;armors;FAŁSZ;LINK;-;ITAR_GS_CLH_65;4;2;Gamemaster;FAŁSZ;BRAK;BRAK;BRAK;BRAK;BRAK;BRAK;BRAK;BRAK;BRAK;BRAK;0;0;0;BRAK;BRAK;BRAK;FAŁSZ;BRAK;0;0;;Zestaw do szycia;100;PRAWDA;5;5;BRAK;BRAK;BRAK;BRAK;5;5;5;0;0;0;Krawiec;Stroje;GS_ARMOR_LEATHER_L_02.asc;TAK;TAK;TAK;PRAWDA
Brązowy strój marynarza;169,76;252,08;FAŁSZ;Dobrze uszyty strój, zapewniający niezłą ochronę przed zimnem, deszczami czy innymi aspektami pogody.;ITEM_CAT_ARMOR;ITEM_WEAR_TORSO;Armor;Clothes;AdminArmor;armors;FAŁSZ;LINK;-;ITAR_GS_CLH_66;4;2;Gamemaster;FAŁSZ;BRAK;BRAK;BRAK;BRAK;BRAK;BRAK;BRAK;BRAK;BRAK;BRAK;0;0;0;BRAK;BRAK;BRAK;FAŁSZ;BRAK;0;0;;Zestaw do szycia;100;PRAWDA;5;5;BRAK;BRAK;BRAK;BRAK;5;5;5;0;0;0;Krawiec;Stroje;GS_ARMOR_PIR_L_ADDON_01.asc;TAK;TAK;TAK;PRAWDA
Niebieski strój marynarza;169,76;252,08;FAŁSZ;Dobrze uszyty strój, zapewniający niezłą ochronę przed zimnem, deszczami czy innymi aspektami pogody.;ITEM_CAT_ARMOR;ITEM_WEAR_TORSO;Armor;Clothes;AdminArmor;armors;FAŁSZ;LINK;-;ITAR_GS_CLH_67;4;2;Gamemaster;FAŁSZ;BRAK;BRAK;BRAK;BRAK;BRAK;BRAK;BRAK;BRAK;BRAK;BRAK;0;0;0;BRAK;BRAK;BRAK;FAŁSZ;BRAK;0;0;;Zestaw do szycia;100;PRAWDA;5;5;BRAK;BRAK;BRAK;BRAK;5;5;5;0;0;0;Krawiec;Stroje;GS_ARMOR_PIR_L_ADDON_02.asc;TAK;TAK;TAK;PRAWDA
Szary kaftan;169,76;252,08;FAŁSZ;Dobrze uszyty strój, zapewniający niezłą ochronę przed zimnem, deszczami czy innymi aspektami pogody.;ITEM_CAT_ARMOR;ITEM_WEAR_TORSO;Armor;Clothes;AdminArmor;armors;FAŁSZ;ARMOR_GERALT_ADDON_GRD1;-;ITAR_GS_CLH_68;4;2;Gamemaster;FAŁSZ;BRAK;BRAK;BRAK;BRAK;BRAK;BRAK;BRAK;BRAK;BRAK;BRAK;0;0;0;BRAK;BRAK;BRAK;FAŁSZ;BRAK;0;0;;Zestaw do szycia;100;PRAWDA;5;5;BRAK;BRAK;BRAK;BRAK;5;5;5;0;0;0;Krawiec;Stroje;ARMOR_GERALT_ADDON_GRD1.asc;TAK;TAK;TAK;PRAWDA
Czarne pirackie ubranie;169,76;252,08;FAŁSZ;Dobrze uszyty strój, zapewniający niezłą ochronę przed zimnem, deszczami czy innymi aspektami pogody.;ITEM_CAT_ARMOR;ITEM_WEAR_TORSO;Armor;Clothes;AdminArmor;armors;FAŁSZ;ITAR_GS_CUSTOM_23;-;ITAR_GS_CLH_69;4;2;Gamemaster;FAŁSZ;BRAK;BRAK;BRAK;BRAK;BRAK;BRAK;BRAK;BRAK;BRAK;BRAK;0;0;0;BRAK;BRAK;BRAK;FAŁSZ;BRAK;0;0;;Zestaw do szycia;100;PRAWDA;5;5;BRAK;BRAK;BRAK;BRAK;5;5;5;0;0;0;Krawiec;Stroje;KM_PIR_L.asc;TAK;TAK;TAK;PRAWDA
Pirackie ubranie;169,76;252,08;FAŁSZ;Dobrze uszyty strój, zapewniający niezłą ochronę przed zimnem, deszczami czy innymi aspektami pogody.;ITEM_CAT_ARMOR;ITEM_WEAR_TORSO;Armor;Clothes;AdminArmor;armors;FAŁSZ;ITAR_PIR_L_ADDON;-;ITAR_GS_CLH_70;4;2;Gamemaster;FAŁSZ;BRAK;BRAK;BRAK;BRAK;BRAK;BRAK;BRAK;BRAK;BRAK;BRAK;0;0;0;BRAK;BRAK;BRAK;FAŁSZ;BRAK;0;0;;Zestaw do szycia;100;PRAWDA;5;5;BRAK;BRAK;BRAK;BRAK;5;5;5;0;0;0;Krawiec;Stroje;Armor_Pir_L_Addon.asc;TAK;TAK;TAK;PRAWDA
Pozszywany strój obywatela;169,76;252,08;FAŁSZ;Dobrze uszyty strój, zapewniający niezłą ochronę przed zimnem, deszczami czy innymi aspektami pogody.;ITEM_CAT_ARMOR;ITEM_WEAR_TORSO;Armor;Clothes;AdminArmor;armors;FAŁSZ;itar_km_vlk_01;-;ITAR_GS_CLH_71;4;2;Gamemaster;FAŁSZ;BRAK;BRAK;BRAK;BRAK;BRAK;BRAK;BRAK;BRAK;BRAK;BRAK;0;0;0;BRAK;BRAK;BRAK;FAŁSZ;BRAK;0;0;;Zestaw do szycia;100;PRAWDA;5;5;BRAK;BRAK;BRAK;BRAK;5;5;5;0;0;0;Krawiec;Stroje;ARMOR_KM_VLK_01.asc;TAK;TAK;TAK;PRAWDA
Szary płaszcz podróżnika;169,76;252,08;FAŁSZ;Dobrze uszyty strój, zapewniający niezłą ochronę przed zimnem, deszczami czy innymi aspektami pogody.;ITEM_CAT_ARMOR;ITEM_WEAR_TORSO;Armor;Clothes;AdminArmor;armors;FAŁSZ;ITAR_SDRP_KM_20;-;ITAR_GS_CLH_72;4;2;Gamemaster;FAŁSZ;BRAK;BRAK;BRAK;BRAK;BRAK;BRAK;BRAK;BRAK;BRAK;BRAK;0;0;0;BRAK;BRAK;BRAK;FAŁSZ;BRAK;0;0;;Zestaw do szycia;100;PRAWDA;5;5;BRAK;BRAK;BRAK;BRAK;5;5;5;0;0;0;Krawiec;Stroje;KM_TRAVELER_COAT_04.asc;TAK;TAK;TAK;PRAWDA
Brązowy płaszcz podróżnika;169,76;252,08;FAŁSZ;Dobrze uszyty strój, zapewniający niezłą ochronę przed zimnem, deszczami czy innymi aspektami pogody.;ITEM_CAT_ARMOR;ITEM_WEAR_TORSO;Armor;Clothes;AdminArmor;armors;FAŁSZ;ITAR_SDRP_KM_19;-;ITAR_GS_CLH_73;4;2;Gamemaster;FAŁSZ;BRAK;BRAK;BRAK;BRAK;BRAK;BRAK;BRAK;BRAK;BRAK;BRAK;0;0;0;BRAK;BRAK;BRAK;FAŁSZ;BRAK;0;0;;Zestaw do szycia;100;PRAWDA;5;5;BRAK;BRAK;BRAK;BRAK;5;5;5;0;0;0;Krawiec;Stroje;KM_TRAVELER_COAT_03.asc;TAK;TAK;TAK;PRAWDA
Niebieski płaszcz podróżnika;169,76;252,08;FAŁSZ;Dobrze uszyty strój, zapewniający niezłą ochronę przed zimnem, deszczami czy innymi aspektami pogody.;ITEM_CAT_ARMOR;ITEM_WEAR_TORSO;Armor;Clothes;AdminArmor;armors;FAŁSZ;ITAR_SDRP_KM_18;-;ITAR_GS_CLH_74;4;2;Gamemaster;FAŁSZ;BRAK;BRAK;BRAK;BRAK;BRAK;BRAK;BRAK;BRAK;BRAK;BRAK;0;0;0;BRAK;BRAK;BRAK;FAŁSZ;BRAK;0;0;;Zestaw do szycia;100;PRAWDA;5;5;BRAK;BRAK;BRAK;BRAK;5;5;5;0;0;0;Krawiec;Stroje;KM_TRAVELER_COAT_02.asc;TAK;TAK;TAK;PRAWDA
Zielonkawy płaszcz podróżnika;169,76;252,08;FAŁSZ;Dobrze uszyty strój, zapewniający niezłą ochronę przed zimnem, deszczami czy innymi aspektami pogody.;ITEM_CAT_ARMOR;ITEM_WEAR_TORSO;Armor;Clothes;AdminArmor;armors;FAŁSZ;ITAR_SDRP_KM_17;-;ITAR_GS_CLH_75;4;2;Gamemaster;FAŁSZ;BRAK;BRAK;BRAK;BRAK;BRAK;BRAK;BRAK;BRAK;BRAK;BRAK;0;0;0;BRAK;BRAK;BRAK;FAŁSZ;BRAK;0;0;;Zestaw do szycia;100;PRAWDA;5;5;BRAK;BRAK;BRAK;BRAK;5;5;5;0;0;0;Krawiec;Stroje;KM_TRAVELER_COAT_01.asc;TAK;TAK;TAK;PRAWDA
Brązowe biedne ubranie;164,76;246,08;FAŁSZ;Dobrze uszyty strój, zapewniający niezłą ochronę przed zimnem, deszczami czy innymi aspektami pogody.;ITEM_CAT_ARMOR;ITEM_WEAR_TORSO;Armor;Clothes;AdminArmor;armors;FAŁSZ;ITAR_KM_VLK_08;-;ITAR_GS_CLH_76;4;2;Gamemaster;FAŁSZ;BRAK;BRAK;BRAK;BRAK;BRAK;BRAK;BRAK;BRAK;BRAK;BRAK;0;0;0;BRAK;BRAK;BRAK;FAŁSZ;BRAK;0;0;;Zestaw do szycia;100;PRAWDA;5;5;BRAK;BRAK;BRAK;BRAK;5;5;5;0;0;0;Krawiec;Stroje;ARMOR_KM_VLK_08.asc;TAK;TAK;TAK;PRAWDA
Jasne pozszywane ubranie obywatela;164,76;246,08;FAŁSZ;Dobrze uszyty strój, zapewniający niezłą ochronę przed zimnem, deszczami czy innymi aspektami pogody.;ITEM_CAT_ARMOR;ITEM_WEAR_TORSO;Armor;Clothes;AdminArmor;armors;FAŁSZ;ITAR_KM_VLK_06;-;ITAR_GS_CLH_77;4;2;Gamemaster;FAŁSZ;BRAK;BRAK;BRAK;BRAK;BRAK;BRAK;BRAK;BRAK;BRAK;BRAK;0;0;0;BRAK;BRAK;BRAK;FAŁSZ;BRAK;0;0;;Zestaw do szycia;100;PRAWDA;5;5;BRAK;BRAK;BRAK;BRAK;5;5;5;0;0;0;Krawiec;Stroje;ARMOR_KM_VLK_06.asc;TAK;TAK;TAK;PRAWDA
Ciemne pozszywane ubranie obywatela;164,76;246,08;FAŁSZ;Dobrze uszyty strój, zapewniający niezłą ochronę przed zimnem, deszczami czy innymi aspektami pogody.;ITEM_CAT_ARMOR;ITEM_WEAR_TORSO;Armor;Clothes;AdminArmor;armors;FAŁSZ;ITAR_KM_VLK_05;-;ITAR_GS_CLH_78;4;2;Gamemaster;FAŁSZ;BRAK;BRAK;BRAK;BRAK;BRAK;BRAK;BRAK;BRAK;BRAK;BRAK;0;0;0;BRAK;BRAK;BRAK;FAŁSZ;BRAK;0;0;;Zestaw do szycia;100;PRAWDA;5;5;BRAK;BRAK;BRAK;BRAK;5;5;5;0;0;0;Krawiec;Stroje;ARMOR_KM_VLK_05.asc;TAK;TAK;TAK;PRAWDA
Szary Strój Starszyzny;169,76;252,08;FAŁSZ;Dobrze uszyty strój, zapewniający niezłą ochronę przed zimnem, deszczami czy innymi aspektami pogody.;ITEM_CAT_ARMOR;ITEM_WEAR_TORSO;Armor;Clothes;AdminArmor;armors;FAŁSZ;ITAR_BAU_M_03;-;ITAR_GS_CLH_79;4;2;Gamemaster;FAŁSZ;BRAK;BRAK;BRAK;BRAK;BRAK;BRAK;BRAK;BRAK;BRAK;BRAK;0;0;0;BRAK;BRAK;BRAK;FAŁSZ;BRAK;0;0;;Zestaw do szycia;100;PRAWDA;5;5;BRAK;BRAK;BRAK;BRAK;5;5;5;0;0;0;Krawiec;Stroje;Armor_Bau_M_03.asc;TAK;TAK;TAK;PRAWDA
Niebieski Strój Starszyzny;169,76;252,08;FAŁSZ;Dobrze uszyty strój, zapewniający niezłą ochronę przed zimnem, deszczami czy innymi aspektami pogody.;ITEM_CAT_ARMOR;ITEM_WEAR_TORSO;Armor;Clothes;AdminArmor;armors;FAŁSZ;ITAR_BAU_M_02;-;ITAR_GS_CLH_80;4;2;Gamemaster;FAŁSZ;BRAK;BRAK;BRAK;BRAK;BRAK;BRAK;BRAK;BRAK;BRAK;BRAK;0;0;0;BRAK;BRAK;BRAK;FAŁSZ;BRAK;0;0;;Zestaw do szycia;100;PRAWDA;5;5;BRAK;BRAK;BRAK;BRAK;5;5;5;0;0;0;Krawiec;Stroje;Armor_Bau_M_02.asc;TAK;TAK;TAK;PRAWDA
Brązowy Strój Starszyzny;169,76;252,08;FAŁSZ;Dobrze uszyty strój, zapewniający niezłą ochronę przed zimnem, deszczami czy innymi aspektami pogody.;ITEM_CAT_ARMOR;ITEM_WEAR_TORSO;Armor;Clothes;AdminArmor;armors;FAŁSZ;ITAR_BAU_M_01;-;ITAR_GS_CLH_81;4;2;Gamemaster;FAŁSZ;BRAK;BRAK;BRAK;BRAK;BRAK;BRAK;BRAK;BRAK;BRAK;BRAK;0;0;0;BRAK;BRAK;BRAK;FAŁSZ;BRAK;0;0;;Zestaw do szycia;100;PRAWDA;5;5;BRAK;BRAK;BRAK;BRAK;5;5;5;0;0;0;Krawiec;Stroje;Armor_Bau_M_01.asc;TAK;TAK;TAK;PRAWDA
Zielony Strój Starszyzny;169,76;252,08;FAŁSZ;Dobrze uszyty strój, zapewniający niezłą ochronę przed zimnem, deszczami czy innymi aspektami pogody.;ITEM_CAT_ARMOR;ITEM_WEAR_TORSO;Armor;Clothes;AdminArmor;armors;FAŁSZ;ITAR_BAU_M;-;ITAR_GS_CLH_82;4;2;Gamemaster;FAŁSZ;BRAK;BRAK;BRAK;BRAK;BRAK;BRAK;BRAK;BRAK;BRAK;BRAK;0;0;0;BRAK;BRAK;BRAK;FAŁSZ;BRAK;0;0;;Zestaw do szycia;100;PRAWDA;5;5;BRAK;BRAK;BRAK;BRAK;5;5;5;0;0;0;Krawiec;Stroje;Armor_Bau_M.asc;TAK;TAK;TAK;PRAWDA
Czerwony strój brygadzisty;169,76;252,08;FAŁSZ;Dobrze uszyty strój, zapewniający niezłą ochronę przed zimnem, deszczami czy innymi aspektami pogody.;ITEM_CAT_ARMOR;ITEM_WEAR_TORSO;Armor;Clothes;AdminArmor;armors;FAŁSZ;Armor_Lumberjack_01.asc;-;ITAR_GS_CLH_82_1;4;2;Gamemaster;FAŁSZ;BRAK;BRAK;BRAK;BRAK;BRAK;BRAK;BRAK;BRAK;BRAK;BRAK;0;0;0;BRAK;BRAK;BRAK;FAŁSZ;BRAK;0;0;;Zestaw do szycia;100;PRAWDA;5;5;BRAK;BRAK;BRAK;BRAK;5;5;5;0;0;0;Krawiec;Stroje;Armor_Lumberjack_01.asc;TAK;TAK;TAK;PRAWDA
Pomarańczowy strój brygadzisty;169,76;252,08;FAŁSZ;Dobrze uszyty strój, zapewniający niezłą ochronę przed zimnem, deszczami czy innymi aspektami pogody.;ITEM_CAT_ARMOR;ITEM_WEAR_TORSO;Armor;Clothes;AdminArmor;armors;FAŁSZ;Armor_Lumberjack_02.asc;-;ITAR_GS_CLH_82_2;4;2;Gamemaster;FAŁSZ;BRAK;BRAK;BRAK;BRAK;BRAK;BRAK;BRAK;BRAK;BRAK;BRAK;0;0;0;BRAK;BRAK;BRAK;FAŁSZ;BRAK;0;0;;Zestaw do szycia;100;PRAWDA;5;5;BRAK;BRAK;BRAK;BRAK;5;5;5;0;0;0;Krawiec;Stroje;Armor_Lumberjack_02.asc;TAK;TAK;TAK;PRAWDA
Strój pomocnika;#N/D;#N/D;FAŁSZ;Dobrze uszyty strój, zapewniający niezłą ochronę przed zimnem, deszczami czy innymi aspektami pogody.;ITEM_CAT_ARMOR;ITEM_WEAR_TORSO;Armor;Clothes;AdminArmor;armors;FAŁSZ;Armor_Gravedigger_01.asc;-;ITAR_GS_CLH_82_4;4;2;Gamemaster;FAŁSZ;BRAK;BRAK;BRAK;BRAK;BRAK;BRAK;BRAK;BRAK;BRAK;BRAK;0;0;0;BRAK;BRAK;BRAK;FAŁSZ;BRAK;0;0;;Zestaw do szycia;100;PRAWDA;5;5;BRAK;BRAK;BRAK;BRAK;5;5;5;0;0;0;Krawiec;Stroje;Armor_Gravedigger_01.asc;TAK;TAK;TAK;FAŁSZ
Czarny strój obywatela;462,29;745,41;FAŁSZ;Starannie uszyty strój, zapewniający dobrą ochronę przed zimnem, deszczami czy innymi aspektami pogody.;ITEM_CAT_ARMOR;ITEM_WEAR_TORSO;Armor;Clothes;AdminArmor;armors;FAŁSZ;itar_km_vlk_10;-;ITAR_GS_CLH_83;4;3;Gamemaster;FAŁSZ;BRAK;BRAK;BRAK;BRAK;BRAK;BRAK;BRAK;BRAK;BRAK;BRAK;0;0;0;BRAK;BRAK;BRAK;FAŁSZ;BRAK;0;0;;Wełniany zestaw do szycia;100;PRAWDA;5;5;BRAK;BRAK;BRAK;BRAK;5;5;5;0;0;0;Krawiec;Stroje;ARMOR_KM_VLK_10.asc;TAK;TAK;TAK;PRAWDA
Czerwony strój obywatela;462,29;745,41;FAŁSZ;Starannie uszyty strój, zapewniający dobrą ochronę przed zimnem, deszczami czy innymi aspektami pogody.;ITEM_CAT_ARMOR;ITEM_WEAR_TORSO;Armor;Clothes;AdminArmor;armors;FAŁSZ;itar_km_vlk_11;-;ITAR_GS_CLH_84;4;3;Gamemaster;FAŁSZ;BRAK;BRAK;BRAK;BRAK;BRAK;BRAK;BRAK;BRAK;BRAK;BRAK;0;0;0;BRAK;BRAK;BRAK;FAŁSZ;BRAK;0;0;;Wełniany zestaw do szycia;100;PRAWDA;5;5;BRAK;BRAK;BRAK;BRAK;5;5;5;0;0;0;Krawiec;Stroje;ARMOR_KM_VLK_11.asc;TAK;TAK;TAK;PRAWDA
Szary strój obywatela;462,29;745,41;FAŁSZ;Starannie uszyty strój, zapewniający dobrą ochronę przed zimnem, deszczami czy innymi aspektami pogody.;ITEM_CAT_ARMOR;ITEM_WEAR_TORSO;Armor;Clothes;AdminArmor;armors;FAŁSZ;itar_km_vlk_09;-;ITAR_GS_CLH_85;4;3;Gamemaster;FAŁSZ;BRAK;BRAK;BRAK;BRAK;BRAK;BRAK;BRAK;BRAK;BRAK;BRAK;0;0;0;BRAK;BRAK;BRAK;FAŁSZ;BRAK;0;0;;Wełniany zestaw do szycia;100;PRAWDA;5;5;BRAK;BRAK;BRAK;BRAK;5;5;5;0;0;0;Krawiec;Stroje;ARMOR_KM_VLK_09.asc;TAK;TAK;TAK;PRAWDA
Barwne ubranie obywatela;462,29;745,41;FAŁSZ;Starannie uszyty strój, zapewniający dobrą ochronę przed zimnem, deszczami czy innymi aspektami pogody.;ITEM_CAT_ARMOR;ITEM_WEAR_TORSO;Armor;Clothes;AdminArmor;armors;FAŁSZ;itar_km_vlk_03;-;ITAR_GS_CLH_86;4;3;Gamemaster;FAŁSZ;BRAK;BRAK;BRAK;BRAK;BRAK;BRAK;BRAK;BRAK;BRAK;BRAK;0;0;0;BRAK;BRAK;BRAK;FAŁSZ;BRAK;0;0;;Wełniany zestaw do szycia;100;PRAWDA;5;5;BRAK;BRAK;BRAK;BRAK;5;5;5;0;0;0;Krawiec;Stroje;ARMOR_KM_VLK_03.asc;TAK;TAK;TAK;PRAWDA
Czarna ubranie obywatela;462,29;745,41;FAŁSZ;Starannie uszyty strój, zapewniający dobrą ochronę przed zimnem, deszczami czy innymi aspektami pogody.;ITEM_CAT_ARMOR;ITEM_WEAR_TORSO;Armor;Clothes;AdminArmor;armors;FAŁSZ;itar_km_vlk_02;-;ITAR_GS_CLH_87;4;3;Gamemaster;FAŁSZ;BRAK;BRAK;BRAK;BRAK;BRAK;BRAK;BRAK;BRAK;BRAK;BRAK;0;0;0;BRAK;BRAK;BRAK;FAŁSZ;BRAK;0;0;;Wełniany zestaw do szycia;100;PRAWDA;5;5;BRAK;BRAK;BRAK;BRAK;5;5;5;0;0;0;Krawiec;Stroje;ARMOR_KM_VLK_02.asc;TAK;TAK;TAK;PRAWDA
Zwykłe ubranie obywatela;462,29;745,41;FAŁSZ;Starannie uszyty strój, zapewniający dobrą ochronę przed zimnem, deszczami czy innymi aspektami pogody.;ITEM_CAT_ARMOR;ITEM_WEAR_TORSO;Armor;Clothes;AdminArmor;armors;FAŁSZ;ITAR_KM_VLK_04;-;ITAR_GS_CLH_88;4;3;Gamemaster;FAŁSZ;BRAK;BRAK;BRAK;BRAK;BRAK;BRAK;BRAK;BRAK;BRAK;BRAK;0;0;0;BRAK;BRAK;BRAK;FAŁSZ;BRAK;0;0;;Wełniany zestaw do szycia;100;PRAWDA;5;5;BRAK;BRAK;BRAK;BRAK;5;5;5;0;0;0;Krawiec;Stroje;ARMOR_KM_VLK_04.asc;TAK;TAK;TAK;PRAWDA
Brązowy strój obywatela;462,29;745,41;FAŁSZ;Starannie uszyty strój, zapewniający dobrą ochronę przed zimnem, deszczami czy innymi aspektami pogody.;ITEM_CAT_ARMOR;ITEM_WEAR_TORSO;Armor;Clothes;AdminArmor;armors;FAŁSZ;ITAR_VLK_L;-;ITAR_GS_CLH_89;4;3;Gamemaster;FAŁSZ;BRAK;BRAK;BRAK;BRAK;BRAK;BRAK;BRAK;BRAK;BRAK;BRAK;0;0;0;BRAK;BRAK;BRAK;FAŁSZ;BRAK;0;0;;Wełniany zestaw do szycia;100;PRAWDA;5;5;BRAK;BRAK;BRAK;BRAK;5;5;5;0;0;0;Krawiec;Stroje;Armor_Vlk_L.asc;TAK;TAK;TAK;PRAWDA
Jaskrawy strój obywatela;462,29;745,41;FAŁSZ;Starannie uszyty strój, zapewniający dobrą ochronę przed zimnem, deszczami czy innymi aspektami pogody.;ITEM_CAT_ARMOR;ITEM_WEAR_TORSO;Armor;Clothes;AdminArmor;armors;FAŁSZ;ITAR_VLK_H;-;ITAR_GS_CLH_90;4;3;Gamemaster;FAŁSZ;BRAK;BRAK;BRAK;BRAK;BRAK;BRAK;BRAK;BRAK;BRAK;BRAK;0;0;0;BRAK;BRAK;BRAK;FAŁSZ;BRAK;0;0;;Wełniany zestaw do szycia;100;PRAWDA;5;5;BRAK;BRAK;BRAK;BRAK;5;5;5;0;0;0;Krawiec;Stroje;Armor_Vlk_H.asc;TAK;TAK;TAK;PRAWDA
Strój alchemika;462,29;745,41;FAŁSZ;Starannie uszyty strój, zapewniający dobrą ochronę przed zimnem, deszczami czy innymi aspektami pogody.;ITEM_CAT_ARMOR;ITEM_WEAR_TORSO;Armor;Clothes;AdminArmor;armors;FAŁSZ;ITAR_SDRP_CLH_31;-;ITAR_GS_CLH_91;4;3;Gamemaster;FAŁSZ;BRAK;BRAK;BRAK;BRAK;BRAK;BRAK;BRAK;BRAK;BRAK;BRAK;0;0;0;BRAK;BRAK;BRAK;FAŁSZ;BRAK;0;0;;Wełniany zestaw do szycia;100;PRAWDA;5;5;BRAK;BRAK;BRAK;BRAK;5;5;5;0;0;0;Krawiec;Stroje;AlchemikB.asc;TAK;TAK;TAK;PRAWDA
Czarny kaftan;462,29;745,41;FAŁSZ;Starannie uszyty strój, zapewniający dobrą ochronę przed zimnem, deszczami czy innymi aspektami pogody.;ITEM_CAT_ARMOR;ITEM_WEAR_TORSO;Armor;Clothes;AdminArmor;armors;FAŁSZ;ITAR_SDRP_CLH_21;-;ITAR_GS_CLH_92;4;3;Gamemaster;FAŁSZ;BRAK;BRAK;BRAK;BRAK;BRAK;BRAK;BRAK;BRAK;BRAK;BRAK;0;0;0;BRAK;BRAK;BRAK;FAŁSZ;BRAK;0;0;;Wełniany zestaw do szycia;100;PRAWDA;5;5;BRAK;BRAK;BRAK;BRAK;5;5;5;0;0;0;Krawiec;Stroje;ARMOR_WMA_ALHMAbbys.asc;TAK;TAK;TAK;PRAWDA
Zielony strój obywatela;462,29;745,41;FAŁSZ;Starannie uszyty strój, zapewniający dobrą ochronę przed zimnem, deszczami czy innymi aspektami pogody.;ITEM_CAT_ARMOR;ITEM_WEAR_TORSO;Armor;Clothes;AdminArmor;armors;FAŁSZ;ITAR_KM_VLK_07;-;ITAR_GS_CLH_93;4;3;Gamemaster;FAŁSZ;BRAK;BRAK;BRAK;BRAK;BRAK;BRAK;BRAK;BRAK;BRAK;BRAK;0;0;0;BRAK;BRAK;BRAK;FAŁSZ;BRAK;0;0;;Wełniany zestaw do szycia;100;PRAWDA;5;5;BRAK;BRAK;BRAK;BRAK;5;5;5;0;0;0;Krawiec;Stroje;ARMOR_KM_VLK_07.asc;TAK;TAK;TAK;PRAWDA
Elegancki strój obywatela;462,29;745,41;FAŁSZ;Starannie uszyty strój, zapewniający dobrą ochronę przed zimnem, deszczami czy innymi aspektami pogody.;ITEM_CAT_ARMOR;ITEM_WEAR_TORSO;Armor;Clothes;AdminArmor;armors;FAŁSZ;ITAR_SDRP_CLH_23;-;ITAR_GS_CLH_94;4;3;Gamemaster;FAŁSZ;BRAK;BRAK;BRAK;BRAK;BRAK;BRAK;BRAK;BRAK;BRAK;BRAK;0;0;0;BRAK;BRAK;BRAK;FAŁSZ;BRAK;0;0;;Wełniany zestaw do szycia;100;PRAWDA;5;5;BRAK;BRAK;BRAK;BRAK;5;5;5;0;0;0;Krawiec;Stroje;OBYW_CZARNBIAL_DLUGAA1.asc;TAK;TAK;TAK;PRAWDA
Smukły kaftan;462,29;745,41;FAŁSZ;Starannie uszyty strój, zapewniający dobrą ochronę przed zimnem, deszczami czy innymi aspektami pogody.;ITEM_CAT_ARMOR;ITEM_WEAR_TORSO;Armor;Clothes;AdminArmor;armors;FAŁSZ;ARMOR_HER_N;-;ITAR_GS_CLH_95;4;3;Gamemaster;FAŁSZ;BRAK;BRAK;BRAK;BRAK;BRAK;BRAK;BRAK;BRAK;BRAK;BRAK;0;0;0;BRAK;BRAK;BRAK;FAŁSZ;BRAK;0;0;;Wełniany zestaw do szycia;100;PRAWDA;5;5;BRAK;BRAK;BRAK;BRAK;5;5;5;0;0;0;Krawiec;Stroje;ARMOR_HER_N.asc;TAK;TAK;TAK;PRAWDA
Kurtka Handlarza;462,29;745,41;FAŁSZ;Starannie uszyty strój, zapewniający dobrą ochronę przed zimnem, deszczami czy innymi aspektami pogody.;ITEM_CAT_ARMOR;ITEM_WEAR_TORSO;Armor;Clothes;AdminArmor;armors;FAŁSZ;ITAR_SDRP_CLH_26;-;ITAR_GS_CLH_96;4;3;Gamemaster;FAŁSZ;BRAK;BRAK;BRAK;BRAK;BRAK;BRAK;BRAK;BRAK;BRAK;BRAK;0;0;0;BRAK;BRAK;BRAK;FAŁSZ;BRAK;0;0;;Wełniany zestaw do szycia;100;PRAWDA;5;5;BRAK;BRAK;BRAK;BRAK;5;5;5;0;0;0;Krawiec;Stroje;ARMOR_WMA_ALHM.asc;TAK;TAK;TAK;PRAWDA
Szmaragdowa suknia;592,79;915,68;FAŁSZ;Starannie uszyty strój, zapewniający dobrą ochronę przed zimnem, deszczami czy innymi aspektami pogody.;ITEM_CAT_ARMOR;ITEM_WEAR_TORSO;Armor;Clothes;AdminArmor;armors;FAŁSZ;ITAR_VLKBABE_H2;-;ITAR_GS_CLH_97;4;3;Gamemaster;FAŁSZ;BRAK;BRAK;BRAK;BRAK;BRAK;BRAK;BRAK;BRAK;BRAK;BRAK;0;0;0;BRAK;BRAK;BRAK;FAŁSZ;BRAK;0;0;;Wełniany zestaw do szycia;100;PRAWDA;5;5;BRAK;BRAK;BRAK;BRAK;5;5;5;0;0;0;Krawiec;Stroje;ARMOR_VLKBABE_H2.asc;TAK;TAK;TAK;PRAWDA
Czarna suknia;592,79;915,68;FAŁSZ;Starannie uszyty strój, zapewniający dobrą ochronę przed zimnem, deszczami czy innymi aspektami pogody.;ITEM_CAT_ARMOR;ITEM_WEAR_TORSO;Armor;Clothes;AdminArmor;armors;FAŁSZ;ITAR_VLKBABE_H;-;ITAR_GS_CLH_98;4;3;Gamemaster;FAŁSZ;BRAK;BRAK;BRAK;BRAK;BRAK;BRAK;BRAK;BRAK;BRAK;BRAK;0;0;0;BRAK;BRAK;BRAK;FAŁSZ;BRAK;0;0;;Wełniany zestaw do szycia;100;PRAWDA;5;5;BRAK;BRAK;BRAK;BRAK;5;5;5;0;0;0;Krawiec;Stroje;Armor_VlkBabe_H.asc;TAK;TAK;TAK;PRAWDA
Lawendowa suknia obywatelki;592,79;915,68;FAŁSZ;Starannie uszyty strój, zapewniający dobrą ochronę przed zimnem, deszczami czy innymi aspektami pogody.;ITEM_CAT_ARMOR;ITEM_WEAR_TORSO;Armor;Clothes;AdminArmor;armors;FAŁSZ;itar_baubabe_m3;-;ITAR_GS_CLH_99;4;3;Gamemaster;FAŁSZ;BRAK;BRAK;BRAK;BRAK;BRAK;BRAK;BRAK;BRAK;BRAK;BRAK;0;0;0;BRAK;BRAK;BRAK;FAŁSZ;BRAK;0;0;;Wełniany zestaw do szycia;100;PRAWDA;5;5;BRAK;BRAK;BRAK;BRAK;5;5;5;0;0;0;Krawiec;Stroje;ARMOR_BAUBABE_M3.asc;TAK;TAK;TAK;PRAWDA
Czerwona suknia obywatelki;592,79;915,68;FAŁSZ;Starannie uszyty strój, zapewniający dobrą ochronę przed zimnem, deszczami czy innymi aspektami pogody.;ITEM_CAT_ARMOR;ITEM_WEAR_TORSO;Armor;Clothes;AdminArmor;armors;FAŁSZ;itar_baubabe_m2;-;ITAR_GS_CLH_100;4;3;Gamemaster;FAŁSZ;BRAK;BRAK;BRAK;BRAK;BRAK;BRAK;BRAK;BRAK;BRAK;BRAK;0;0;0;BRAK;BRAK;BRAK;FAŁSZ;BRAK;0;0;;Wełniany zestaw do szycia;100;PRAWDA;5;5;BRAK;BRAK;BRAK;BRAK;5;5;5;0;0;0;Krawiec;Stroje;ARMOR_BAUBABE_M2.asc;TAK;TAK;TAK;PRAWDA
Turkusowa suknia obywatelki;592,79;915,68;FAŁSZ;Starannie uszyty strój, zapewniający dobrą ochronę przed zimnem, deszczami czy innymi aspektami pogody.;ITEM_CAT_ARMOR;ITEM_WEAR_TORSO;Armor;Clothes;AdminArmor;armors;FAŁSZ;itar_baubabe_m1;-;ITAR_GS_CLH_101;4;3;Gamemaster;FAŁSZ;BRAK;BRAK;BRAK;BRAK;BRAK;BRAK;BRAK;BRAK;BRAK;BRAK;0;0;0;BRAK;BRAK;BRAK;FAŁSZ;BRAK;0;0;;Wełniany zestaw do szycia;100;PRAWDA;5;5;BRAK;BRAK;BRAK;BRAK;5;5;5;0;0;0;Krawiec;Stroje;ARMOR_BAUBABE_M1.asc;TAK;TAK;TAK;PRAWDA
Strój obywatelki;592,79;915,68;FAŁSZ;Starannie uszyty strój, zapewniający dobrą ochronę przed zimnem, deszczami czy innymi aspektami pogody.;ITEM_CAT_ARMOR;ITEM_WEAR_TORSO;Armor;Clothes;AdminArmor;armors;FAŁSZ;ITAR_VLKBABE_L;-;ITAR_GS_CLH_102;4;3;Gamemaster;FAŁSZ;BRAK;BRAK;BRAK;BRAK;BRAK;BRAK;BRAK;BRAK;BRAK;BRAK;0;0;0;BRAK;BRAK;BRAK;FAŁSZ;BRAK;0;0;;Wełniany zestaw do szycia;100;PRAWDA;5;5;BRAK;BRAK;BRAK;BRAK;5;5;5;0;0;0;Krawiec;Stroje;Armor_VlkBabe_L.asc;TAK;TAK;TAK;PRAWDA
Zielona pełna suknia;592,79;915,68;FAŁSZ;Starannie uszyty strój, zapewniający dobrą ochronę przed zimnem, deszczami czy innymi aspektami pogody.;ITEM_CAT_ARMOR;ITEM_WEAR_TORSO;Armor;Clothes;AdminArmor;armors;FAŁSZ;ITAR_KM_BABE_VLK_02;-;ITAR_GS_CLH_103;4;3;Gamemaster;FAŁSZ;BRAK;BRAK;BRAK;BRAK;BRAK;BRAK;BRAK;BRAK;BRAK;BRAK;0;0;0;BRAK;BRAK;BRAK;FAŁSZ;BRAK;0;0;;Wełniany zestaw do szycia;100;PRAWDA;5;5;BRAK;BRAK;BRAK;BRAK;5;5;5;0;0;0;Krawiec;Stroje;ARMOR_KM_VLKBABE_02.asc;TAK;TAK;TAK;PRAWDA
Suknia ślubna;592,79;915,68;FAŁSZ;Starannie uszyty strój, zapewniający dobrą ochronę przed zimnem, deszczami czy innymi aspektami pogody.;ITEM_CAT_ARMOR;ITEM_WEAR_TORSO;Armor;Clothes;AdminArmor;armors;FAŁSZ;ITAR_KM_BABE_VLK_01;-;ITAR_GS_CLH_104;4;3;Gamemaster;FAŁSZ;BRAK;BRAK;BRAK;BRAK;BRAK;BRAK;BRAK;BRAK;BRAK;BRAK;0;0;0;BRAK;BRAK;BRAK;FAŁSZ;BRAK;0;0;;Wełniany zestaw do szycia;100;PRAWDA;5;5;BRAK;BRAK;BRAK;BRAK;5;5;5;0;0;0;Krawiec;Stroje;ARMOR_KM_VLKBABE_01.asc;TAK;TAK;TAK;PRAWDA
Fioletowa suknia;592,79;915,68;FAŁSZ;Starannie uszyty strój, zapewniający dobrą ochronę przed zimnem, deszczami czy innymi aspektami pogody.;ITEM_CAT_ARMOR;ITEM_WEAR_TORSO;Armor;Clothes;AdminArmor;armors;FAŁSZ;LINK;-;ITAR_GS_CLH_105;4;3;Gamemaster;FAŁSZ;BRAK;BRAK;BRAK;BRAK;BRAK;BRAK;BRAK;BRAK;BRAK;BRAK;0;0;0;BRAK;BRAK;BRAK;FAŁSZ;BRAK;0;0;;Wełniany zestaw do szycia;100;PRAWDA;5;5;BRAK;BRAK;BRAK;BRAK;5;5;5;0;0;0;Krawiec;Stroje;WG_ARMOR_DRESS_PURPLE_01.asc;TAK;TAK;TAK;PRAWDA
Czerwona suknia;592,79;915,68;FAŁSZ;Starannie uszyty strój, zapewniający dobrą ochronę przed zimnem, deszczami czy innymi aspektami pogody.;ITEM_CAT_ARMOR;ITEM_WEAR_TORSO;Armor;Clothes;AdminArmor;armors;FAŁSZ;ITAR_SDRP_CLH_33;-;ITAR_GS_CLH_106;4;3;Gamemaster;FAŁSZ;BRAK;BRAK;BRAK;BRAK;BRAK;BRAK;BRAK;BRAK;BRAK;BRAK;0;0;0;BRAK;BRAK;BRAK;FAŁSZ;BRAK;0;0;;Wełniany zestaw do szycia;100;PRAWDA;5;5;BRAK;BRAK;BRAK;BRAK;5;5;5;0;0;0;Krawiec;Stroje;SUKNIAN.asc;TAK;TAK;TAK;PRAWDA
Niebieska suknia;592,79;915,68;FAŁSZ;Starannie uszyty strój, zapewniający dobrą ochronę przed zimnem, deszczami czy innymi aspektami pogody.;ITEM_CAT_ARMOR;ITEM_WEAR_TORSO;Armor;Clothes;AdminArmor;armors;FAŁSZ;LINK;-;ITAR_GS_CLH_107;4;3;Gamemaster;FAŁSZ;BRAK;BRAK;BRAK;BRAK;BRAK;BRAK;BRAK;BRAK;BRAK;BRAK;0;0;0;BRAK;BRAK;BRAK;FAŁSZ;BRAK;0;0;;Wełniany zestaw do szycia;100;PRAWDA;5;5;BRAK;BRAK;BRAK;BRAK;5;5;5;0;0;0;Krawiec;Stroje;WG_ARMOR_DRESS_BLUE_01.asc;TAK;TAK;TAK;PRAWDA
Czarna suknia obywatelki;592,79;915,68;FAŁSZ;Dobrze uszyty strój, zapewniający niezłą ochronę przed zimnem, deszczami czy innymi aspektami pogody.;ITEM_CAT_ARMOR;ITEM_WEAR_TORSO;Armor;Clothes;AdminArmor;armors;FAŁSZ;Armor_Woman_Lumberjack.asc;-;ITAR_GS_CLH_82_3;4;3;Gamemaster;FAŁSZ;BRAK;BRAK;BRAK;BRAK;BRAK;BRAK;BRAK;BRAK;BRAK;BRAK;0;0;0;BRAK;BRAK;BRAK;FAŁSZ;BRAK;0;0;;Zestaw do szycia;100;PRAWDA;5;5;BRAK;BRAK;BRAK;BRAK;5;5;5;0;0;0;Krawiec;Stroje;Armor_Woman_Lumberjack.asc;TAK;TAK;TAK;PRAWDA
Zielony strój wędrowniczki;592,79;915,68;FAŁSZ;Starannie uszyty strój, zapewniający dobrą ochronę przed zimnem, deszczami czy innymi aspektami pogody.;ITEM_CAT_ARMOR;ITEM_WEAR_TORSO;Armor;Clothes;AdminArmor;armors;FAŁSZ;KOSA_TRISS_BLUE.ASC;-;ITAR_GS_CLH_107_5;4;3;Gamemaster;FAŁSZ;BRAK;BRAK;BRAK;BRAK;BRAK;BRAK;BRAK;BRAK;BRAK;BRAK;0;0;0;BRAK;BRAK;BRAK;FAŁSZ;BRAK;0;0;;Wełniany zestaw do szycia;100;PRAWDA;5;5;BRAK;BRAK;BRAK;BRAK;5;5;5;0;0;0;Krawiec;Stroje;KOSA_TRISS_GREEN.ASC;TAK;TAK;TAK;PRAWDA
Fiotowy strój wędrowniczki;592,79;915,68;FAŁSZ;Starannie uszyty strój, zapewniający dobrą ochronę przed zimnem, deszczami czy innymi aspektami pogody.;ITEM_CAT_ARMOR;ITEM_WEAR_TORSO;Armor;Clothes;AdminArmor;armors;FAŁSZ;KOSA_TRISS_ROSE.ASC;-;ITAR_GS_CLH_107_3;4;3;Gamemaster;FAŁSZ;BRAK;BRAK;BRAK;BRAK;BRAK;BRAK;BRAK;BRAK;BRAK;BRAK;0;0;0;BRAK;BRAK;BRAK;FAŁSZ;BRAK;0;0;;Wełniany zestaw do szycia;100;PRAWDA;5;5;BRAK;BRAK;BRAK;BRAK;5;5;5;0;0;0;Krawiec;Stroje;KOSA_TRISS_ROSE.asc;TAK;TAK;TAK;PRAWDA
Szary strój wędrowniczki;592,79;915,68;FAŁSZ;Starannie uszyty strój, zapewniający dobrą ochronę przed zimnem, deszczami czy innymi aspektami pogody.;ITEM_CAT_ARMOR;ITEM_WEAR_TORSO;Armor;Clothes;AdminArmor;armors;FAŁSZ;KOSA_TRISS_BLACK.ASC;-;ITAR_GS_CLH_107_2;4;3;Gamemaster;FAŁSZ;BRAK;BRAK;BRAK;BRAK;BRAK;BRAK;BRAK;BRAK;BRAK;BRAK;0;0;0;BRAK;BRAK;BRAK;FAŁSZ;BRAK;0;0;;Wełniany zestaw do szycia;100;PRAWDA;5;5;BRAK;BRAK;BRAK;BRAK;5;5;5;0;0;0;Krawiec;Stroje;KOSA_TRISS_BLUE.asc;TAK;TAK;TAK;PRAWDA
Ciemny strój wędrowniczki;592,79;915,68;FAŁSZ;Starannie uszyty strój, zapewniający dobrą ochronę przed zimnem, deszczami czy innymi aspektami pogody.;ITEM_CAT_ARMOR;ITEM_WEAR_TORSO;Armor;Clothes;AdminArmor;armors;FAŁSZ;KOSA_TRISS_GREEN.ASC;-;ITAR_GS_CLH_107_4;4;3;Gamemaster;FAŁSZ;BRAK;BRAK;BRAK;BRAK;BRAK;BRAK;BRAK;BRAK;BRAK;BRAK;0;0;0;BRAK;BRAK;BRAK;FAŁSZ;BRAK;0;0;;Wełniany zestaw do szycia;100;PRAWDA;5;5;BRAK;BRAK;BRAK;BRAK;5;5;5;0;0;0;Krawiec;Stroje;KOSA_TRISS_BLACK.asc;TAK;TAK;TAK;PRAWDA
Czerwony strój podróżniczki;592,79;915,68;FAŁSZ;Starannie uszyty strój, zapewniający dobrą ochronę przed zimnem, deszczami czy innymi aspektami pogody.;ITEM_CAT_ARMOR;ITEM_WEAR_TORSO;Armor;Clothes;AdminArmor;armors;FAŁSZ;LINK;-;ITAR_GS_CLH_108;4;3;Gamemaster;FAŁSZ;BRAK;BRAK;BRAK;BRAK;BRAK;BRAK;BRAK;BRAK;BRAK;BRAK;0;0;0;BRAK;BRAK;BRAK;FAŁSZ;BRAK;0;0;;Wełniany zestaw do szycia;100;PRAWDA;5;5;BRAK;BRAK;BRAK;BRAK;5;5;5;0;0;0;Krawiec;Stroje;GS_SLAV_BABE_02_KOZA.asc;TAK;TAK;TAK;PRAWDA
Czarny strój podróżniczki;592,79;915,68;FAŁSZ;Starannie uszyty strój, zapewniający dobrą ochronę przed zimnem, deszczami czy innymi aspektami pogody.;ITEM_CAT_ARMOR;ITEM_WEAR_TORSO;Armor;Clothes;AdminArmor;armors;FAŁSZ;LINK;-;ITAR_GS_CLH_109;4;3;Gamemaster;FAŁSZ;BRAK;BRAK;BRAK;BRAK;BRAK;BRAK;BRAK;BRAK;BRAK;BRAK;0;0;0;BRAK;BRAK;BRAK;FAŁSZ;BRAK;0;0;;Wełniany zestaw do szycia;100;PRAWDA;5;5;BRAK;BRAK;BRAK;BRAK;5;5;5;0;0;0;Krawiec;Stroje;GS_SLAV_BABE_03_KOZA.asc;TAK;TAK;TAK;PRAWDA
Fioletowy strój podróżniczki;592,79;915,68;FAŁSZ;Starannie uszyty strój, zapewniający dobrą ochronę przed zimnem, deszczami czy innymi aspektami pogody.;ITEM_CAT_ARMOR;ITEM_WEAR_TORSO;Armor;Clothes;AdminArmor;armors;FAŁSZ;LINK;-;ITAR_GS_CLH_110;4;3;Gamemaster;FAŁSZ;BRAK;BRAK;BRAK;BRAK;BRAK;BRAK;BRAK;BRAK;BRAK;BRAK;0;0;0;BRAK;BRAK;BRAK;FAŁSZ;BRAK;0;0;;Wełniany zestaw do szycia;100;PRAWDA;5;5;BRAK;BRAK;BRAK;BRAK;5;5;5;0;0;0;Krawiec;Stroje;GS_SLAV_BABE_04_KOZA.asc;TAK;TAK;TAK;PRAWDA
Zielony strój podróżniczki;592,79;915,68;FAŁSZ;Starannie uszyty strój, zapewniający dobrą ochronę przed zimnem, deszczami czy innymi aspektami pogody.;ITEM_CAT_ARMOR;ITEM_WEAR_TORSO;Armor;Clothes;AdminArmor;armors;FAŁSZ;LINK;-;ITAR_GS_CLH_111;4;3;Gamemaster;FAŁSZ;BRAK;BRAK;BRAK;BRAK;BRAK;BRAK;BRAK;BRAK;BRAK;BRAK;0;0;0;BRAK;BRAK;BRAK;FAŁSZ;BRAK;0;0;;Wełniany zestaw do szycia;100;PRAWDA;5;5;BRAK;BRAK;BRAK;BRAK;5;5;5;0;0;0;Krawiec;Stroje;GS_SLAV_BABE_05_KOZA.asc;TAK;TAK;TAK;PRAWDA
Czarny kontusz;462,29;745,41;FAŁSZ;Starannie uszyty strój, zapewniający dobrą ochronę przed zimnem, deszczami czy innymi aspektami pogody.;ITEM_CAT_ARMOR;ITEM_WEAR_TORSO;Armor;Clothes;AdminArmor;armors;FAŁSZ;KOSA_KONTUSZ_BLACK.ASC;-;ITAR_GS_CLH_111_1;4;3;Gamemaster;FAŁSZ;BRAK;BRAK;BRAK;BRAK;BRAK;BRAK;BRAK;BRAK;BRAK;BRAK;0;0;0;BRAK;BRAK;BRAK;FAŁSZ;BRAK;0;0;;Wełniany zestaw do szycia;100;PRAWDA;5;5;BRAK;BRAK;BRAK;BRAK;5;5;5;0;0;0;Krawiec;Stroje;KOSA_KONTUSZ_BLACK.ASC;TAK;TAK;TAK;PRAWDA
Niebieski kontusz;462,29;745,41;FAŁSZ;Starannie uszyty strój, zapewniający dobrą ochronę przed zimnem, deszczami czy innymi aspektami pogody.;ITEM_CAT_ARMOR;ITEM_WEAR_TORSO;Armor;Clothes;AdminArmor;armors;FAŁSZ;KOSA_KONTUSZ_BLUE.ASC;-;ITAR_GS_CLH_111_2;4;3;Gamemaster;FAŁSZ;BRAK;BRAK;BRAK;BRAK;BRAK;BRAK;BRAK;BRAK;BRAK;BRAK;0;0;0;BRAK;BRAK;BRAK;FAŁSZ;BRAK;0;0;;Wełniany zestaw do szycia;100;PRAWDA;5;5;BRAK;BRAK;BRAK;BRAK;5;5;5;0;0;0;Krawiec;Stroje;KOSA_KONTUSZ_BLUE.ASC;TAK;TAK;TAK;PRAWDA
Zielony kontusz;462,29;745,41;FAŁSZ;Starannie uszyty strój, zapewniający dobrą ochronę przed zimnem, deszczami czy innymi aspektami pogody.;ITEM_CAT_ARMOR;ITEM_WEAR_TORSO;Armor;Clothes;AdminArmor;armors;FAŁSZ;KOSA_KONTUSZ_GREEN.ASC;-;ITAR_GS_CLH_111_3;4;3;Gamemaster;FAŁSZ;BRAK;BRAK;BRAK;BRAK;BRAK;BRAK;BRAK;BRAK;BRAK;BRAK;0;0;0;BRAK;BRAK;BRAK;FAŁSZ;BRAK;0;0;;Wełniany zestaw do szycia;100;PRAWDA;5;5;BRAK;BRAK;BRAK;BRAK;5;5;5;0;0;0;Krawiec;Stroje;KOSA_KONTUSZ_GREEN.ASC;TAK;TAK;TAK;PRAWDA
Czerwony kontusz;462,29;745,41;FAŁSZ;Starannie uszyty strój, zapewniający dobrą ochronę przed zimnem, deszczami czy innymi aspektami pogody.;ITEM_CAT_ARMOR;ITEM_WEAR_TORSO;Armor;Clothes;AdminArmor;armors;FAŁSZ;KOSA_KONTUSZ_RED.ASC;-;ITAR_GS_CLH_111_4;4;3;Gamemaster;FAŁSZ;BRAK;BRAK;BRAK;BRAK;BRAK;BRAK;BRAK;BRAK;BRAK;BRAK;0;0;0;BRAK;BRAK;BRAK;FAŁSZ;BRAK;0;0;;Wełniany zestaw do szycia;100;PRAWDA;5;5;BRAK;BRAK;BRAK;BRAK;5;5;5;0;0;0;Krawiec;Stroje;KOSA_KONTUSZ_RED.ASC;TAK;TAK;TAK;PRAWDA
Biały kontusz;462,29;745,41;FAŁSZ;Starannie uszyty strój, zapewniający dobrą ochronę przed zimnem, deszczami czy innymi aspektami pogody.;ITEM_CAT_ARMOR;ITEM_WEAR_TORSO;Armor;Clothes;AdminArmor;armors;FAŁSZ;KOSA_KONTUSZ_WHITE.ASC;-;ITAR_GS_CLH_111_5;4;3;Gamemaster;FAŁSZ;BRAK;BRAK;BRAK;BRAK;BRAK;BRAK;BRAK;BRAK;BRAK;BRAK;0;0;0;BRAK;BRAK;BRAK;FAŁSZ;BRAK;0;0;;Wełniany zestaw do szycia;100;PRAWDA;5;5;BRAK;BRAK;BRAK;BRAK;5;5;5;0;0;0;Krawiec;Stroje;KOSA_KONTUSZ_WHITE.ASC;TAK;TAK;TAK;PRAWDA
Ozdobiony jasny strój obywatela;462,29;745,41;FAŁSZ;Starannie uszyty strój, zapewniający dobrą ochronę przed zimnem, deszczami czy innymi aspektami pogody.;ITEM_CAT_ARMOR;ITEM_WEAR_TORSO;Armor;Clothes;AdminArmor;armors;FAŁSZ;Armor_Vlk_M5.asc;-;ITAR_GS_CLH_111_6;4;3;Gamemaster;FAŁSZ;BRAK;BRAK;BRAK;BRAK;BRAK;BRAK;BRAK;BRAK;BRAK;BRAK;0;0;0;BRAK;BRAK;BRAK;FAŁSZ;BRAK;0;0;;Wełniany zestaw do szycia;100;PRAWDA;5;5;BRAK;BRAK;BRAK;BRAK;5;5;5;0;0;0;Krawiec;Stroje;Armor_Vlk_M5.asc;TAK;TAK;TAK;PRAWDA
Ozdobiony błękitny strój obywatela;462,29;745,41;FAŁSZ;Starannie uszyty strój, zapewniający dobrą ochronę przed zimnem, deszczami czy innymi aspektami pogody.;ITEM_CAT_ARMOR;ITEM_WEAR_TORSO;Armor;Clothes;AdminArmor;armors;FAŁSZ;Armor_Vlk_M6.asc;-;ITAR_GS_CLH_111_7;4;3;Gamemaster;FAŁSZ;BRAK;BRAK;BRAK;BRAK;BRAK;BRAK;BRAK;BRAK;BRAK;BRAK;0;0;0;BRAK;BRAK;BRAK;FAŁSZ;BRAK;0;0;;Wełniany zestaw do szycia;100;PRAWDA;5;5;BRAK;BRAK;BRAK;BRAK;5;5;5;0;0;0;Krawiec;Stroje;Armor_Vlk_M6.asc;TAK;TAK;TAK;PRAWDA
Pomarańczowy elegancki strój obywatela;824,59;1279,72;FAŁSZ;Znakomicie uszyty strój, zapewniający bardzo dobrą ochronę przed zimnem, deszczami czy innymi aspektami pogody.;ITEM_CAT_ARMOR;ITEM_WEAR_TORSO;Armor;Clothes;AdminArmor;armors;FAŁSZ;LINK;-;ITAR_GS_CLH_112;5;4;Gamemaster;FAŁSZ;BRAK;BRAK;BRAK;BRAK;BRAK;BRAK;BRAK;BRAK;BRAK;BRAK;0;0;0;BRAK;BRAK;BRAK;FAŁSZ;BRAK;0;0;;Wełniany zestaw do szycia;125;FAŁSZ;5;5;BRAK;BRAK;BRAK;BRAK;10;10;10;0;0;0;Krawiec;Stroje;WG_ARMOR_ELEGANT_CITIZEN_01.asc;TAK;TAK;TAK;PRAWDA
Jaskrawy elegancki strój obywatela;824,59;1279,72;FAŁSZ;Znakomicie uszyty strój, zapewniający bardzo dobrą ochronę przed zimnem, deszczami czy innymi aspektami pogody.;ITEM_CAT_ARMOR;ITEM_WEAR_TORSO;Armor;Clothes;AdminArmor;armors;FAŁSZ;LINK;-;ITAR_GS_CLH_113;5;4;Gamemaster;FAŁSZ;BRAK;BRAK;BRAK;BRAK;BRAK;BRAK;BRAK;BRAK;BRAK;BRAK;0;0;0;BRAK;BRAK;BRAK;FAŁSZ;BRAK;0;0;;Wełniany zestaw do szycia;125;FAŁSZ;5;5;BRAK;BRAK;BRAK;BRAK;10;10;10;0;0;0;Krawiec;Stroje;WG_ARMOR_ELEGANT_CITIZEN_02.asc;TAK;TAK;TAK;PRAWDA
Brązowy elegancki strój obywatela;824,59;1279,72;FAŁSZ;Znakomicie uszyty strój, zapewniający bardzo dobrą ochronę przed zimnem, deszczami czy innymi aspektami pogody.;ITEM_CAT_ARMOR;ITEM_WEAR_TORSO;Armor;Clothes;AdminArmor;armors;FAŁSZ;LINK;-;ITAR_GS_CLH_114;5;4;Gamemaster;FAŁSZ;BRAK;BRAK;BRAK;BRAK;BRAK;BRAK;BRAK;BRAK;BRAK;BRAK;0;0;0;BRAK;BRAK;BRAK;FAŁSZ;BRAK;0;0;;Wełniany zestaw do szycia;125;FAŁSZ;5;5;BRAK;BRAK;BRAK;BRAK;10;10;10;0;0;0;Krawiec;Stroje;WG_ARMOR_ELEGANT_CITIZEN_03.asc;TAK;TAK;TAK;PRAWDA
Biały elegancki strój obywatela;824,59;1279,72;FAŁSZ;Znakomicie uszyty strój, zapewniający bardzo dobrą ochronę przed zimnem, deszczami czy innymi aspektami pogody.;ITEM_CAT_ARMOR;ITEM_WEAR_TORSO;Armor;Clothes;AdminArmor;armors;FAŁSZ;LINK;-;ITAR_GS_CLH_115;5;4;Gamemaster;FAŁSZ;BRAK;BRAK;BRAK;BRAK;BRAK;BRAK;BRAK;BRAK;BRAK;BRAK;0;0;0;BRAK;BRAK;BRAK;FAŁSZ;BRAK;0;0;;Wełniany zestaw do szycia;125;FAŁSZ;5;5;BRAK;BRAK;BRAK;BRAK;10;10;10;0;0;0;Krawiec;Stroje;WG_ARMOR_ELEGANT_CITIZEN_04.asc;TAK;TAK;TAK;PRAWDA
Czarny elegancki strój obywatela;824,59;1279,72;FAŁSZ;Znakomicie uszyty strój, zapewniający bardzo dobrą ochronę przed zimnem, deszczami czy innymi aspektami pogody.;ITEM_CAT_ARMOR;ITEM_WEAR_TORSO;Armor;Clothes;AdminArmor;armors;FAŁSZ;LINK;-;ITAR_GS_CLH_116;5;4;Gamemaster;FAŁSZ;BRAK;BRAK;BRAK;BRAK;BRAK;BRAK;BRAK;BRAK;BRAK;BRAK;0;0;0;BRAK;BRAK;BRAK;FAŁSZ;BRAK;0;0;;Wełniany zestaw do szycia;125;FAŁSZ;5;5;BRAK;BRAK;BRAK;BRAK;10;10;10;0;0;0;Krawiec;Stroje;WG_ARMOR_ELEGANT_CITIZEN_05.asc;TAK;TAK;TAK;PRAWDA
Zielonkawy elegancki strój obywatela;824,59;1279,72;FAŁSZ;Znakomicie uszyty strój, zapewniający bardzo dobrą ochronę przed zimnem, deszczami czy innymi aspektami pogody.;ITEM_CAT_ARMOR;ITEM_WEAR_TORSO;Armor;Clothes;AdminArmor;armors;FAŁSZ;LINK;-;ITAR_GS_CLH_117;5;4;Gamemaster;FAŁSZ;BRAK;BRAK;BRAK;BRAK;BRAK;BRAK;BRAK;BRAK;BRAK;BRAK;0;0;0;BRAK;BRAK;BRAK;FAŁSZ;BRAK;0;0;;Wełniany zestaw do szycia;125;FAŁSZ;5;5;BRAK;BRAK;BRAK;BRAK;10;10;10;0;0;0;Krawiec;Stroje;WG_ARMOR_ELEGANT_CITIZEN_06.asc;TAK;TAK;TAK;PRAWDA
Kobiecy czerwonawy schludny strój;824,59;1279,72;FAŁSZ;Znakomicie uszyty strój, zapewniający bardzo dobrą ochronę przed zimnem, deszczami czy innymi aspektami pogody.;ITEM_CAT_ARMOR;ITEM_WEAR_TORSO;Armor;Clothes;AdminArmor;armors;FAŁSZ;itar_gs_women_08;-;ITAR_GS_CLH_118;5;4;Gamemaster;FAŁSZ;BRAK;BRAK;BRAK;BRAK;BRAK;BRAK;BRAK;BRAK;BRAK;BRAK;0;0;0;BRAK;BRAK;BRAK;FAŁSZ;BRAK;0;0;;Wełniany zestaw do szycia;125;FAŁSZ;5;5;BRAK;BRAK;BRAK;BRAK;10;10;10;0;0;0;Krawiec;Stroje;KM_IVY_ARMOR_03.asc;TAK;TAK;TAK;PRAWDA
Kobiecy kruczy schludny strój;824,59;1279,72;FAŁSZ;Znakomicie uszyty strój, zapewniający bardzo dobrą ochronę przed zimnem, deszczami czy innymi aspektami pogody.;ITEM_CAT_ARMOR;ITEM_WEAR_TORSO;Armor;Clothes;AdminArmor;armors;FAŁSZ;itar_gs_women_06;-;ITAR_GS_CLH_119;5;4;Gamemaster;FAŁSZ;BRAK;BRAK;BRAK;BRAK;BRAK;BRAK;BRAK;BRAK;BRAK;BRAK;0;0;0;BRAK;BRAK;BRAK;FAŁSZ;BRAK;0;0;;Wełniany zestaw do szycia;125;FAŁSZ;5;5;BRAK;BRAK;BRAK;BRAK;10;10;10;0;0;0;Krawiec;Stroje;HUM_ARMOR_IVY_REMADE.asc;TAK;TAK;TAK;PRAWDA
Kobiecy schludny różowy strój;824,59;1279,72;FAŁSZ;Znakomicie uszyty strój, zapewniający bardzo dobrą ochronę przed zimnem, deszczami czy innymi aspektami pogody.;ITEM_CAT_ARMOR;ITEM_WEAR_TORSO;Armor;Clothes;AdminArmor;armors;FAŁSZ;itar_gs_women_05;-;ITAR_GS_CLH_120;5;4;Gamemaster;FAŁSZ;BRAK;BRAK;BRAK;BRAK;BRAK;BRAK;BRAK;BRAK;BRAK;BRAK;0;0;0;BRAK;BRAK;BRAK;FAŁSZ;BRAK;0;0;;Wełniany zestaw do szycia;125;FAŁSZ;5;5;BRAK;BRAK;BRAK;BRAK;10;10;10;0;0;0;Krawiec;Stroje;STROJ_KOBIECY_ROZOWY_01.asc;TAK;TAK;TAK;PRAWDA
Kobiecy schludny czerwony strój;824,59;1279,72;FAŁSZ;Znakomicie uszyty strój, zapewniający bardzo dobrą ochronę przed zimnem, deszczami czy innymi aspektami pogody.;ITEM_CAT_ARMOR;ITEM_WEAR_TORSO;Armor;Clothes;AdminArmor;armors;FAŁSZ;itar_gs_women_03;-;ITAR_GS_CLH_121;5;4;Gamemaster;FAŁSZ;BRAK;BRAK;BRAK;BRAK;BRAK;BRAK;BRAK;BRAK;BRAK;BRAK;0;0;0;BRAK;BRAK;BRAK;FAŁSZ;BRAK;0;0;;Wełniany zestaw do szycia;125;FAŁSZ;5;5;BRAK;BRAK;BRAK;BRAK;10;10;10;0;0;0;Krawiec;Stroje;STROJ_KOBIECY_CZERWONY_01.asc;TAK;TAK;TAK;PRAWDA
Kobiecy schludny czarny strój;824,59;1279,72;FAŁSZ;Znakomicie uszyty strój, zapewniający bardzo dobrą ochronę przed zimnem, deszczami czy innymi aspektami pogody.;ITEM_CAT_ARMOR;ITEM_WEAR_TORSO;Armor;Clothes;AdminArmor;armors;FAŁSZ;itar_gs_women_02;-;ITAR_GS_CLH_122;5;4;Gamemaster;FAŁSZ;BRAK;BRAK;BRAK;BRAK;BRAK;BRAK;BRAK;BRAK;BRAK;BRAK;0;0;0;BRAK;BRAK;BRAK;FAŁSZ;BRAK;0;0;;Wełniany zestaw do szycia;125;FAŁSZ;5;5;BRAK;BRAK;BRAK;BRAK;10;10;10;0;0;0;Krawiec;Stroje;STROJ_KOBIECY_CZARNY_01.asc;TAK;TAK;TAK;PRAWDA
Kobiecy schludny brązowy strój;824,59;1279,72;FAŁSZ;Znakomicie uszyty strój, zapewniający bardzo dobrą ochronę przed zimnem, deszczami czy innymi aspektami pogody.;ITEM_CAT_ARMOR;ITEM_WEAR_TORSO;Armor;Clothes;AdminArmor;armors;FAŁSZ;itar_gs_women_01;-;ITAR_GS_CLH_123;5;4;Gamemaster;FAŁSZ;BRAK;BRAK;BRAK;BRAK;BRAK;BRAK;BRAK;BRAK;BRAK;BRAK;0;0;0;BRAK;BRAK;BRAK;FAŁSZ;BRAK;0;0;;Wełniany zestaw do szycia;125;FAŁSZ;5;5;BRAK;BRAK;BRAK;BRAK;10;10;10;0;0;0;Krawiec;Stroje;STROJ_KOBIECY_BRAZOWY_01.asc;TAK;TAK;TAK;PRAWDA
Szary elegancki płaszcz;824,59;1279,72;FAŁSZ;Znakomicie uszyty strój, zapewniający bardzo dobrą ochronę przed zimnem, deszczami czy innymi aspektami pogody.;ITEM_CAT_ARMOR;ITEM_WEAR_TORSO;Armor;Clothes;AdminArmor;armors;FAŁSZ;itar_gs_custom_15;-;ITAR_GS_CLH_124;5;4;Gamemaster;FAŁSZ;BRAK;BRAK;BRAK;BRAK;BRAK;BRAK;BRAK;BRAK;BRAK;BRAK;0;0;0;BRAK;BRAK;BRAK;FAŁSZ;BRAK;0;0;;Wełniany zestaw do szycia;125;FAŁSZ;5;5;BRAK;BRAK;BRAK;BRAK;10;10;10;0;0;0;Krawiec;Stroje;ZBROJA_SKYRIM_SZARY_01.asc;TAK;TAK;TAK;PRAWDA
Fioletowy elegancki płaszcz;824,59;1279,72;FAŁSZ;Znakomicie uszyty strój, zapewniający bardzo dobrą ochronę przed zimnem, deszczami czy innymi aspektami pogody.;ITEM_CAT_ARMOR;ITEM_WEAR_TORSO;Armor;Clothes;AdminArmor;armors;FAŁSZ;itar_gs_custom_14;-;ITAR_GS_CLH_125;5;4;Gamemaster;FAŁSZ;BRAK;BRAK;BRAK;BRAK;BRAK;BRAK;BRAK;BRAK;BRAK;BRAK;0;0;0;BRAK;BRAK;BRAK;FAŁSZ;BRAK;0;0;;Wełniany zestaw do szycia;125;FAŁSZ;5;5;BRAK;BRAK;BRAK;BRAK;10;10;10;0;0;0;Krawiec;Stroje;ZBROJA_SKYRIM_FIOLETOWY_01.asc;TAK;TAK;TAK;PRAWDA
Czarny elegancki płaszcz;824,59;1279,72;FAŁSZ;Znakomicie uszyty strój, zapewniający bardzo dobrą ochronę przed zimnem, deszczami czy innymi aspektami pogody.;ITEM_CAT_ARMOR;ITEM_WEAR_TORSO;Armor;Clothes;AdminArmor;armors;FAŁSZ;itar_gs_custom_13;-;ITAR_GS_CLH_126;5;4;Gamemaster;FAŁSZ;BRAK;BRAK;BRAK;BRAK;BRAK;BRAK;BRAK;BRAK;BRAK;BRAK;0;0;0;BRAK;BRAK;BRAK;FAŁSZ;BRAK;0;0;;Wełniany zestaw do szycia;125;FAŁSZ;5;5;BRAK;BRAK;BRAK;BRAK;10;10;10;0;0;0;Krawiec;Stroje;ZBROJA_SKYRIM_CZORNY_01.asc;TAK;TAK;TAK;PRAWDA
Czerwony elegancki płaszcz;824,59;1279,72;FAŁSZ;Znakomicie uszyty strój, zapewniający bardzo dobrą ochronę przed zimnem, deszczami czy innymi aspektami pogody.;ITEM_CAT_ARMOR;ITEM_WEAR_TORSO;Armor;Clothes;AdminArmor;armors;FAŁSZ;itar_gs_custom_12;-;ITAR_GS_CLH_127;5;4;Gamemaster;FAŁSZ;BRAK;BRAK;BRAK;BRAK;BRAK;BRAK;BRAK;BRAK;BRAK;BRAK;0;0;0;BRAK;BRAK;BRAK;FAŁSZ;BRAK;0;0;;Wełniany zestaw do szycia;125;FAŁSZ;5;5;BRAK;BRAK;BRAK;BRAK;10;10;10;0;0;0;Krawiec;Stroje;ZBROJA_SKYRIM_CZERWONY_01.asc;TAK;TAK;TAK;PRAWDA
Brązowy elegancki płaszcz;824,59;1279,72;FAŁSZ;Znakomicie uszyty strój, zapewniający bardzo dobrą ochronę przed zimnem, deszczami czy innymi aspektami pogody.;ITEM_CAT_ARMOR;ITEM_WEAR_TORSO;Armor;Clothes;AdminArmor;armors;FAŁSZ;itar_gs_custom_11;-;ITAR_GS_CLH_128;5;4;Gamemaster;FAŁSZ;BRAK;BRAK;BRAK;BRAK;BRAK;BRAK;BRAK;BRAK;BRAK;BRAK;0;0;0;BRAK;BRAK;BRAK;FAŁSZ;BRAK;0;0;;Wełniany zestaw do szycia;125;FAŁSZ;5;5;BRAK;BRAK;BRAK;BRAK;10;10;10;0;0;0;Krawiec;Stroje;ZBROJA_SKYRIM_BRAZ_01.asc;TAK;TAK;TAK;PRAWDA
Zdobiony elegancki strój;824,59;1279,72;FAŁSZ;Znakomicie uszyty strój, zapewniający bardzo dobrą ochronę przed zimnem, deszczami czy innymi aspektami pogody.;ITEM_CAT_ARMOR;ITEM_WEAR_TORSO;Armor;Clothes;AdminArmor;armors;FAŁSZ;ITAR_SDRP_CLH_24;-;ITAR_GS_CLH_129;5;4;Gamemaster;FAŁSZ;BRAK;BRAK;BRAK;BRAK;BRAK;BRAK;BRAK;BRAK;BRAK;BRAK;0;0;0;BRAK;BRAK;BRAK;FAŁSZ;BRAK;0;0;;Wełniany zestaw do szycia;125;FAŁSZ;5;5;BRAK;BRAK;BRAK;BRAK;10;10;10;0;0;0;Krawiec;Stroje;ROTCHARD_RUSSEL.asc;TAK;TAK;TAK;PRAWDA
Różany bogaty strój;824,59;1279,72;FAŁSZ;Znakomicie uszyty strój, zapewniający bardzo dobrą ochronę przed zimnem, deszczami czy innymi aspektami pogody.;ITEM_CAT_ARMOR;ITEM_WEAR_TORSO;Armor;Clothes;AdminArmor;armors;FAŁSZ;ITAR_GS_CUSTOM_21;-;ITAR_GS_CLH_130;5;4;Gamemaster;FAŁSZ;BRAK;BRAK;BRAK;BRAK;BRAK;BRAK;BRAK;BRAK;BRAK;BRAK;0;0;0;BRAK;BRAK;BRAK;FAŁSZ;BRAK;0;0;;Wełniany zestaw do szycia;125;FAŁSZ;5;5;BRAK;BRAK;BRAK;BRAK;10;10;10;0;0;0;Krawiec;Stroje;HUM_ARMOR_RICH_MERCHANT_05.asc;TAK;TAK;TAK;PRAWDA
Pomarańczowy bogaty strój;824,59;1279,72;FAŁSZ;Znakomicie uszyty strój, zapewniający bardzo dobrą ochronę przed zimnem, deszczami czy innymi aspektami pogody.;ITEM_CAT_ARMOR;ITEM_WEAR_TORSO;Armor;Clothes;AdminArmor;armors;FAŁSZ;ITAR_GS_CUSTOM_20;-;ITAR_GS_CLH_131;5;4;Gamemaster;FAŁSZ;BRAK;BRAK;BRAK;BRAK;BRAK;BRAK;BRAK;BRAK;BRAK;BRAK;0;0;0;BRAK;BRAK;BRAK;FAŁSZ;BRAK;0;0;;Wełniany zestaw do szycia;125;FAŁSZ;5;5;BRAK;BRAK;BRAK;BRAK;10;10;10;0;0;0;Krawiec;Stroje;HUM_ARMOR_RICH_MERCHANT_04.asc;TAK;TAK;TAK;PRAWDA
Niebieski bogaty strój;824,59;1279,72;FAŁSZ;Znakomicie uszyty strój, zapewniający bardzo dobrą ochronę przed zimnem, deszczami czy innymi aspektami pogody.;ITEM_CAT_ARMOR;ITEM_WEAR_TORSO;Armor;Clothes;AdminArmor;armors;FAŁSZ;ITAR_KM_RM_NOHAT_02;-;ITAR_GS_CLH_132;5;4;Gamemaster;FAŁSZ;BRAK;BRAK;BRAK;BRAK;BRAK;BRAK;BRAK;BRAK;BRAK;BRAK;0;0;0;BRAK;BRAK;BRAK;FAŁSZ;BRAK;0;0;;Wełniany zestaw do szycia;125;FAŁSZ;5;5;BRAK;BRAK;BRAK;BRAK;10;10;10;0;0;0;Krawiec;Stroje;KM_RM_NOHAT_02.asc;TAK;TAK;TAK;PRAWDA
Czerwony bogaty strój;824,59;1279,72;FAŁSZ;Znakomicie uszyty strój, zapewniający bardzo dobrą ochronę przed zimnem, deszczami czy innymi aspektami pogody.;ITEM_CAT_ARMOR;ITEM_WEAR_TORSO;Armor;Clothes;AdminArmor;armors;FAŁSZ;ITAR_KM_RM_NOHAT_03;-;ITAR_GS_CLH_133;5;4;Gamemaster;FAŁSZ;BRAK;BRAK;BRAK;BRAK;BRAK;BRAK;BRAK;BRAK;BRAK;BRAK;0;0;0;BRAK;BRAK;BRAK;FAŁSZ;BRAK;0;0;;Wełniany zestaw do szycia;125;FAŁSZ;5;5;BRAK;BRAK;BRAK;BRAK;10;10;10;0;0;0;Krawiec;Stroje;KM_RM_NOHAT_03.asc;TAK;TAK;TAK;PRAWDA
Zielony bogaty strój;824,59;1279,72;FAŁSZ;Znakomicie uszyty strój, zapewniający bardzo dobrą ochronę przed zimnem, deszczami czy innymi aspektami pogody.;ITEM_CAT_ARMOR;ITEM_WEAR_TORSO;Armor;Clothes;AdminArmor;armors;FAŁSZ;ITAR_KM_RM_NOHAT_01;-;ITAR_GS_CLH_134;5;4;Gamemaster;FAŁSZ;BRAK;BRAK;BRAK;BRAK;BRAK;BRAK;BRAK;BRAK;BRAK;BRAK;0;0;0;BRAK;BRAK;BRAK;FAŁSZ;BRAK;0;0;;Wełniany zestaw do szycia;125;FAŁSZ;5;5;BRAK;BRAK;BRAK;BRAK;10;10;10;0;0;0;Krawiec;Stroje;KM_RM_NOHAT_01.asc;TAK;TAK;TAK;PRAWDA
Czarne ubranie kapitana;824,59;1279,72;FAŁSZ;Znakomicie uszyty strój, zapewniający bardzo dobrą ochronę przed zimnem, deszczami czy innymi aspektami pogody.;ITEM_CAT_ARMOR;ITEM_WEAR_TORSO;Armor;Clothes;AdminArmor;armors;FAŁSZ;ITAR_GS_CUSTOM_22;-;ITAR_GS_CLH_135;5;4;Gamemaster;FAŁSZ;BRAK;BRAK;BRAK;BRAK;BRAK;BRAK;BRAK;BRAK;BRAK;BRAK;0;0;0;BRAK;BRAK;BRAK;FAŁSZ;BRAK;0;0;;Wełniany zestaw do szycia;125;FAŁSZ;5;5;BRAK;BRAK;BRAK;BRAK;10;10;10;0;0;0;Krawiec;Stroje;KM_PIR_H.asc;TAK;TAK;TAK;PRAWDA
Ubranie kapitana;824,59;1279,72;FAŁSZ;Znakomicie uszyty strój, zapewniający bardzo dobrą ochronę przed zimnem, deszczami czy innymi aspektami pogody.;ITEM_CAT_ARMOR;ITEM_WEAR_TORSO;Armor;Clothes;AdminArmor;armors;FAŁSZ;ITAR_PIR_H_ADDON;-;ITAR_GS_CLH_136;5;4;Gamemaster;FAŁSZ;BRAK;BRAK;BRAK;BRAK;BRAK;BRAK;BRAK;BRAK;BRAK;BRAK;0;0;0;BRAK;BRAK;BRAK;FAŁSZ;BRAK;0;0;;Wełniany zestaw do szycia;125;FAŁSZ;5;5;BRAK;BRAK;BRAK;BRAK;10;10;10;0;0;0;Krawiec;Stroje;Armor_PIR_H_ADDON.asc;TAK;TAK;TAK;PRAWDA
Zdobiony smukły strój;824,59;1279,72;FAŁSZ;Znakomicie uszyty strój, zapewniający bardzo dobrą ochronę przed zimnem, deszczami czy innymi aspektami pogody.;ITEM_CAT_ARMOR;ITEM_WEAR_TORSO;Armor;Clothes;AdminArmor;armors;FAŁSZ;G4_BOOTLEG_RICH_JACKET;-;ITAR_GS_CLH_136_1;5;4;Gamemaster;FAŁSZ;BRAK;BRAK;BRAK;BRAK;BRAK;BRAK;BRAK;BRAK;BRAK;BRAK;0;0;0;BRAK;BRAK;BRAK;FAŁSZ;BRAK;0;0;;Wełniany zestaw do szycia;125;FAŁSZ;5;5;BRAK;BRAK;BRAK;BRAK;10;10;10;0;0;0;Krawiec;Stroje;G4_BOOTLEG_RICH_JACKET.asc;TAK;TAK;TAK;PRAWDA
Różana modna skracana suknia;1677,07;2601,16;FAŁSZ;Wspaniale uszyty strój, zapewniający znakomitą ochronę przed zimnem, deszczami czy innymi aspektami pogody.;ITEM_CAT_ARMOR;ITEM_WEAR_TORSO;Armor;Clothes;AdminArmor;armors;FAŁSZ;itar_km_babe_rich_vlk_02;-;ITAR_GS_CLH_137;5;5;Gamemaster;FAŁSZ;BRAK;BRAK;BRAK;BRAK;BRAK;BRAK;BRAK;BRAK;BRAK;BRAK;0;0;0;BRAK;BRAK;BRAK;FAŁSZ;BRAK;0;0;;Porządny zestaw do szycia;150;FAŁSZ;5;5;BRAK;BRAK;BRAK;BRAK;10;10;10;0;0;0;Krawiec;Stroje;KM_DRESS_02.asc;TAK;TAK;TAK;PRAWDA
Trawiasta modna skracana suknia;1677,07;2601,16;FAŁSZ;Wspaniale uszyty strój, zapewniający znakomitą ochronę przed zimnem, deszczami czy innymi aspektami pogody.;ITEM_CAT_ARMOR;ITEM_WEAR_TORSO;Armor;Clothes;AdminArmor;armors;FAŁSZ;itar_km_babe_rich_vlk_03;-;ITAR_GS_CLH_138;5;5;Gamemaster;FAŁSZ;BRAK;BRAK;BRAK;BRAK;BRAK;BRAK;BRAK;BRAK;BRAK;BRAK;0;0;0;BRAK;BRAK;BRAK;FAŁSZ;BRAK;0;0;;Porządny zestaw do szycia;150;FAŁSZ;5;5;BRAK;BRAK;BRAK;BRAK;10;10;10;0;0;0;Krawiec;Stroje;KM_DRESS_03.asc;TAK;TAK;TAK;PRAWDA
Czarna modna skracana suknia;1677,07;2601,16;FAŁSZ;Wspaniale uszyty strój, zapewniający znakomitą ochronę przed zimnem, deszczami czy innymi aspektami pogody.;ITEM_CAT_ARMOR;ITEM_WEAR_TORSO;Armor;Clothes;AdminArmor;armors;FAŁSZ;itar_gs_custom_16;-;ITAR_GS_CLH_139;5;5;Gamemaster;FAŁSZ;BRAK;BRAK;BRAK;BRAK;BRAK;BRAK;BRAK;BRAK;BRAK;BRAK;0;0;0;BRAK;BRAK;BRAK;FAŁSZ;BRAK;0;0;;Porządny zestaw do szycia;150;FAŁSZ;5;5;BRAK;BRAK;BRAK;BRAK;10;10;10;0;0;0;Krawiec;Stroje;KM_DRESS_05.asc;TAK;TAK;TAK;PRAWDA
Niebieska modna skracana suknia;1677,07;2601,16;FAŁSZ;Wspaniale uszyty strój, zapewniający znakomitą ochronę przed zimnem, deszczami czy innymi aspektami pogody.;ITEM_CAT_ARMOR;ITEM_WEAR_TORSO;Armor;Clothes;AdminArmor;armors;FAŁSZ;ITAR_GS_CUSTOM_17;-;ITAR_GS_CLH_140;5;5;Gamemaster;FAŁSZ;BRAK;BRAK;BRAK;BRAK;BRAK;BRAK;BRAK;BRAK;BRAK;BRAK;0;0;0;BRAK;BRAK;BRAK;FAŁSZ;BRAK;0;0;;Porządny zestaw do szycia;150;FAŁSZ;5;5;BRAK;BRAK;BRAK;BRAK;10;10;10;0;0;0;Krawiec;Stroje;HUM_ARMOR_DRESS_05.asc;TAK;TAK;TAK;PRAWDA
Fiołkowa modna skracana suknia;1677,07;2601,16;FAŁSZ;Wspaniale uszyty strój, zapewniający znakomitą ochronę przed zimnem, deszczami czy innymi aspektami pogody.;ITEM_CAT_ARMOR;ITEM_WEAR_TORSO;Armor;Clothes;AdminArmor;armors;FAŁSZ;ITAR_GS_CUSTOM_18;-;ITAR_GS_CLH_141;5;5;Gamemaster;FAŁSZ;BRAK;BRAK;BRAK;BRAK;BRAK;BRAK;BRAK;BRAK;BRAK;BRAK;0;0;0;BRAK;BRAK;BRAK;FAŁSZ;BRAK;0;0;;Porządny zestaw do szycia;150;FAŁSZ;5;5;BRAK;BRAK;BRAK;BRAK;10;10;10;0;0;0;Krawiec;Stroje;HUM_ARMOR_DRESS_06.asc;TAK;TAK;TAK;PRAWDA
Karmazynowa modna skracana suknia;1677,07;2601,16;FAŁSZ;Wspaniale uszyty strój, zapewniający znakomitą ochronę przed zimnem, deszczami czy innymi aspektami pogody.;ITEM_CAT_ARMOR;ITEM_WEAR_TORSO;Armor;Clothes;AdminArmor;armors;FAŁSZ;ITAR_GS_CUSTOM_19;-;ITAR_GS_CLH_142;5;5;Gamemaster;FAŁSZ;BRAK;BRAK;BRAK;BRAK;BRAK;BRAK;BRAK;BRAK;BRAK;BRAK;0;0;0;BRAK;BRAK;BRAK;FAŁSZ;BRAK;0;0;;Porządny zestaw do szycia;150;FAŁSZ;5;5;BRAK;BRAK;BRAK;BRAK;10;10;10;0;0;0;Krawiec;Stroje;HUM_ARMOR_DRESS_07.asc;TAK;TAK;TAK;PRAWDA
Fioletowa modna skracana suknia;1677,07;2601,16;FAŁSZ;Wspaniale uszyty strój, zapewniający znakomitą ochronę przed zimnem, deszczami czy innymi aspektami pogody.;ITEM_CAT_ARMOR;ITEM_WEAR_TORSO;Armor;Clothes;AdminArmor;armors;FAŁSZ;itar_km_babe_rich_vlk_01;-;ITAR_GS_CLH_143;5;5;Gamemaster;FAŁSZ;BRAK;BRAK;BRAK;BRAK;BRAK;BRAK;BRAK;BRAK;BRAK;BRAK;0;0;0;BRAK;BRAK;BRAK;FAŁSZ;BRAK;0;0;;Porządny zestaw do szycia;150;FAŁSZ;5;5;BRAK;BRAK;BRAK;BRAK;10;10;10;0;0;0;Krawiec;Stroje;KM_DRESS_01.asc;TAK;TAK;TAK;PRAWDA
Purpurowy szlachecki strój;1502,79;2368,09;FAŁSZ;Wspaniale uszyty strój, zapewniający znakomitą ochronę przed zimnem, deszczami czy innymi aspektami pogody.;ITEM_CAT_ARMOR;ITEM_WEAR_TORSO;Armor;Clothes;AdminArmor;armors;FAŁSZ;ITAR_KM_RICH_MERCHANT_NOHAT_04;-;ITAR_GS_CLH_144;5;5;Gamemaster;FAŁSZ;BRAK;BRAK;BRAK;BRAK;BRAK;BRAK;BRAK;BRAK;BRAK;BRAK;0;0;0;BRAK;BRAK;BRAK;FAŁSZ;BRAK;0;0;;Porządny zestaw do szycia;150;FAŁSZ;5;5;BRAK;BRAK;BRAK;BRAK;10;10;10;0;0;0;Krawiec;Stroje;KM_RICH_MERCHANT_NOHAT_04.asc;TAK;TAK;TAK;PRAWDA
Niebieski szlachecki strój;1502,79;2368,09;FAŁSZ;Wspaniale uszyty strój, zapewniający znakomitą ochronę przed zimnem, deszczami czy innymi aspektami pogody.;ITEM_CAT_ARMOR;ITEM_WEAR_TORSO;Armor;Clothes;AdminArmor;armors;FAŁSZ;ITAR_KM_RICH_MERCHANT_NOHAT_03;-;ITAR_GS_CLH_145;5;5;Gamemaster;FAŁSZ;BRAK;BRAK;BRAK;BRAK;BRAK;BRAK;BRAK;BRAK;BRAK;BRAK;0;0;0;BRAK;BRAK;BRAK;FAŁSZ;BRAK;0;0;;Porządny zestaw do szycia;150;FAŁSZ;5;5;BRAK;BRAK;BRAK;BRAK;10;10;10;0;0;0;Krawiec;Stroje;KM_RICH_MERCHANT_NOHAT_03.asc;TAK;TAK;TAK;PRAWDA
Czerwony szlachecki strój;1502,79;2368,09;FAŁSZ;Wspaniale uszyty strój, zapewniający znakomitą ochronę przed zimnem, deszczami czy innymi aspektami pogody.;ITEM_CAT_ARMOR;ITEM_WEAR_TORSO;Armor;Clothes;AdminArmor;armors;FAŁSZ;ITAR_KM_RICH_MERCHANT_NOHAT_02;-;ITAR_GS_CLH_146;5;5;Gamemaster;FAŁSZ;BRAK;BRAK;BRAK;BRAK;BRAK;BRAK;BRAK;BRAK;BRAK;BRAK;0;0;0;BRAK;BRAK;BRAK;FAŁSZ;BRAK;0;0;;Porządny zestaw do szycia;150;FAŁSZ;5;5;BRAK;BRAK;BRAK;BRAK;10;10;10;0;0;0;Krawiec;Stroje;KM_RICH_MERCHANT_NOHAT_02.asc;TAK;TAK;TAK;PRAWDA
Pomarańczowy szlachecki strój;1502,79;2368,09;FAŁSZ;Wspaniale uszyty strój, zapewniający znakomitą ochronę przed zimnem, deszczami czy innymi aspektami pogody.;ITEM_CAT_ARMOR;ITEM_WEAR_TORSO;Armor;Clothes;AdminArmor;armors;FAŁSZ;ITAR_KM_RICH_MERCHANT_NOHAT_01;-;ITAR_GS_CLH_147;5;5;Gamemaster;FAŁSZ;BRAK;BRAK;BRAK;BRAK;BRAK;BRAK;BRAK;BRAK;BRAK;BRAK;0;0;0;BRAK;BRAK;BRAK;FAŁSZ;BRAK;0;0;;Porządny zestaw do szycia;150;FAŁSZ;5;5;BRAK;BRAK;BRAK;BRAK;10;10;10;0;0;0;Krawiec;Stroje;KM_RICH_MERCHANT_NOHAT_01.asc;TAK;TAK;TAK;PRAWDA
Szata sędziego;1502,79;2368,09;FAŁSZ;Wspaniale uszyty strój, zapewniający znakomitą ochronę przed zimnem, deszczami czy innymi aspektami pogody.;ITEM_CAT_ARMOR;ITEM_WEAR_TORSO;Armor;Clothes;AdminArmor;armors;FAŁSZ;ITAR_JUDGE;-;ITAR_GS_CLH_148;5;5;Gamemaster;FAŁSZ;BRAK;BRAK;BRAK;BRAK;BRAK;BRAK;BRAK;BRAK;BRAK;BRAK;0;0;0;BRAK;BRAK;BRAK;FAŁSZ;BRAK;0;0;;Porządny zestaw do szycia;150;FAŁSZ;5;5;BRAK;BRAK;BRAK;BRAK;10;10;10;0;0;0;Krawiec;Stroje;Armor_Judge.asc;TAK;TAK;TAK;PRAWDA
Kaftan gubernatora;1502,79;2368,09;FAŁSZ;Wspaniale uszyty strój, zapewniający znakomitą ochronę przed zimnem, deszczami czy innymi aspektami pogody.;ITEM_CAT_ARMOR;ITEM_WEAR_TORSO;Armor;Clothes;AdminArmor;armors;FAŁSZ;ITAR_GOVERNOR;-;ITAR_GS_CLH_149;5;5;Gamemaster;FAŁSZ;BRAK;BRAK;BRAK;BRAK;BRAK;BRAK;BRAK;BRAK;BRAK;BRAK;0;0;0;BRAK;BRAK;BRAK;FAŁSZ;BRAK;0;0;;Porządny zestaw do szycia;150;FAŁSZ;5;5;BRAK;BRAK;BRAK;BRAK;10;10;10;0;0;0;Krawiec;Stroje;Armor_Governor.asc;TAK;TAK;TAK;PRAWDA
Suknia wiedźmy;BRAK;BRAK;FAŁSZ;Wspaniale uszyty strój, zapewniający znakomitą ochronę przed zimnem, deszczami czy innymi aspektami pogody.;ITEM_CAT_ARMOR;ITEM_WEAR_TORSO;Armor;Clothes;AdminArmor;armors;FAŁSZ;LINK;-;ITAR_GS_CLH_149_1;5;5;Gamemaster;FAŁSZ;BRAK;BRAK;BRAK;BRAK;BRAK;BRAK;BRAK;BRAK;BRAK;BRAK;0;0;0;BRAK;BRAK;BRAK;FAŁSZ;BRAK;0;0;;Porządny zestaw do szycia;150;FAŁSZ;5;5;BRAK;BRAK;BRAK;BRAK;10;10;10;0;0;0;Krawiec;Stroje;;NIE;TAK;TAK;FAŁSZ
Toga nowicjusza ognia;116,57;157,00;FAŁSZ;Ubranie która wskazuje iż należysz do społeczności magów ognia.;ITEM_CAT_ARMOR;ITEM_WEAR_TORSO;Armor;Clothes;AdminArmor;armors;FAŁSZ;ITAR_SDRP_RB_04;-;ITAR_GS_CLH_163;3;1;Gamemaster;FAŁSZ;BRAK;BRAK;BRAK;BRAK;BRAK;BRAK;BRAK;BRAK;BRAK;BRAK;0;0;0;BRAK;BRAK;BRAK;FAŁSZ;BRAK;0;0;;Zestaw do szycia;300;FAŁSZ;5;5;BRAK;BRAK;BRAK;BRAK;10;10;10;10;10;0;Krawiec;Szaty;NOGIEN1_WINTER.asc;TAK;TAK;TAK;PRAWDA
Toga adepta ognia;303,55;491,46;FAŁSZ;Ubranie która wskazuje iż należysz do społeczności magów ognia.;ITEM_CAT_ARMOR;ITEM_WEAR_TORSO;Armor;Clothes;AdminArmor;armors;FAŁSZ;ITAR_SDRP_RB_05;-;ITAR_GS_CLH_164;4;2;Gamemaster;FAŁSZ;BRAK;BRAK;BRAK;BRAK;BRAK;BRAK;BRAK;BRAK;BRAK;BRAK;0;0;0;BRAK;BRAK;BRAK;FAŁSZ;BRAK;0;0;;Zestaw do szycia;300;FAŁSZ;5;5;BRAK;BRAK;BRAK;BRAK;15;15;15;20;20;0;Krawiec;Szaty;NOGIEN2_WINTER.asc;TAK;TAK;TAK;PRAWDA
Szata maga ognia;780,44;1216,49;FAŁSZ;Ubranie która wskazuje iż należysz do społeczności magów ognia.;ITEM_CAT_ARMOR;ITEM_WEAR_TORSO;Armor;Clothes;AdminArmor;armors;FAŁSZ;ITAR_KDF_L;-;ITAR_GS_CLH_165;4;3;Gamemaster;FAŁSZ;BRAK;BRAK;BRAK;BRAK;BRAK;BRAK;BRAK;BRAK;BRAK;BRAK;0;0;0;BRAK;BRAK;BRAK;FAŁSZ;BRAK;1;0;;Wełniany zestaw do szycia;300;5;5;BRAK;BRAK;BRAK;BRAK;;20;20;20;30;30;0;Krawiec;Szaty;Armor_Kdf_L.asc;TAK;TAK;TAK;PRAWDA
Szata maga ognia 2;780,44;1216,49;FAŁSZ;Ubranie która wskazuje iż należysz do społeczności magów ognia.;ITEM_CAT_ARMOR;ITEM_WEAR_TORSO;Armor;Clothes;AdminArmor;armors;FAŁSZ;OGIEN_T3_01;-;ITAR_GS_CLH_164_1;4;3;Gamemaster;FAŁSZ;BRAK;BRAK;BRAK;BRAK;BRAK;BRAK;BRAK;BRAK;BRAK;BRAK;0;0;0;BRAK;BRAK;BRAK;FAŁSZ;BRAK;1;0;;Wełniany zestaw do szycia;300;5;5;BRAK;BRAK;BRAK;BRAK;;20;20;20;30;30;0;Krawiec;Szaty;OGIEN_T3_01.asc;TAK;TAK;TAK;PRAWDA
Szata maga ognia 3;780,44;1216,49;FAŁSZ;Ubranie która wskazuje iż należysz do społeczności magów ognia.;ITEM_CAT_ARMOR;ITEM_WEAR_TORSO;Armor;Clothes;AdminArmor;armors;FAŁSZ;OGIEN_T3_02;-;ITAR_GS_CLH_164_2;4;3;Gamemaster;FAŁSZ;BRAK;BRAK;BRAK;BRAK;BRAK;BRAK;BRAK;BRAK;BRAK;BRAK;0;0;0;BRAK;BRAK;BRAK;FAŁSZ;BRAK;1;0;;Wełniany zestaw do szycia;300;5;5;BRAK;BRAK;BRAK;BRAK;;20;20;20;30;30;0;Krawiec;Szaty;OGIEN_T3_02.asc;TAK;TAK;TAK;PRAWDA
Poniszczona szata maga ognia;BRAK;BRAK;FAŁSZ;Ubranie która wskazuje iż należysz do społeczności magów ognia.;ITEM_CAT_ARMOR;ITEM_WEAR_TORSO;Armor;Clothes;AdminArmor;armors;FAŁSZ;FIREMAGE;-;ITAR_GS_UN_11;4;3;Gamemaster;FAŁSZ;BRAK;BRAK;BRAK;BRAK;BRAK;BRAK;BRAK;BRAK;BRAK;BRAK;0;0;0;BRAK;BRAK;BRAK;FAŁSZ;BRAK;1;0;;Wełniany zestaw do szycia;300;FAŁSZ;5;5;BRAK;BRAK;BRAK;BRAK;20;20;20;30;30;0;Krawiec;Szaty;;NIE;TAK;TAK;FAŁSZ
Szata doświadczonego maga ognia;1568,79;2407,34;FAŁSZ;Ubranie która wskazuje iż należysz do społeczności magów ognia.;ITEM_CAT_ARMOR;ITEM_WEAR_TORSO;Armor;Clothes;AdminArmor;armors;FAŁSZ;ITAR_KDF_H;-;ITAR_GS_CLH_166;4;4;Gamemaster;FAŁSZ;BRAK;BRAK;BRAK;BRAK;BRAK;BRAK;BRAK;BRAK;BRAK;BRAK;0;0;0;BRAK;BRAK;BRAK;FAŁSZ;BRAK;3;0;;Wełniany zestaw do szycia;300;FAŁSZ;5;5;BRAK;BRAK;BRAK;BRAK;25;25;25;40;40;0;Krawiec;Szaty;Armor_Kdf_H.asc;TAK;TAK;TAK;PRAWDA
Szata doświadczonego maga ognia 2;1568,79;2407,34;FAŁSZ;Ubranie która wskazuje iż należysz do społeczności magów ognia.;ITEM_CAT_ARMOR;ITEM_WEAR_TORSO;Armor;Clothes;AdminArmor;armors;FAŁSZ;OGIEN_T4_01;-;ITAR_GS_CLH_166_1;4;4;Gamemaster;FAŁSZ;BRAK;BRAK;BRAK;BRAK;BRAK;BRAK;BRAK;BRAK;BRAK;BRAK;0;0;0;BRAK;BRAK;BRAK;FAŁSZ;BRAK;3;0;;Wełniany zestaw do szycia;300;FAŁSZ;5;5;BRAK;BRAK;BRAK;BRAK;25;25;25;40;40;0;Krawiec;Szaty;OGIEN_T4_01.asc;TAK;TAK;TAK;PRAWDA
Szata doświadczonego maga ognia 3;1568,79;2407,34;FAŁSZ;Ubranie która wskazuje iż należysz do społeczności magów ognia.;ITEM_CAT_ARMOR;ITEM_WEAR_TORSO;Armor;Clothes;AdminArmor;armors;FAŁSZ;OGIEN_T4_02;-;ITAR_GS_CLH_166_2;4;4;Gamemaster;FAŁSZ;BRAK;BRAK;BRAK;BRAK;BRAK;BRAK;BRAK;BRAK;BRAK;BRAK;0;0;0;BRAK;BRAK;BRAK;FAŁSZ;BRAK;3;0;;Wełniany zestaw do szycia;300;FAŁSZ;5;5;BRAK;BRAK;BRAK;BRAK;25;25;25;40;40;0;Krawiec;Szaty;OGIEN_T4_02.asc;TAK;TAK;TAK;PRAWDA
Szata doświadczonego maga ognia 4;BRAK;BRAK;FAŁSZ;Ubranie która wskazuje iż należysz do społeczności magów ognia.;ITEM_CAT_ARMOR;ITEM_WEAR_TORSO;Armor;Clothes;AdminArmor;armors;FAŁSZ;OGIEN_T4_EVENT_01;-;ITAR_GS_UN_22;4;4;Gamemaster;FAŁSZ;BRAK;BRAK;BRAK;BRAK;BRAK;BRAK;BRAK;BRAK;BRAK;BRAK;0;0;0;BRAK;BRAK;BRAK;FAŁSZ;BRAK;3;0;;Wełniany zestaw do szycia;300;FAŁSZ;5;5;BRAK;BRAK;BRAK;BRAK;25;25;25;40;40;0;Krawiec;Szaty;;NIE;TAK;TAK;FAŁSZ
Szata arcymistrza kręgu ognia;BRAK;BRAK;FAŁSZ;Ubranie która wskazuje iż należysz do społeczności magów ognia.;ITEM_CAT_ARMOR;ITEM_WEAR_TORSO;Armor;Clothes;AdminArmor;armors;FAŁSZ;OGIEN_T5_EVENT_01;-;ITAR_GS_UN_28;5;5;Gamemaster;FAŁSZ;BRAK;BRAK;BRAK;BRAK;BRAK;BRAK;BRAK;BRAK;BRAK;BRAK;0;0;0;BRAK;BRAK;BRAK;FAŁSZ;BRAK;5;0;;Wełniany zestaw do szycia;300;FAŁSZ;5;5;BRAK;BRAK;BRAK;BRAK;30;30;30;50;50;0;Krawiec;Szaty;;NIE;TAK;TAK;FAŁSZ
Szata arcymistrza magów ognia;2738,62;4441,86;FAŁSZ;Ubranie która wskazuje iż należysz do społeczności magów ognia.;ITEM_CAT_ARMOR;ITEM_WEAR_TORSO;Armor;Clothes;AdminArmor;armors;FAŁSZ;ARMOR_KDF_Q;-;ITAR_GS_CLH_167;5;5;Gamemaster;FAŁSZ;BRAK;BRAK;BRAK;BRAK;BRAK;BRAK;BRAK;BRAK;BRAK;BRAK;0;0;0;BRAK;BRAK;BRAK;FAŁSZ;BRAK;5;0;;Wełniany zestaw do szycia;300;FAŁSZ;5;5;BRAK;BRAK;BRAK;BRAK;30;30;30;50;50;0;Krawiec;Szaty;ARMOR_KDF_Q.asc;TAK;TAK;TAK;PRAWDA
Szata arcymistrza magów ognia 2;2738,62;4441,86;FAŁSZ;Ubranie która wskazuje iż należysz do społeczności magów ognia.;ITEM_CAT_ARMOR;ITEM_WEAR_TORSO;Armor;Clothes;AdminArmor;armors;FAŁSZ;OGIEN_T5_01;-;ITAR_GS_CLH_167_1;5;5;Gamemaster;FAŁSZ;BRAK;BRAK;BRAK;BRAK;BRAK;BRAK;BRAK;BRAK;BRAK;BRAK;0;0;0;BRAK;BRAK;BRAK;FAŁSZ;BRAK;5;0;;Wełniany zestaw do szycia;300;FAŁSZ;5;5;BRAK;BRAK;BRAK;BRAK;30;30;30;50;50;0;Krawiec;Szaty;OGIEN_T5_01.asc;TAK;TAK;TAK;PRAWDA
Szata arcymistrza magów ognia 3;2738,62;4441,86;FAŁSZ;Ubranie która wskazuje iż należysz do społeczności magów ognia.;ITEM_CAT_ARMOR;ITEM_WEAR_TORSO;Armor;Clothes;AdminArmor;armors;FAŁSZ;OGIEN_T5_02;-;ITAR_GS_CLH_167_2;5;5;Gamemaster;FAŁSZ;BRAK;BRAK;BRAK;BRAK;BRAK;BRAK;BRAK;BRAK;BRAK;BRAK;0;0;0;BRAK;BRAK;BRAK;FAŁSZ;BRAK;5;0;;Wełniany zestaw do szycia;300;FAŁSZ;5;5;BRAK;BRAK;BRAK;BRAK;30;30;30;50;50;0;Krawiec;Szaty;OGIEN_T5_02.asc;TAK;TAK;TAK;PRAWDA
Toga nowicjusza wody;116,57;157,00;FAŁSZ;Ubranie która wskazuje iż należysz do społeczności magów wody.;ITEM_CAT_ARMOR;ITEM_WEAR_TORSO;Armor;Clothes;AdminArmor;armors;FAŁSZ;ITAR_SDRP_RB_26;-;ITAR_GS_CLH_154;3;1;Gamemaster;FAŁSZ;BRAK;BRAK;BRAK;BRAK;BRAK;BRAK;BRAK;BRAK;BRAK;BRAK;0;0;0;BRAK;BRAK;BRAK;FAŁSZ;BRAK;0;0;;Zestaw do szycia;300;FAŁSZ;5;5;BRAK;BRAK;BRAK;BRAK;10;10;10;10;10;0;Krawiec;Szaty;NWODA1_WINTER.asc;TAK;TAK;TAK;PRAWDA
Toga adepta wody;303,55;491,46;FAŁSZ;Ubranie która wskazuje iż należysz do społeczności magów wody.;ITEM_CAT_ARMOR;ITEM_WEAR_TORSO;Armor;Clothes;AdminArmor;armors;FAŁSZ;ITAR_SDRP_RB_27;-;ITAR_GS_CLH_155;4;2;Gamemaster;FAŁSZ;BRAK;BRAK;BRAK;BRAK;BRAK;BRAK;BRAK;BRAK;BRAK;BRAK;0;0;0;BRAK;BRAK;BRAK;FAŁSZ;BRAK;0;0;;Zestaw do szycia;300;FAŁSZ;5;5;BRAK;BRAK;BRAK;BRAK;15;15;15;20;20;0;Krawiec;Szaty;NWODA2_WINTER.asc;TAK;TAK;TAK;PRAWDA
Szata maga wody;780,44;1216,49;FAŁSZ;Ubranie która wskazuje iż należysz do społeczności magów wody.;ITEM_CAT_ARMOR;ITEM_WEAR_TORSO;Armor;Clothes;AdminArmor;armors;FAŁSZ;ITAR_KDW_L_ADDON;-;ITAR_GS_CLH_156;4;3;Gamemaster;FAŁSZ;BRAK;BRAK;BRAK;BRAK;BRAK;BRAK;BRAK;BRAK;BRAK;BRAK;0;0;0;BRAK;BRAK;BRAK;FAŁSZ;BRAK;1;0;;Wełniany zestaw do szycia;300;FAŁSZ;5;5;BRAK;BRAK;BRAK;BRAK;20;20;20;30;30;0;Krawiec;Szaty;Armor_KDW_L_ADDON.asc;TAK;TAK;TAK;PRAWDA
Szata maga wody 2;780,44;1216,49;FAŁSZ;Ubranie która wskazuje iż należysz do społeczności magów wody.;ITEM_CAT_ARMOR;ITEM_WEAR_TORSO;Armor;Clothes;AdminArmor;armors;FAŁSZ;WODA_T3_01;-;ITAR_GS_CLH_156_1;4;3;Gamemaster;FAŁSZ;BRAK;BRAK;BRAK;BRAK;BRAK;BRAK;BRAK;BRAK;BRAK;BRAK;0;0;0;BRAK;BRAK;BRAK;FAŁSZ;BRAK;1;0;;Wełniany zestaw do szycia;300;FAŁSZ;5;5;BRAK;BRAK;BRAK;BRAK;20;20;20;30;30;0;Krawiec;Szaty;WODA_T3_01.asc;TAK;TAK;TAK;PRAWDA
Szata maga wody 3;780,44;1216,49;FAŁSZ;Ubranie która wskazuje iż należysz do społeczności magów wody.;ITEM_CAT_ARMOR;ITEM_WEAR_TORSO;Armor;Clothes;AdminArmor;armors;FAŁSZ;WODA_T3_02;-;ITAR_GS_CLH_156_2;4;3;Gamemaster;FAŁSZ;BRAK;BRAK;BRAK;BRAK;BRAK;BRAK;BRAK;BRAK;BRAK;BRAK;0;0;0;BRAK;BRAK;BRAK;FAŁSZ;BRAK;1;0;;Wełniany zestaw do szycia;300;FAŁSZ;5;5;BRAK;BRAK;BRAK;BRAK;20;20;20;30;30;0;Krawiec;Szaty;WODA_T3_02.asc;TAK;TAK;TAK;PRAWDA
Poniszczona szata maga wody;BRAK;BRAK;FAŁSZ;Ubranie która wskazuje iż należysz do społeczności magów wody.;ITEM_CAT_ARMOR;ITEM_WEAR_TORSO;Armor;Clothes;AdminArmor;armors;FAŁSZ;ARMOR_WATERMAGES_L;-;ITAR_GS_UN_10;4;3;Gamemaster;FAŁSZ;BRAK;BRAK;BRAK;BRAK;BRAK;BRAK;BRAK;BRAK;BRAK;BRAK;0;0;0;BRAK;BRAK;BRAK;FAŁSZ;BRAK;1;0;;Wełniany zestaw do szycia;300;FAŁSZ;5;5;BRAK;BRAK;BRAK;BRAK;20;20;20;30;30;0;Krawiec;Szaty;;NIE;TAK;TAK;FAŁSZ
Poniszczona szata maga wody 2;BRAK;BRAK;FAŁSZ;Ubranie która wskazuje iż należysz do społeczności magów wody.;ITEM_CAT_ARMOR;ITEM_WEAR_TORSO;Armor;Clothes;AdminArmor;armors;FAŁSZ;WODA_T3_EVENT_02;-;ITAR_GS_UN_10_1;4;3;Gamemaster;FAŁSZ;BRAK;BRAK;BRAK;BRAK;BRAK;BRAK;BRAK;BRAK;BRAK;BRAK;0;0;0;BRAK;BRAK;BRAK;FAŁSZ;BRAK;1;0;;Wełniany zestaw do szycia;300;FAŁSZ;5;5;BRAK;BRAK;BRAK;BRAK;20;20;20;30;30;0;Krawiec;Szaty;;NIE;TAK;TAK;FAŁSZ
Szata maga wody 4;BRAK;BRAK;FAŁSZ;Ubranie która wskazuje iż należysz do społeczności magów wody.;ITEM_CAT_ARMOR;ITEM_WEAR_TORSO;Armor;Clothes;AdminArmor;armors;FAŁSZ;WODA_T3_EVENT_01;-;ITAR_GS_UN_11_1;4;3;Gamemaster;FAŁSZ;BRAK;BRAK;BRAK;BRAK;BRAK;BRAK;BRAK;BRAK;BRAK;BRAK;0;0;0;BRAK;BRAK;BRAK;FAŁSZ;BRAK;1;0;;Wełniany zestaw do szycia;300;FAŁSZ;5;5;BRAK;BRAK;BRAK;BRAK;20;20;20;30;30;0;Krawiec;Szaty;;NIE;TAK;TAK;FAŁSZ
Szata maga wody 5;BRAK;BRAK;FAŁSZ;Ubranie która wskazuje iż należysz do społeczności magów wody.;ITEM_CAT_ARMOR;ITEM_WEAR_TORSO;Armor;Clothes;AdminArmor;armors;FAŁSZ;WODA_T3_EVENT_02;-;ITAR_GS_UN_11_2;4;3;Gamemaster;FAŁSZ;BRAK;BRAK;BRAK;BRAK;BRAK;BRAK;BRAK;BRAK;BRAK;BRAK;0;0;0;BRAK;BRAK;BRAK;FAŁSZ;BRAK;1;0;;Wełniany zestaw do szycia;300;FAŁSZ;5;5;BRAK;BRAK;BRAK;BRAK;20;20;20;30;30;0;Krawiec;Szaty;;NIE;TAK;TAK;FAŁSZ
Szata doświadczonego maga wody 4;BRAK;BRAK;FAŁSZ;Ubranie która wskazuje iż należysz do społeczności magów wody.;ITEM_CAT_ARMOR;ITEM_WEAR_TORSO;Armor;Clothes;AdminArmor;armors;FAŁSZ;WODA_T4_EVENT_01;-;ITAR_GS_UN_18;4;4;Gamemaster;FAŁSZ;BRAK;BRAK;BRAK;BRAK;BRAK;BRAK;BRAK;BRAK;BRAK;BRAK;0;0;0;BRAK;BRAK;BRAK;FAŁSZ;BRAK;3;0;;Wełniany zestaw do szycia;300;FAŁSZ;5;5;BRAK;BRAK;BRAK;BRAK;25;25;25;40;40;0;Krawiec;Szaty;;NIE;TAK;TAK;FAŁSZ
Poniszczona szata maga wody 3;BRAK;BRAK;FAŁSZ;Ubranie która wskazuje iż należysz do społeczności magów wody.;ITEM_CAT_ARMOR;ITEM_WEAR_TORSO;Armor;Clothes;AdminArmor;armors;FAŁSZ;WODA_T4_EVENT_02;-;ITAR_GS_UN_19;4;4;Gamemaster;FAŁSZ;BRAK;BRAK;BRAK;BRAK;BRAK;BRAK;BRAK;BRAK;BRAK;BRAK;0;0;0;BRAK;BRAK;BRAK;FAŁSZ;BRAK;3;0;;Wełniany zestaw do szycia;300;FAŁSZ;5;5;BRAK;BRAK;BRAK;BRAK;25;25;25;40;40;0;Krawiec;Szaty;;NIE;TAK;TAK;FAŁSZ
Poniszczona szata maga wody 4;BRAK;BRAK;FAŁSZ;Ubranie która wskazuje iż należysz do społeczności magów wody.;ITEM_CAT_ARMOR;ITEM_WEAR_TORSO;Armor;Clothes;AdminArmor;armors;FAŁSZ;WODA_T4_EVENT_03;-;ITAR_GS_UN_20;4;4;Gamemaster;FAŁSZ;BRAK;BRAK;BRAK;BRAK;BRAK;BRAK;BRAK;BRAK;BRAK;BRAK;0;0;0;BRAK;BRAK;BRAK;FAŁSZ;BRAK;3;0;;Wełniany zestaw do szycia;300;FAŁSZ;5;5;BRAK;BRAK;BRAK;BRAK;25;25;25;40;40;0;Krawiec;Szaty;;NIE;TAK;TAK;FAŁSZ
Poniszczona szata maga wody 5;BRAK;BRAK;FAŁSZ;Ubranie która wskazuje iż należysz do społeczności magów wody.;ITEM_CAT_ARMOR;ITEM_WEAR_TORSO;Armor;Clothes;AdminArmor;armors;FAŁSZ;WODA_T4_EVENT_04;-;ITAR_GS_UN_21;4;4;Gamemaster;FAŁSZ;BRAK;BRAK;BRAK;BRAK;BRAK;BRAK;BRAK;BRAK;BRAK;BRAK;0;0;0;BRAK;BRAK;BRAK;FAŁSZ;BRAK;3;0;;Wełniany zestaw do szycia;300;FAŁSZ;5;5;BRAK;BRAK;BRAK;BRAK;25;25;25;40;40;0;Krawiec;Szaty;;NIE;TAK;TAK;FAŁSZ
Szata doświadczonego maga wody;1568,79;2407,34;FAŁSZ;Ubranie która wskazuje iż należysz do społeczności magów wody.;ITEM_CAT_ARMOR;ITEM_WEAR_TORSO;Armor;Clothes;AdminArmor;armors;FAŁSZ;ITAR_KDW_H;-;ITAR_GS_CLH_157;4;4;Gamemaster;FAŁSZ;BRAK;BRAK;BRAK;BRAK;BRAK;BRAK;BRAK;BRAK;BRAK;BRAK;0;0;0;BRAK;BRAK;BRAK;FAŁSZ;BRAK;3;0;;Wełniany zestaw do szycia;300;FAŁSZ;5;5;BRAK;BRAK;BRAK;BRAK;25;25;25;40;40;0;Krawiec;Szaty;Armor_KdW_H.asc;TAK;TAK;TAK;PRAWDA
Szata doświadczonego maga wody 2;1568,79;2407,34;FAŁSZ;Ubranie która wskazuje iż należysz do społeczności magów wody.;ITEM_CAT_ARMOR;ITEM_WEAR_TORSO;Armor;Clothes;AdminArmor;armors;FAŁSZ;WODA_T4_01;-;ITAR_GS_CLH_157_1;4;4;Gamemaster;FAŁSZ;BRAK;BRAK;BRAK;BRAK;BRAK;BRAK;BRAK;BRAK;BRAK;BRAK;0;0;0;BRAK;BRAK;BRAK;FAŁSZ;BRAK;3;0;;Wełniany zestaw do szycia;300;FAŁSZ;5;5;BRAK;BRAK;BRAK;BRAK;25;25;25;40;40;0;Krawiec;Szaty;WODA_T4_01.asc;TAK;TAK;TAK;PRAWDA
Szata doświadczonego maga wody 3;1568,79;2407,34;FAŁSZ;Ubranie która wskazuje iż należysz do społeczności magów wody.;ITEM_CAT_ARMOR;ITEM_WEAR_TORSO;Armor;Clothes;AdminArmor;armors;FAŁSZ;WODA_T4_02;-;ITAR_GS_CLH_157_2;4;4;Gamemaster;FAŁSZ;BRAK;BRAK;BRAK;BRAK;BRAK;BRAK;BRAK;BRAK;BRAK;BRAK;0;0;0;BRAK;BRAK;BRAK;FAŁSZ;BRAK;3;0;;Wełniany zestaw do szycia;300;FAŁSZ;5;5;BRAK;BRAK;BRAK;BRAK;25;25;25;40;40;0;Krawiec;Szaty;WODA_T4_02.asc;TAK;TAK;TAK;PRAWDA
Szata arcymistrza magów wody;2738,62;4441,86;FAŁSZ;Ubranie która wskazuje iż należysz do społeczności magów wody.;ITEM_CAT_ARMOR;ITEM_WEAR_TORSO;Armor;Clothes;AdminArmor;armors;FAŁSZ;ARMOR_WATERARCHMAGE;-;ITAR_GS_CLH_158;5;5;Gamemaster;FAŁSZ;BRAK;BRAK;BRAK;BRAK;BRAK;BRAK;BRAK;BRAK;BRAK;BRAK;0;0;0;BRAK;BRAK;BRAK;FAŁSZ;BRAK;5;0;;Wełniany zestaw do szycia;300;FAŁSZ;5;5;BRAK;BRAK;BRAK;BRAK;30;30;30;50;50;0;Krawiec;Szaty;ARMOR_WATERARCHMAGE.asc;TAK;TAK;TAK;PRAWDA
Szata arcymistrza magów wody 2;2738,62;4441,86;FAŁSZ;Ubranie która wskazuje iż należysz do społeczności magów wody.;ITEM_CAT_ARMOR;ITEM_WEAR_TORSO;Armor;Clothes;AdminArmor;armors;FAŁSZ;WODA_T5_01;-;ITAR_GS_CLH_158_1;5;5;Gamemaster;FAŁSZ;BRAK;BRAK;BRAK;BRAK;BRAK;BRAK;BRAK;BRAK;BRAK;BRAK;0;0;0;BRAK;BRAK;BRAK;FAŁSZ;BRAK;5;0;;Wełniany zestaw do szycia;300;FAŁSZ;5;5;BRAK;BRAK;BRAK;BRAK;30;30;30;50;50;0;Krawiec;Szaty;WODA_T5_01.asc;TAK;TAK;TAK;PRAWDA
Szata arcymistrza magów wody 3;2738,62;4441,86;FAŁSZ;Ubranie która wskazuje iż należysz do społeczności magów wody.;ITEM_CAT_ARMOR;ITEM_WEAR_TORSO;Armor;Clothes;AdminArmor;armors;FAŁSZ;WODA_T5_02;-;ITAR_GS_CLH_158_2;5;5;Gamemaster;FAŁSZ;BRAK;BRAK;BRAK;BRAK;BRAK;BRAK;BRAK;BRAK;BRAK;BRAK;0;0;0;BRAK;BRAK;BRAK;FAŁSZ;BRAK;5;0;;Wełniany zestaw do szycia;300;FAŁSZ;5;5;BRAK;BRAK;BRAK;BRAK;30;30;30;50;50;0;Krawiec;Szaty;WODA_T5_02.asc;TAK;TAK;TAK;PRAWDA
Toga nowicjusza druidów;116,57;157,00;FAŁSZ;Ubranie która wskazuje iż należysz do społeczności druidów.;ITEM_CAT_ARMOR;ITEM_WEAR_TORSO;Armor;Clothes;AdminArmor;armors;FAŁSZ;LINK;-;ITAR_GS_CLH_159;3;1;Gamemaster;FAŁSZ;BRAK;BRAK;BRAK;BRAK;BRAK;BRAK;BRAK;BRAK;BRAK;BRAK;0;0;0;BRAK;BRAK;BRAK;FAŁSZ;BRAK;0;0;;Zestaw do szycia;300;FAŁSZ;5;5;BRAK;BRAK;BRAK;BRAK;10;10;10;10;10;0;Krawiec;Szaty;Armor_SHM_B.asc;TAK;TAK;TAK;PRAWDA
Toga adepta druidów;378,09;624,06;FAŁSZ;Ubranie która wskazuje iż należysz do społeczności druidów.;ITEM_CAT_ARMOR;ITEM_WEAR_TORSO;Armor;Clothes;AdminArmor;armors;FAŁSZ;LINK;-;ITAR_GS_CLH_160;4;2;Gamemaster;FAŁSZ;BRAK;BRAK;BRAK;BRAK;BRAK;BRAK;BRAK;BRAK;BRAK;BRAK;0;0;0;BRAK;BRAK;BRAK;FAŁSZ;BRAK;0;0;;Zestaw do szycia;300;FAŁSZ;5;5;BRAK;BRAK;BRAK;BRAK;15;15;15;20;20;0;Krawiec;Szaty;Armor_SHM_L.asc;TAK;TAK;TAK;PRAWDA
Szata druida;780,44;1216,49;FAŁSZ;Ubranie która wskazuje iż należysz do społeczności druidów.;ITEM_CAT_ARMOR;ITEM_WEAR_TORSO;Armor;Clothes;AdminArmor;armors;FAŁSZ;LINK;-;ITAR_GS_CLH_161;4;3;Gamemaster;FAŁSZ;BRAK;BRAK;BRAK;BRAK;BRAK;BRAK;BRAK;BRAK;BRAK;BRAK;0;0;0;BRAK;BRAK;BRAK;FAŁSZ;BRAK;1;0;;Wełniany zestaw do szycia;300;FAŁSZ;5;5;BRAK;BRAK;BRAK;BRAK;20;20;20;30;30;0;Krawiec;Szaty;Armor_SHM_M.asc;TAK;TAK;TAK;PRAWDA
Szata druida 2;780,44;1216,49;FAŁSZ;Ubranie która wskazuje iż należysz do społeczności druidów.;ITEM_CAT_ARMOR;ITEM_WEAR_TORSO;Armor;Clothes;AdminArmor;armors;FAŁSZ;DROID_T3_01;-;ITAR_GS_CLH_161_1;4;3;Gamemaster;FAŁSZ;BRAK;BRAK;BRAK;BRAK;BRAK;BRAK;BRAK;BRAK;BRAK;BRAK;0;0;0;BRAK;BRAK;BRAK;FAŁSZ;BRAK;1;0;;Wełniany zestaw do szycia;300;FAŁSZ;5;5;BRAK;BRAK;BRAK;BRAK;20;20;20;30;30;0;Krawiec;Szaty;DROID_T3_01.asc;TAK;TAK;TAK;PRAWDA
Szata doświadczonego druida;1568,79;2407,34;FAŁSZ;Ubranie która wskazuje iż należysz do społeczności druidów.;ITEM_CAT_ARMOR;ITEM_WEAR_TORSO;Armor;Clothes;AdminArmor;armors;FAŁSZ;DROID_T4_01;-;ITAR_GS_CLH_161_2;4;4;Gamemaster;FAŁSZ;BRAK;BRAK;BRAK;BRAK;BRAK;BRAK;BRAK;BRAK;BRAK;BRAK;0;0;0;BRAK;BRAK;BRAK;FAŁSZ;BRAK;5;0;;Wełniany zestaw do szycia;300;FAŁSZ;5;5;BRAK;BRAK;BRAK;BRAK;25;25;25;40;40;0;Krawiec;Szaty;DROID_T4_01.asc;TAK;TAK;TAK;PRAWDA
Szata arcymistrza druidów;2738,62;4441,86;FAŁSZ;Ubranie która wskazuje iż należysz do społeczności druidów.;ITEM_CAT_ARMOR;ITEM_WEAR_TORSO;Armor;Clothes;AdminArmor;armors;FAŁSZ;LINK;-;ITAR_GS_CLH_162;5;5;Gamemaster;FAŁSZ;BRAK;BRAK;BRAK;BRAK;BRAK;BRAK;BRAK;BRAK;BRAK;BRAK;0;0;0;BRAK;BRAK;BRAK;FAŁSZ;BRAK;5;0;;Wełniany zestaw do szycia;300;FAŁSZ;5;5;BRAK;BRAK;BRAK;BRAK;30;30;30;50;50;0;Krawiec;Szaty;Armor_SHM_H.asc;TAK;TAK;TAK;PRAWDA
Toga adepta mroku;116,57;157,00;FAŁSZ;Ubranie która wskazuje iż należysz do społeczności magów mroku.;ITEM_CAT_ARMOR;ITEM_WEAR_TORSO;Armor;Clothes;AdminArmor;armors;FAŁSZ;SZKLANKA1;-;ITAR_GS_CLH_150;3;1;Gamemaster;FAŁSZ;BRAK;BRAK;BRAK;BRAK;BRAK;BRAK;BRAK;BRAK;BRAK;BRAK;0;0;0;BRAK;BRAK;BRAK;FAŁSZ;BRAK;0;0;;Zestaw do szycia;300;FAŁSZ;5;5;BRAK;BRAK;BRAK;BRAK;10;10;10;10;10;0;Krawiec;Szaty;SZKLANKA1.asc;TAK;TAK;TAK;PRAWDA
Szata maga mroku;780,44;1216,49;FAŁSZ;Ubranie która wskazuje iż należysz do społeczności magów mroku.;ITEM_CAT_ARMOR;ITEM_WEAR_TORSO;Armor;Clothes;AdminArmor;armors;FAŁSZ;ARMOR_DS_DARKMAG_02;-;ITAR_GS_CLH_151;4;3;Gamemaster;FAŁSZ;BRAK;BRAK;BRAK;BRAK;BRAK;BRAK;BRAK;BRAK;BRAK;BRAK;0;0;0;BRAK;BRAK;BRAK;FAŁSZ;BRAK;1;0;;Wełniany zestaw do szycia;300;FAŁSZ;5;5;BRAK;BRAK;BRAK;BRAK;20;20;20;30;30;0;Krawiec;Szaty;ARMOR_DS_DARKMAG_02.asc;TAK;TAK;TAK;PRAWDA
Szata maga mroku 2;780,44;1216,49;FAŁSZ;Ubranie która wskazuje iż należysz do społeczności magów mroku.;ITEM_CAT_ARMOR;ITEM_WEAR_TORSO;Armor;Clothes;AdminArmor;armors;FAŁSZ;MROK_T3_01;-;ITAR_GS_CLH_151_1;4;3;Gamemaster;FAŁSZ;BRAK;BRAK;BRAK;BRAK;BRAK;BRAK;BRAK;BRAK;BRAK;BRAK;0;0;0;BRAK;BRAK;BRAK;FAŁSZ;BRAK;1;0;;Wełniany zestaw do szycia;300;FAŁSZ;5;5;BRAK;BRAK;BRAK;BRAK;20;20;20;30;30;0;Krawiec;Szaty;MROK_T3_01.asc;TAK;TAK;TAK;PRAWDA
Szata maga mroku 3;780,44;1216,49;FAŁSZ;Ubranie która wskazuje iż należysz do społeczności magów mroku.;ITEM_CAT_ARMOR;ITEM_WEAR_TORSO;Armor;Clothes;AdminArmor;armors;FAŁSZ;MROK_T3_02;-;ITAR_GS_CLH_151_2;4;3;Gamemaster;FAŁSZ;BRAK;BRAK;BRAK;BRAK;BRAK;BRAK;BRAK;BRAK;BRAK;BRAK;0;0;0;BRAK;BRAK;BRAK;FAŁSZ;BRAK;1;0;;Wełniany zestaw do szycia;300;FAŁSZ;5;5;BRAK;BRAK;BRAK;BRAK;20;20;20;30;30;0;Krawiec;Szaty;MROK_T3_02.asc;TAK;TAK;TAK;PRAWDA
Szata doświadczonego maga mroku;1568,79;2407,34;FAŁSZ;Ubranie która wskazuje iż należysz do społeczności magów mroku.;ITEM_CAT_ARMOR;ITEM_WEAR_TORSO;Armor;Clothes;AdminArmor;armors;FAŁSZ;ARMOR_CULTIST;-;ITAR_GS_CLH_152;4;4;Gamemaster;FAŁSZ;BRAK;BRAK;BRAK;BRAK;BRAK;BRAK;BRAK;BRAK;BRAK;BRAK;0;0;0;BRAK;BRAK;BRAK;FAŁSZ;BRAK;3;0;;Wełniany zestaw do szycia;300;FAŁSZ;5;5;BRAK;BRAK;BRAK;BRAK;25;25;25;40;40;0;Krawiec;Szaty;ARMOR_CULTIST.asc;TAK;TAK;TAK;PRAWDA
Szata doświadczonego maga mroku 2;1568,79;2407,34;FAŁSZ;Ubranie która wskazuje iż należysz do społeczności magów mroku.;ITEM_CAT_ARMOR;ITEM_WEAR_TORSO;Armor;Clothes;AdminArmor;armors;FAŁSZ;MROK_T4_01;-;ITAR_GS_CLH_152_1;4;4;Gamemaster;FAŁSZ;BRAK;BRAK;BRAK;BRAK;BRAK;BRAK;BRAK;BRAK;BRAK;BRAK;0;0;0;BRAK;BRAK;BRAK;FAŁSZ;BRAK;3;0;;Wełniany zestaw do szycia;300;FAŁSZ;5;5;BRAK;BRAK;BRAK;BRAK;25;25;25;40;40;0;Krawiec;Szaty;MROK_T4_01.asc;TAK;TAK;TAK;PRAWDA
Szata doświadczonego maga mroku 3;1568,79;2407,34;FAŁSZ;Ubranie która wskazuje iż należysz do społeczności magów mroku.;ITEM_CAT_ARMOR;ITEM_WEAR_TORSO;Armor;Clothes;AdminArmor;armors;FAŁSZ;MROK_T4_02;-;ITAR_GS_CLH_152_2;4;4;Gamemaster;FAŁSZ;BRAK;BRAK;BRAK;BRAK;BRAK;BRAK;BRAK;BRAK;BRAK;BRAK;0;0;0;BRAK;BRAK;BRAK;FAŁSZ;BRAK;3;0;;Wełniany zestaw do szycia;300;FAŁSZ;5;5;BRAK;BRAK;BRAK;BRAK;25;25;25;40;40;0;Krawiec;Szaty;MROK_T4_02.asc;TAK;TAK;TAK;PRAWDA
Szata arcymistrza magów mroku;2738,62;4441,86;FAŁSZ;Ubranie która wskazuje iż należysz do społeczności magów mroku.;ITEM_CAT_ARMOR;ITEM_WEAR_TORSO;Armor;Clothes;AdminArmor;armors;FAŁSZ;ARCHMAGE_ROBE_NECR;-;ITAR_GS_CLH_153;5;5;Gamemaster;FAŁSZ;BRAK;BRAK;BRAK;BRAK;BRAK;BRAK;BRAK;BRAK;BRAK;BRAK;0;0;0;BRAK;BRAK;BRAK;FAŁSZ;BRAK;5;0;;Wełniany zestaw do szycia;300;FAŁSZ;5;5;BRAK;BRAK;BRAK;BRAK;30;30;30;50;50;0;Krawiec;Szaty;ARCHMAGE_ROBE_NECR.asc;TAK;TAK;TAK;PRAWDA
Szata arcymistrza magów mroku 2;2738,62;4441,86;FAŁSZ;Ubranie która wskazuje iż należysz do społeczności magów mroku.;ITEM_CAT_ARMOR;ITEM_WEAR_TORSO;Armor;Clothes;AdminArmor;armors;FAŁSZ;MROK_T5_01;-;ITAR_GS_CLH_153_1;5;5;Gamemaster;FAŁSZ;BRAK;BRAK;BRAK;BRAK;BRAK;BRAK;BRAK;BRAK;BRAK;BRAK;0;0;0;BRAK;BRAK;BRAK;FAŁSZ;BRAK;5;0;;Wełniany zestaw do szycia;300;FAŁSZ;5;5;BRAK;BRAK;BRAK;BRAK;30;30;30;50;50;0;Krawiec;Szaty;MROK_T5_01.asc;TAK;TAK;TAK;PRAWDA
Szata arcymistrza magów mroku 3;2738,62;4441,86;FAŁSZ;Ubranie która wskazuje iż należysz do społeczności magów mroku.;ITEM_CAT_ARMOR;ITEM_WEAR_TORSO;Armor;Clothes;AdminArmor;armors;FAŁSZ;MROK_T5_02;-;ITAR_GS_CLH_153_2;5;5;Gamemaster;FAŁSZ;BRAK;BRAK;BRAK;BRAK;BRAK;BRAK;BRAK;BRAK;BRAK;BRAK;0;0;0;BRAK;BRAK;BRAK;FAŁSZ;BRAK;5;0;;Wełniany zestaw do szycia;300;FAŁSZ;5;5;BRAK;BRAK;BRAK;BRAK;30;30;30;50;50;0;Krawiec;Szaty;MROK_T5_02.asc;TAK;TAK;TAK;PRAWDA
Szata Varanckiego nowicjusza;BRAK;BRAK;FAŁSZ;Szata Varanckiego nowicjusza;ITEM_CAT_ARMOR;ITEM_WEAR_TORSO;Armor;Clothes;AdminArmor;armors;FAŁSZ;LINK;-;ITAR_GS_UN_04;4;2;Gamemaster;FAŁSZ;BRAK;BRAK;BRAK;BRAK;BRAK;BRAK;BRAK;BRAK;BRAK;BRAK;0;0;0;BRAK;BRAK;BRAK;FAŁSZ;BRAK;0;0;;Zestaw do szycia;300;FAŁSZ;5;5;BRAK;BRAK;BRAK;BRAK;15;15;15;20;20;0;Krawiec;Szaty;;NIE;TAK;TAK;FAŁSZ
Szata Varanckiego maga;BRAK;BRAK;FAŁSZ;Szata Varanckiego maga;ITEM_CAT_ARMOR;ITEM_WEAR_TORSO;Armor;Clothes;AdminArmor;armors;FAŁSZ;LINK;-;ITAR_GS_UN_07;4;3;Gamemaster;FAŁSZ;BRAK;BRAK;BRAK;BRAK;BRAK;BRAK;BRAK;BRAK;BRAK;BRAK;0;0;0;BRAK;BRAK;BRAK;FAŁSZ;BRAK;3;0;;Wełniany zestaw do szycia;300;FAŁSZ;5;5;BRAK;BRAK;BRAK;BRAK;20;20;20;30;30;0;Krawiec;Szaty;;NIE;TAK;TAK;FAŁSZ
Poniszczona magiczna szata;BRAK;BRAK;FAŁSZ;Poniszczona magiczna szata;ITEM_CAT_ARMOR;ITEM_WEAR_TORSO;Armor;Clothes;AdminArmor;armors;FAŁSZ;EVENT_01;-;ITAR_GS_UN_14;4;4;Gamemaster;FAŁSZ;BRAK;BRAK;BRAK;BRAK;BRAK;BRAK;BRAK;BRAK;BRAK;BRAK;0;0;0;BRAK;BRAK;BRAK;FAŁSZ;BRAK;3;0;;Wełniany zestaw do szycia;300;FAŁSZ;5;5;BRAK;BRAK;BRAK;BRAK;25;25;25;40;40;0;Krawiec;Szaty;;NIE;TAK;TAK;FAŁSZ
Varancka magiczna szata;BRAK;BRAK;FAŁSZ;Varancka magiczna szata ;ITEM_CAT_ARMOR;ITEM_WEAR_TORSO;Armor;Clothes;AdminArmor;armors;FAŁSZ;EVENT_02;-;ITAR_GS_UN_15;4;4;Gamemaster;FAŁSZ;BRAK;BRAK;BRAK;BRAK;BRAK;BRAK;BRAK;BRAK;BRAK;BRAK;0;0;0;BRAK;BRAK;BRAK;FAŁSZ;BRAK;3;0;;Wełniany zestaw do szycia;300;FAŁSZ;5;5;BRAK;BRAK;BRAK;BRAK;25;25;25;40;40;0;Krawiec;Szaty;;NIE;TAK;TAK;FAŁSZ
Szata odmieńca;BRAK;BRAK;FAŁSZ;Szata odmieńca;ITEM_CAT_ARMOR;ITEM_WEAR_TORSO;Armor;Clothes;AdminArmor;armors;FAŁSZ;EVENT_03;-;ITAR_GS_UN_16;4;4;Gamemaster;FAŁSZ;BRAK;BRAK;BRAK;BRAK;BRAK;BRAK;BRAK;BRAK;BRAK;BRAK;0;0;0;BRAK;BRAK;BRAK;FAŁSZ;BRAK;3;0;;Wełniany zestaw do szycia;300;FAŁSZ;5;5;BRAK;BRAK;BRAK;BRAK;25;25;25;40;40;0;Krawiec;Szaty;;NIE;TAK;TAK;FAŁSZ
Cesarska szata;BRAK;BRAK;FAŁSZ;Cesarska szata;ITEM_CAT_ARMOR;ITEM_WEAR_TORSO;Armor;Clothes;AdminArmor;armors;FAŁSZ;EVENT_04;-;ITAR_GS_UN_17;4;4;Gamemaster;FAŁSZ;BRAK;BRAK;BRAK;BRAK;BRAK;BRAK;BRAK;BRAK;BRAK;BRAK;0;0;0;BRAK;BRAK;BRAK;FAŁSZ;BRAK;3;0;;Wełniany zestaw do szycia;300;FAŁSZ;5;5;BRAK;BRAK;BRAK;BRAK;25;25;25;40;40;0;Krawiec;Szaty;;NIE;TAK;TAK;FAŁSZ
Pancerz myśliwego;BRAK;BRAK;FAŁSZ;Orkowy strój.;ITEM_CAT_ARMOR;ITEM_WEAR_TORSO;Armor;Clothes;AdminOrc;armors;FAŁSZ;-;-;ITAR_GS_ORC_01;4;0;Gamemaster;FAŁSZ;BRAK;BRAK;BRAK;BRAK;BRAK;BRAK;BRAK;BRAK;BRAK;BRAK;0;0;0;BRAK;BRAK;BRAK;FAŁSZ;BRAK;0;0;;BRAK;300;FAŁSZ;5;5;BRAK;BRAK;BRAK;BRAK;25;25;25;25;25;0;;;;;;;FAŁSZ
Bagienny ork 1;BRAK;BRAK;FAŁSZ;Orkowy strój.;ITEM_CAT_ARMOR;ITEM_WEAR_TORSO;Armor;Clothes;AdminOrc;armors;FAŁSZ;-;-;ITAR_GS_ORC_02;4;0;Gamemaster;FAŁSZ;BRAK;BRAK;BRAK;BRAK;BRAK;BRAK;BRAK;BRAK;BRAK;BRAK;0;0;0;BRAK;BRAK;BRAK;FAŁSZ;BRAK;0;0;;BRAK;300;FAŁSZ;5;5;BRAK;BRAK;BRAK;BRAK;25;25;25;25;25;0;;;;;;;FAŁSZ
Bagienny ork 2;BRAK;BRAK;FAŁSZ;Orkowy strój.;ITEM_CAT_ARMOR;ITEM_WEAR_TORSO;Armor;Clothes;AdminOrc;armors;FAŁSZ;-;-;ITAR_GS_ORC_03;4;0;Gamemaster;FAŁSZ;BRAK;BRAK;BRAK;BRAK;BRAK;BRAK;BRAK;BRAK;BRAK;BRAK;0;0;0;BRAK;BRAK;BRAK;FAŁSZ;BRAK;0;0;;BRAK;300;FAŁSZ;5;5;BRAK;BRAK;BRAK;BRAK;25;25;25;25;25;0;;;;;;;FAŁSZ
Bagienny ork 3;BRAK;BRAK;FAŁSZ;Orkowy strój.;ITEM_CAT_ARMOR;ITEM_WEAR_TORSO;Armor;Clothes;AdminOrc;armors;FAŁSZ;-;-;ITAR_GS_ORC_04;4;0;Gamemaster;FAŁSZ;BRAK;BRAK;BRAK;BRAK;BRAK;BRAK;BRAK;BRAK;BRAK;BRAK;0;0;0;BRAK;BRAK;BRAK;FAŁSZ;BRAK;0;0;;BRAK;300;FAŁSZ;5;5;BRAK;BRAK;BRAK;BRAK;25;25;25;25;25;0;;;;;;;FAŁSZ
Pancerz niewolnika orkowego;BRAK;BRAK;FAŁSZ;Orkowy strój.;ITEM_CAT_ARMOR;ITEM_WEAR_TORSO;Armor;Clothes;AdminOrc;armors;FAŁSZ;-;-;ITAR_GS_ORC_05;4;0;Gamemaster;FAŁSZ;BRAK;BRAK;BRAK;BRAK;BRAK;BRAK;BRAK;BRAK;BRAK;BRAK;0;0;0;BRAK;BRAK;BRAK;FAŁSZ;BRAK;0;0;;BRAK;300;FAŁSZ;5;5;BRAK;BRAK;BRAK;BRAK;25;25;25;25;25;0;;;;;;;FAŁSZ
Ubranie plemienne;BRAK;BRAK;FAŁSZ;Orkowy strój.;ITEM_CAT_ARMOR;ITEM_WEAR_TORSO;Armor;Clothes;AdminOrc;armors;FAŁSZ;-;-;ITAR_GS_ORC_06;4;0;Gamemaster;FAŁSZ;BRAK;BRAK;BRAK;BRAK;BRAK;BRAK;BRAK;BRAK;BRAK;BRAK;0;0;0;BRAK;BRAK;BRAK;FAŁSZ;BRAK;0;0;;BRAK;300;FAŁSZ;5;5;BRAK;BRAK;BRAK;BRAK;25;25;25;25;25;0;;;;;;;FAŁSZ
Lekki pancerz wojownika;BRAK;BRAK;FAŁSZ;Orkowy strój.;ITEM_CAT_ARMOR;ITEM_WEAR_TORSO;Armor;Clothes;AdminOrc;armors;FAŁSZ;-;-;ITAR_GS_ORC_07;4;0;Gamemaster;FAŁSZ;BRAK;BRAK;BRAK;BRAK;BRAK;BRAK;BRAK;BRAK;BRAK;BRAK;0;0;0;BRAK;BRAK;BRAK;FAŁSZ;BRAK;0;0;;BRAK;300;FAŁSZ;5;5;BRAK;BRAK;BRAK;BRAK;25;25;25;25;25;0;;;;;;;FAŁSZ
Stalowy pancerz wojownika;BRAK;BRAK;FAŁSZ;Orkowy strój.;ITEM_CAT_ARMOR;ITEM_WEAR_TORSO;Armor;Clothes;AdminOrc;armors;FAŁSZ;-;-;ITAR_GS_ORC_08;4;0;Gamemaster;FAŁSZ;BRAK;BRAK;BRAK;BRAK;BRAK;BRAK;BRAK;BRAK;BRAK;BRAK;0;0;0;BRAK;BRAK;BRAK;FAŁSZ;BRAK;0;0;;BRAK;300;FAŁSZ;5;5;BRAK;BRAK;BRAK;BRAK;25;25;25;25;25;0;;;;;;;FAŁSZ
Ciężki pancerz wojownika;BRAK;BRAK;FAŁSZ;Orkowy strój.;ITEM_CAT_ARMOR;ITEM_WEAR_TORSO;Armor;Clothes;AdminOrc;armors;FAŁSZ;-;-;ITAR_GS_ORC_09;4;0;Gamemaster;FAŁSZ;BRAK;BRAK;BRAK;BRAK;BRAK;BRAK;BRAK;BRAK;BRAK;BRAK;0;0;0;BRAK;BRAK;BRAK;FAŁSZ;BRAK;0;0;;BRAK;300;FAŁSZ;5;5;BRAK;BRAK;BRAK;BRAK;25;25;25;25;25;0;;;;;;;FAŁSZ
Lekki pancerz elity;BRAK;BRAK;FAŁSZ;Orkowy strój.;ITEM_CAT_ARMOR;ITEM_WEAR_TORSO;Armor;Clothes;AdminOrc;armors;FAŁSZ;-;-;ITAR_GS_ORC_10;4;0;Gamemaster;FAŁSZ;BRAK;BRAK;BRAK;BRAK;BRAK;BRAK;BRAK;BRAK;BRAK;BRAK;0;0;0;BRAK;BRAK;BRAK;FAŁSZ;BRAK;0;0;;BRAK;300;FAŁSZ;5;5;BRAK;BRAK;BRAK;BRAK;25;25;25;25;25;0;;;;;;;FAŁSZ
Pancerz elity;BRAK;BRAK;FAŁSZ;Orkowy strój.;ITEM_CAT_ARMOR;ITEM_WEAR_TORSO;Armor;Clothes;AdminOrc;armors;FAŁSZ;-;-;ITAR_GS_ORC_11;4;0;Gamemaster;FAŁSZ;BRAK;BRAK;BRAK;BRAK;BRAK;BRAK;BRAK;BRAK;BRAK;BRAK;0;0;0;BRAK;BRAK;BRAK;FAŁSZ;BRAK;0;0;;BRAK;300;FAŁSZ;5;5;BRAK;BRAK;BRAK;BRAK;25;25;25;25;25;0;;;;;;;FAŁSZ
Ciężki pancerz elity;BRAK;BRAK;FAŁSZ;Orkowy strój.;ITEM_CAT_ARMOR;ITEM_WEAR_TORSO;Armor;Clothes;AdminOrc;armors;FAŁSZ;-;-;ITAR_GS_ORC_12;4;0;Gamemaster;FAŁSZ;BRAK;BRAK;BRAK;BRAK;BRAK;BRAK;BRAK;BRAK;BRAK;BRAK;0;0;0;BRAK;BRAK;BRAK;FAŁSZ;BRAK;0;0;;BRAK;300;FAŁSZ;5;5;BRAK;BRAK;BRAK;BRAK;25;25;25;25;25;0;;;;;;;FAŁSZ
Pancerz wodza;BRAK;BRAK;FAŁSZ;Orkowy strój.;ITEM_CAT_ARMOR;ITEM_WEAR_TORSO;Armor;Clothes;AdminOrc;armors;FAŁSZ;-;-;ITAR_GS_ORC_13;4;0;Gamemaster;FAŁSZ;BRAK;BRAK;BRAK;BRAK;BRAK;BRAK;BRAK;BRAK;BRAK;BRAK;0;0;0;BRAK;BRAK;BRAK;FAŁSZ;BRAK;0;0;;BRAK;300;FAŁSZ;5;5;BRAK;BRAK;BRAK;BRAK;25;25;25;25;25;0;;;;;;;FAŁSZ
Ubranie szamana;BRAK;BRAK;FAŁSZ;Orkowy strój.;ITEM_CAT_ARMOR;ITEM_WEAR_TORSO;Armor;Clothes;AdminOrc;armors;FAŁSZ;-;-;ITAR_GS_ORC_14;4;0;Gamemaster;FAŁSZ;BRAK;BRAK;BRAK;BRAK;BRAK;BRAK;BRAK;BRAK;BRAK;BRAK;0;0;0;BRAK;BRAK;BRAK;FAŁSZ;BRAK;0;0;;BRAK;300;FAŁSZ;5;5;BRAK;BRAK;BRAK;BRAK;25;25;25;25;25;0;;;;;;;FAŁSZ
Orcza kolczuga;BRAK;BRAK;FAŁSZ;Orkowy strój.;ITEM_CAT_ARMOR;ITEM_WEAR_TORSO;Armor;Clothes;AdminOrc;armors;FAŁSZ;-;-;ITAR_GS_ORC_15;4;0;Gamemaster;FAŁSZ;BRAK;BRAK;BRAK;BRAK;BRAK;BRAK;BRAK;BRAK;BRAK;BRAK;0;0;0;BRAK;BRAK;BRAK;FAŁSZ;BRAK;0;0;;BRAK;300;FAŁSZ;5;5;BRAK;BRAK;BRAK;BRAK;25;25;25;25;25;0;;;;;;;FAŁSZ
Wzmocniony pancerz podróżnika;BRAK;BRAK;FAŁSZ;Orkowy strój.;ITEM_CAT_ARMOR;ITEM_WEAR_TORSO;Armor;Clothes;AdminOrc;armors;FAŁSZ;-;-;ITAR_GS_ORC_16;4;0;Gamemaster;FAŁSZ;BRAK;BRAK;BRAK;BRAK;BRAK;BRAK;BRAK;BRAK;BRAK;BRAK;0;0;0;BRAK;BRAK;BRAK;FAŁSZ;BRAK;0;0;;BRAK;300;FAŁSZ;5;5;BRAK;BRAK;BRAK;BRAK;25;25;25;25;25;0;;;;;;;FAŁSZ
Lekki pancerz podróżnika;BRAK;BRAK;FAŁSZ;Orkowy strój.;ITEM_CAT_ARMOR;ITEM_WEAR_TORSO;Armor;Clothes;AdminOrc;armors;FAŁSZ;-;-;ITAR_GS_ORC_17;4;0;Gamemaster;FAŁSZ;BRAK;BRAK;BRAK;BRAK;BRAK;BRAK;BRAK;BRAK;BRAK;BRAK;0;0;0;BRAK;BRAK;BRAK;FAŁSZ;BRAK;0;0;;BRAK;300;FAŁSZ;5;5;BRAK;BRAK;BRAK;BRAK;25;25;25;25;25;0;;;;;;;FAŁSZ
Wzmocniony solidny pancerz;BRAK;BRAK;FAŁSZ;Orkowy strój.;ITEM_CAT_ARMOR;ITEM_WEAR_TORSO;Armor;Clothes;AdminOrc;armors;FAŁSZ;-;-;ITAR_GS_ORC_18;4;0;Gamemaster;FAŁSZ;BRAK;BRAK;BRAK;BRAK;BRAK;BRAK;BRAK;BRAK;BRAK;BRAK;0;0;0;BRAK;BRAK;BRAK;FAŁSZ;BRAK;0;0;;BRAK;300;FAŁSZ;5;5;BRAK;BRAK;BRAK;BRAK;25;25;25;25;25;0;;;;;;;FAŁSZ
Solidny pancerz;BRAK;BRAK;FAŁSZ;Orkowy strój.;ITEM_CAT_ARMOR;ITEM_WEAR_TORSO;Armor;Clothes;AdminOrc;armors;FAŁSZ;-;-;ITAR_GS_ORC_19;4;0;Gamemaster;FAŁSZ;BRAK;BRAK;BRAK;BRAK;BRAK;BRAK;BRAK;BRAK;BRAK;BRAK;0;0;0;BRAK;BRAK;BRAK;FAŁSZ;BRAK;0;0;;BRAK;300;FAŁSZ;5;5;BRAK;BRAK;BRAK;BRAK;25;25;25;25;25;0;;;;;;;FAŁSZ
Stalowy pancerz;BRAK;BRAK;FAŁSZ;Orkowy strój.;ITEM_CAT_ARMOR;ITEM_WEAR_TORSO;Armor;Clothes;AdminOrc;armors;FAŁSZ;-;-;ITAR_GS_ORC_20;4;0;Gamemaster;FAŁSZ;BRAK;BRAK;BRAK;BRAK;BRAK;BRAK;BRAK;BRAK;BRAK;BRAK;0;0;0;BRAK;BRAK;BRAK;FAŁSZ;BRAK;0;0;;BRAK;300;FAŁSZ;5;5;BRAK;BRAK;BRAK;BRAK;25;25;25;25;25;0;;;;;;;FAŁSZ
Oczy pancerz łowcy;BRAK;BRAK;FAŁSZ;Orkowy strój.;ITEM_CAT_ARMOR;ITEM_WEAR_TORSO;Armor;Clothes;AdminOrc;armors;FAŁSZ;-;-;ITAR_GS_ORC_21;4;0;Gamemaster;FAŁSZ;BRAK;BRAK;BRAK;BRAK;BRAK;BRAK;BRAK;BRAK;BRAK;BRAK;0;0;0;BRAK;BRAK;BRAK;FAŁSZ;BRAK;0;0;;BRAK;300;FAŁSZ;5;5;BRAK;BRAK;BRAK;BRAK;25;25;25;25;25;0;;;;;;;FAŁSZ
Skórzany orczy pancerz;BRAK;BRAK;FAŁSZ;Orkowy strój.;ITEM_CAT_ARMOR;ITEM_WEAR_TORSO;Armor;Clothes;AdminOrc;armors;FAŁSZ;-;-;ITAR_GS_ORC_22;4;0;Gamemaster;FAŁSZ;BRAK;BRAK;BRAK;BRAK;BRAK;BRAK;BRAK;BRAK;BRAK;BRAK;0;0;0;BRAK;BRAK;BRAK;FAŁSZ;BRAK;0;0;;BRAK;300;FAŁSZ;5;5;BRAK;BRAK;BRAK;BRAK;25;25;25;25;25;0;;;;;;;FAŁSZ
Wzmocniony orczy skórzany pancerz;BRAK;BRAK;FAŁSZ;Orkowy strój.;ITEM_CAT_ARMOR;ITEM_WEAR_TORSO;Armor;Clothes;AdminOrc;armors;FAŁSZ;-;-;ITAR_GS_ORC_23;4;0;Gamemaster;FAŁSZ;BRAK;BRAK;BRAK;BRAK;BRAK;BRAK;BRAK;BRAK;BRAK;BRAK;0;0;0;BRAK;BRAK;BRAK;FAŁSZ;BRAK;0;0;;BRAK;300;FAŁSZ;5;5;BRAK;BRAK;BRAK;BRAK;25;25;25;25;25;0;;;;;;;FAŁSZ
Smoczy pancerz;BRAK;BRAK;FAŁSZ;Orkowy strój.;ITEM_CAT_ARMOR;ITEM_WEAR_TORSO;Armor;Clothes;AdminOrc;armors;FAŁSZ;-;-;ITAR_GS_ORC_24;4;0;Gamemaster;FAŁSZ;BRAK;BRAK;BRAK;BRAK;BRAK;BRAK;BRAK;BRAK;BRAK;BRAK;0;0;0;BRAK;BRAK;BRAK;FAŁSZ;BRAK;0;0;;BRAK;300;FAŁSZ;5;5;BRAK;BRAK;BRAK;BRAK;25;25;25;25;25;0;;;;;;;FAŁSZ
Pancerz szamana nowicjusza;BRAK;BRAK;FAŁSZ;Orkowy strój.;ITEM_CAT_ARMOR;ITEM_WEAR_TORSO;Armor;Clothes;AdminOrc;armors;FAŁSZ;-;-;ITAR_GS_ORC_25;4;0;Gamemaster;FAŁSZ;BRAK;BRAK;BRAK;BRAK;BRAK;BRAK;BRAK;BRAK;BRAK;BRAK;0;0;0;BRAK;BRAK;BRAK;FAŁSZ;BRAK;0;0;;BRAK;300;FAŁSZ;5;5;BRAK;BRAK;BRAK;BRAK;25;25;25;25;25;0;;;;;;;FAŁSZ
Pancerz szamana krwii;BRAK;BRAK;FAŁSZ;Orkowy strój.;ITEM_CAT_ARMOR;ITEM_WEAR_TORSO;Armor;Clothes;AdminOrc;armors;FAŁSZ;-;-;ITAR_GS_ORC_26;4;0;Gamemaster;FAŁSZ;BRAK;BRAK;BRAK;BRAK;BRAK;BRAK;BRAK;BRAK;BRAK;BRAK;0;0;0;BRAK;BRAK;BRAK;FAŁSZ;BRAK;0;0;;BRAK;300;FAŁSZ;5;5;BRAK;BRAK;BRAK;BRAK;25;25;25;25;25;0;;;;;;;FAŁSZ
Pancerz Arcyszamana krwii;BRAK;BRAK;FAŁSZ;Orkowy strój.;ITEM_CAT_ARMOR;ITEM_WEAR_TORSO;Armor;Clothes;AdminOrc;armors;FAŁSZ;-;-;ITAR_GS_ORC_27;4;0;Gamemaster;FAŁSZ;BRAK;BRAK;BRAK;BRAK;BRAK;BRAK;BRAK;BRAK;BRAK;BRAK;0;0;0;BRAK;BRAK;BRAK;FAŁSZ;BRAK;0;0;;BRAK;300;FAŁSZ;5;5;BRAK;BRAK;BRAK;BRAK;25;25;25;25;25;0;;;;;;;FAŁSZ
Pancerz szamana burzy;BRAK;BRAK;FAŁSZ;Orkowy strój.;ITEM_CAT_ARMOR;ITEM_WEAR_TORSO;Armor;Clothes;AdminOrc;armors;FAŁSZ;-;-;ITAR_GS_ORC_28;4;0;Gamemaster;FAŁSZ;BRAK;BRAK;BRAK;BRAK;BRAK;BRAK;BRAK;BRAK;BRAK;BRAK;0;0;0;BRAK;BRAK;BRAK;FAŁSZ;BRAK;0;0;;BRAK;300;FAŁSZ;5;5;BRAK;BRAK;BRAK;BRAK;25;25;25;25;25;0;;;;;;;FAŁSZ
Pancerz Arcyszamana burzy;BRAK;BRAK;FAŁSZ;Orkowy strój.;ITEM_CAT_ARMOR;ITEM_WEAR_TORSO;Armor;Clothes;AdminOrc;armors;FAŁSZ;-;-;ITAR_GS_ORC_29;4;0;Gamemaster;FAŁSZ;BRAK;BRAK;BRAK;BRAK;BRAK;BRAK;BRAK;BRAK;BRAK;BRAK;0;0;0;BRAK;BRAK;BRAK;FAŁSZ;BRAK;0;0;;BRAK;300;FAŁSZ;5;5;BRAK;BRAK;BRAK;BRAK;25;25;25;25;25;0;;;;;;;FAŁSZ
Pancerz szamana ognia;BRAK;BRAK;FAŁSZ;Orkowy strój.;ITEM_CAT_ARMOR;ITEM_WEAR_TORSO;Armor;Clothes;AdminOrc;armors;FAŁSZ;-;-;ITAR_GS_ORC_30;4;0;Gamemaster;FAŁSZ;BRAK;BRAK;BRAK;BRAK;BRAK;BRAK;BRAK;BRAK;BRAK;BRAK;0;0;0;BRAK;BRAK;BRAK;FAŁSZ;BRAK;0;0;;BRAK;300;FAŁSZ;5;5;BRAK;BRAK;BRAK;BRAK;25;25;25;25;25;0;;;;;;;FAŁSZ
Pancerz Arcyszamana ognia;BRAK;BRAK;FAŁSZ;Orkowy strój.;ITEM_CAT_ARMOR;ITEM_WEAR_TORSO;Armor;Clothes;AdminOrc;armors;FAŁSZ;-;-;ITAR_GS_ORC_31;4;0;Gamemaster;FAŁSZ;BRAK;BRAK;BRAK;BRAK;BRAK;BRAK;BRAK;BRAK;BRAK;BRAK;0;0;0;BRAK;BRAK;BRAK;FAŁSZ;BRAK;0;0;;BRAK;300;FAŁSZ;5;5;BRAK;BRAK;BRAK;BRAK;25;25;25;25;25;0;;;;;;;FAŁSZ
Lekki pancerz z naramiennikiem;BRAK;BRAK;FAŁSZ;Orkowy strój.;ITEM_CAT_ARMOR;ITEM_WEAR_TORSO;Armor;Clothes;AdminOrc;armors;FAŁSZ;-;-;ITAR_GS_ORC_32;4;0;Gamemaster;FAŁSZ;BRAK;BRAK;BRAK;BRAK;BRAK;BRAK;BRAK;BRAK;BRAK;BRAK;0;0;0;BRAK;BRAK;BRAK;FAŁSZ;BRAK;0;0;;BRAK;300;FAŁSZ;5;5;BRAK;BRAK;BRAK;BRAK;25;25;25;25;25;0;;;;;;;FAŁSZ
Lekki pancerz zwiadowcy;BRAK;BRAK;FAŁSZ;Orkowy strój.;ITEM_CAT_ARMOR;ITEM_WEAR_TORSO;Armor;Clothes;AdminOrc;armors;FAŁSZ;-;-;ITAR_GS_ORC_33;4;0;Gamemaster;FAŁSZ;BRAK;BRAK;BRAK;BRAK;BRAK;BRAK;BRAK;BRAK;BRAK;BRAK;0;0;0;BRAK;BRAK;BRAK;FAŁSZ;BRAK;0;0;;BRAK;300;FAŁSZ;5;5;BRAK;BRAK;BRAK;BRAK;25;25;25;25;25;0;;;;;;;FAŁSZ
Pancerz orkowego rzemieślnika;BRAK;BRAK;FAŁSZ;Orkowy strój.;ITEM_CAT_ARMOR;ITEM_WEAR_TORSO;Armor;Clothes;AdminOrc;armors;FAŁSZ;-;-;ITAR_GS_ORC_34;4;0;Gamemaster;FAŁSZ;BRAK;BRAK;BRAK;BRAK;BRAK;BRAK;BRAK;BRAK;BRAK;BRAK;0;0;0;BRAK;BRAK;BRAK;FAŁSZ;BRAK;0;0;;BRAK;300;FAŁSZ;5;5;BRAK;BRAK;BRAK;BRAK;25;25;25;25;25;0;;;;;;;FAŁSZ
Pancerz orkowego wiarusa;BRAK;BRAK;FAŁSZ;Orkowy strój.;ITEM_CAT_ARMOR;ITEM_WEAR_TORSO;Armor;Clothes;AdminOrc;armors;FAŁSZ;-;-;ITAR_GS_ORC_35;4;0;Gamemaster;FAŁSZ;BRAK;BRAK;BRAK;BRAK;BRAK;BRAK;BRAK;BRAK;BRAK;BRAK;0;0;0;BRAK;BRAK;BRAK;FAŁSZ;BRAK;0;0;;BRAK;300;FAŁSZ;5;5;BRAK;BRAK;BRAK;BRAK;25;25;25;25;25;0;;;;;;;FAŁSZ
Pancerz orkowego wiarusa2;BRAK;BRAK;FAŁSZ;Orkowy strój.;ITEM_CAT_ARMOR;ITEM_WEAR_TORSO;Armor;Clothes;AdminOrc;armors;FAŁSZ;-;-;ITAR_GS_ORC_36;4;0;Gamemaster;FAŁSZ;BRAK;BRAK;BRAK;BRAK;BRAK;BRAK;BRAK;BRAK;BRAK;BRAK;0;0;0;BRAK;BRAK;BRAK;FAŁSZ;BRAK;0;0;;BRAK;300;FAŁSZ;5;5;BRAK;BRAK;BRAK;BRAK;25;25;25;25;25;0;;;;;;;FAŁSZ
Pancerz orkowego wiarusa3;BRAK;BRAK;FAŁSZ;Orkowy strój.;ITEM_CAT_ARMOR;ITEM_WEAR_TORSO;Armor;Clothes;AdminOrc;armors;FAŁSZ;-;-;ITAR_GS_ORC_37;4;0;Gamemaster;FAŁSZ;BRAK;BRAK;BRAK;BRAK;BRAK;BRAK;BRAK;BRAK;BRAK;BRAK;0;0;0;BRAK;BRAK;BRAK;FAŁSZ;BRAK;0;0;;BRAK;300;FAŁSZ;5;5;BRAK;BRAK;BRAK;BRAK;25;25;25;25;25;0;;;;;;;FAŁSZ
Pancerz szamanki nowicjuszki;BRAK;BRAK;FAŁSZ;Orkowy strój.;ITEM_CAT_ARMOR;ITEM_WEAR_TORSO;Armor;Clothes;AdminOrc;armors;FAŁSZ;-;-;ITAR_GS_ORC_38;4;0;Gamemaster;FAŁSZ;BRAK;BRAK;BRAK;BRAK;BRAK;BRAK;BRAK;BRAK;BRAK;BRAK;0;0;0;BRAK;BRAK;BRAK;FAŁSZ;BRAK;0;0;;BRAK;300;FAŁSZ;5;5;BRAK;BRAK;BRAK;BRAK;25;25;25;25;25;0;;;;;;;FAŁSZ
Pancerz szamanki krwii;BRAK;BRAK;FAŁSZ;Orkowy strój.;ITEM_CAT_ARMOR;ITEM_WEAR_TORSO;Armor;Clothes;AdminOrc;armors;FAŁSZ;-;-;ITAR_GS_ORC_39;4;0;Gamemaster;FAŁSZ;BRAK;BRAK;BRAK;BRAK;BRAK;BRAK;BRAK;BRAK;BRAK;BRAK;0;0;0;BRAK;BRAK;BRAK;FAŁSZ;BRAK;0;0;;BRAK;300;FAŁSZ;5;5;BRAK;BRAK;BRAK;BRAK;25;25;25;25;25;0;;;;;;;FAŁSZ
Pancerz szamanki burzy;BRAK;BRAK;FAŁSZ;Orkowy strój.;ITEM_CAT_ARMOR;ITEM_WEAR_TORSO;Armor;Clothes;AdminOrc;armors;FAŁSZ;-;-;ITAR_GS_ORC_40;4;0;Gamemaster;FAŁSZ;BRAK;BRAK;BRAK;BRAK;BRAK;BRAK;BRAK;BRAK;BRAK;BRAK;0;0;0;BRAK;BRAK;BRAK;FAŁSZ;BRAK;0;0;;BRAK;300;FAŁSZ;5;5;BRAK;BRAK;BRAK;BRAK;25;25;25;25;25;0;;;;;;;FAŁSZ
Pancerz szamanki ognia;BRAK;BRAK;FAŁSZ;Orkowy strój.;ITEM_CAT_ARMOR;ITEM_WEAR_TORSO;Armor;Clothes;AdminOrc;armors;FAŁSZ;-;-;ITAR_GS_ORC_41;4;0;Gamemaster;FAŁSZ;BRAK;BRAK;BRAK;BRAK;BRAK;BRAK;BRAK;BRAK;BRAK;BRAK;0;0;0;BRAK;BRAK;BRAK;FAŁSZ;BRAK;0;0;;BRAK;300;FAŁSZ;5;5;BRAK;BRAK;BRAK;BRAK;25;25;25;25;25;0;;;;;;;FAŁSZ
Lekki pancerz elity (damski);BRAK;BRAK;FAŁSZ;Orkowy strój.;ITEM_CAT_ARMOR;ITEM_WEAR_TORSO;Armor;Clothes;AdminOrc;armors;FAŁSZ;-;-;ITAR_GS_ORC_42;4;0;Gamemaster;FAŁSZ;BRAK;BRAK;BRAK;BRAK;BRAK;BRAK;BRAK;BRAK;BRAK;BRAK;0;0;0;BRAK;BRAK;BRAK;FAŁSZ;BRAK;0;0;;BRAK;300;FAŁSZ;5;5;BRAK;BRAK;BRAK;BRAK;25;25;25;25;25;0;;;;;;;FAŁSZ
Pancerz elity (damski);BRAK;BRAK;FAŁSZ;Orkowy strój.;ITEM_CAT_ARMOR;ITEM_WEAR_TORSO;Armor;Clothes;AdminOrc;armors;FAŁSZ;-;-;ITAR_GS_ORC_43;4;0;Gamemaster;FAŁSZ;BRAK;BRAK;BRAK;BRAK;BRAK;BRAK;BRAK;BRAK;BRAK;BRAK;0;0;0;BRAK;BRAK;BRAK;FAŁSZ;BRAK;0;0;;BRAK;300;FAŁSZ;5;5;BRAK;BRAK;BRAK;BRAK;25;25;25;25;25;0;;;;;;;FAŁSZ
Ciężki pancerz elity (damski);BRAK;BRAK;FAŁSZ;Orkowy strój.;ITEM_CAT_ARMOR;ITEM_WEAR_TORSO;Armor;Clothes;AdminOrc;armors;FAŁSZ;-;-;ITAR_GS_ORC_44;4;0;Gamemaster;FAŁSZ;BRAK;BRAK;BRAK;BRAK;BRAK;BRAK;BRAK;BRAK;BRAK;BRAK;0;0;0;BRAK;BRAK;BRAK;FAŁSZ;BRAK;0;0;;BRAK;300;FAŁSZ;5;5;BRAK;BRAK;BRAK;BRAK;25;25;25;25;25;0;;;;;;;FAŁSZ
Lekki pancerz wojowniczki;BRAK;BRAK;FAŁSZ;Orkowy strój.;ITEM_CAT_ARMOR;ITEM_WEAR_TORSO;Armor;Clothes;AdminOrc;armors;FAŁSZ;-;-;ITAR_GS_ORC_45;4;0;Gamemaster;FAŁSZ;BRAK;BRAK;BRAK;BRAK;BRAK;BRAK;BRAK;BRAK;BRAK;BRAK;0;0;0;BRAK;BRAK;BRAK;FAŁSZ;BRAK;0;0;;BRAK;300;FAŁSZ;5;5;BRAK;BRAK;BRAK;BRAK;25;25;25;25;25;0;;;;;;;FAŁSZ
Stalowy pancerz wojowniczki;BRAK;BRAK;FAŁSZ;Orkowy strój.;ITEM_CAT_ARMOR;ITEM_WEAR_TORSO;Armor;Clothes;AdminOrc;armors;FAŁSZ;-;-;ITAR_GS_ORC_46;4;0;Gamemaster;FAŁSZ;BRAK;BRAK;BRAK;BRAK;BRAK;BRAK;BRAK;BRAK;BRAK;BRAK;0;0;0;BRAK;BRAK;BRAK;FAŁSZ;BRAK;0;0;;BRAK;300;FAŁSZ;5;5;BRAK;BRAK;BRAK;BRAK;25;25;25;25;25;0;;;;;;;FAŁSZ
Ciężki pancerz wojowniczki;BRAK;BRAK;FAŁSZ;Orkowy strój.;ITEM_CAT_ARMOR;ITEM_WEAR_TORSO;Armor;Clothes;AdminOrc;armors;FAŁSZ;-;-;ITAR_GS_ORC_47;4;0;Gamemaster;FAŁSZ;BRAK;BRAK;BRAK;BRAK;BRAK;BRAK;BRAK;BRAK;BRAK;BRAK;0;0;0;BRAK;BRAK;BRAK;FAŁSZ;BRAK;0;0;;BRAK;300;FAŁSZ;5;5;BRAK;BRAK;BRAK;BRAK;25;25;25;25;25;0;;;;;;;FAŁSZ
Skórzane trzewiki;6,74;7,84;FAŁSZ;Wytrzymałe buty, niezbędne do każdego stroju, lub pancerza.;ITEM_CAT_NONE;-;Materials;Materials;AdminMaterials;materials;PRAWDA;ITMI_SOAKED_BOOTS;-;ITMI_GS_MAT_197;0,5;1;Gamemaster;FAŁSZ;BRAK;BRAK;BRAK;BRAK;BRAK;BRAK;BRAK;BRAK;BRAK;BRAK;BRAK;BRAK;BRAK;BRAK;BRAK;BRAK;FAŁSZ;BRAK;BRAK;BRAK;;BRAK;BRAK;PRAWDA;5;5;BRAK;BRAK;BRAK;BRAK;BRAK;BRAK;BRAK;BRAK;BRAK;BRAK;Krawiec;Inne;ITMI_SOAKED_BOOTS.3ds;TAK;TAK;TAK;PRAWDA
Skórzane spodnie;27,47;29,67;FAŁSZ;Klasyczne spodnie, pasujące do każdego stroju.;ITEM_CAT_NONE;-;Materials;Materials;AdminMaterials;materials;PRAWDA;ITAR_PRISONER_KM;-;ITMI_GS_MAT_198;1,5;1;Gamemaster;FAŁSZ;BRAK;BRAK;BRAK;BRAK;BRAK;BRAK;BRAK;BRAK;BRAK;BRAK;BRAK;BRAK;BRAK;BRAK;BRAK;BRAK;FAŁSZ;BRAK;BRAK;BRAK;;BRAK;BRAK;PRAWDA;5;5;BRAK;BRAK;BRAK;BRAK;BRAK;BRAK;BRAK;BRAK;BRAK;BRAK;Krawiec;Inne;ITAR_PRISONER_KM.3ds;TAK;TAK;TAK;PRAWDA
Koraliki z pereł;111,75;112,31;FAŁSZ; Klasyczne i eleganckie koraliki, dodające szyku każdej stylizacji.;ITEM_CAT_NONE;-;Materials;Materials;AdminMaterials;materials;PRAWDA;NASZYJNIK_BIALE_PERLY;-;ITMI_GS_MAT_199;0,2;2;Gamemaster;FAŁSZ;BRAK;BRAK;BRAK;BRAK;BRAK;BRAK;BRAK;BRAK;BRAK;BRAK;BRAK;BRAK;BRAK;BRAK;BRAK;BRAK;FAŁSZ;BRAK;BRAK;BRAK;;BRAK;BRAK;PRAWDA;5;5;BRAK;BRAK;BRAK;BRAK;BRAK;BRAK;BRAK;BRAK;BRAK;BRAK;Kaletnik;Inne;NASZYJNIK_BIALE_PERLY.3ds;TAK;TAK;TAK;PRAWDA
Koraliki z czarnych pereł;201,75;202,31;FAŁSZ;Zwykłe jak i czarne korale, idealne do bogatych strojów.;ITEM_CAT_NONE;-;Materials;Materials;AdminMaterials;materials;PRAWDA;NASZYJNIK_CZARNE_PERLY;-;ITMI_GS_MAT_200;0,3;3;Gamemaster;FAŁSZ;BRAK;BRAK;BRAK;BRAK;BRAK;BRAK;BRAK;BRAK;BRAK;BRAK;BRAK;BRAK;BRAK;BRAK;BRAK;BRAK;FAŁSZ;BRAK;BRAK;BRAK;;BRAK;BRAK;PRAWDA;5;5;BRAK;BRAK;BRAK;BRAK;BRAK;BRAK;BRAK;BRAK;BRAK;BRAK;Kaletnik;Inne;NASZYJNIK_CZARNE_PERLY.3ds;TAK;TAK;TAK;PRAWDA
Skórzany pasek;44,00;51,89;FAŁSZ;Zwyczajny pasek, który który spełnia swoje zadanie.;ITEM_CAT_NONE;-;Materials;Materials;AdminMaterials;materials;PRAWDA;ITMI_BELT_05;-;ITMI_GS_MAT_203;0,5;1;Gamemaster;FAŁSZ;BRAK;BRAK;BRAK;BRAK;BRAK;BRAK;BRAK;BRAK;BRAK;BRAK;BRAK;BRAK;BRAK;BRAK;BRAK;BRAK;FAŁSZ;BRAK;BRAK;BRAK;;BRAK;BRAK;PRAWDA;5;5;BRAK;BRAK;BRAK;BRAK;BRAK;BRAK;BRAK;BRAK;BRAK;BRAK;Kaletnik;Inne;ITMI_BELT_05.3ds;TAK;TAK;TAK;PRAWDA
Szarfa początkującego maga;116,75;145,82;FAŁSZ; Symbol rozpoczynającej się drogi w magicznym świecie.;ITEM_CAT_NONE;-;Materials;Materials;AdminMaterials;materials;PRAWDA;ITMI_BELT_10;-;ITMI_GS_MAT_204;0,5;2;Gamemaster;FAŁSZ;BRAK;BRAK;BRAK;BRAK;BRAK;BRAK;BRAK;BRAK;BRAK;BRAK;BRAK;BRAK;BRAK;BRAK;BRAK;BRAK;FAŁSZ;BRAK;BRAK;BRAK;;BRAK;BRAK;PRAWDA;5;5;BRAK;BRAK;BRAK;BRAK;BRAK;BRAK;BRAK;BRAK;BRAK;BRAK;Kaletnik;Inne;ITMI_BELT_10.3ds;TAK;TAK;TAK;PRAWDA
Pospolity pasek;98,50;119,55;FAŁSZ;Prosty i wytrzymały pasek, idealny do codziennego użytku.;ITEM_CAT_NONE;-;Materials;Materials;AdminMaterials;materials;PRAWDA;ITMI_BELT_08;-;ITMI_GS_MAT_205;0,5;2;Gamemaster;FAŁSZ;BRAK;BRAK;BRAK;BRAK;BRAK;BRAK;BRAK;BRAK;BRAK;BRAK;BRAK;BRAK;BRAK;BRAK;BRAK;BRAK;FAŁSZ;BRAK;BRAK;BRAK;;BRAK;BRAK;PRAWDA;5;5;BRAK;BRAK;BRAK;BRAK;BRAK;BRAK;BRAK;BRAK;BRAK;BRAK;Kaletnik;Inne;ITMI_BELT_08.3ds;TAK;TAK;TAK;PRAWDA
Szarfa maga ognia;280,33;370,39;FAŁSZ;Szarfa symbolizująca studiowanie nauk Innosa.;ITEM_CAT_NONE;-;Materials;Materials;AdminMaterials;materials;PRAWDA;KM_BELT_07;-;ITMI_GS_MAT_206;0,5;3;Gamemaster;FAŁSZ;BRAK;BRAK;BRAK;BRAK;BRAK;BRAK;BRAK;BRAK;BRAK;BRAK;BRAK;BRAK;BRAK;BRAK;BRAK;BRAK;FAŁSZ;BRAK;BRAK;BRAK;;BRAK;BRAK;PRAWDA;5;5;BRAK;BRAK;BRAK;BRAK;BRAK;BRAK;BRAK;BRAK;BRAK;BRAK;Kaletnik;Inne;KM_BELT_07.3ds;TAK;TAK;TAK;PRAWDA
Szarfa maga wody;280,33;370,39;FAŁSZ;Szarfa symbolizująca studiowanie nauk Boga równowagi.;ITEM_CAT_NONE;-;Materials;Materials;AdminMaterials;materials;PRAWDA;KM_BELT_15;-;ITMI_GS_MAT_207;0,5;3;Gamemaster;FAŁSZ;BRAK;BRAK;BRAK;BRAK;BRAK;BRAK;BRAK;BRAK;BRAK;BRAK;BRAK;BRAK;BRAK;BRAK;BRAK;BRAK;FAŁSZ;BRAK;BRAK;BRAK;;BRAK;BRAK;PRAWDA;5;5;BRAK;BRAK;BRAK;BRAK;BRAK;BRAK;BRAK;BRAK;BRAK;BRAK;Kaletnik;Inne;KM_BELT_15.3ds;TAK;TAK;TAK;PRAWDA
Szarfa druida;280,33;370,39;FAŁSZ;Szarfa symbolizująca studiowanie nauk Boga równowagi.;ITEM_CAT_NONE;-;Materials;Materials;AdminMaterials;materials;PRAWDA;KM_BELT_16;-;ITMI_GS_MAT_208;0,5;3;Gamemaster;FAŁSZ;BRAK;BRAK;BRAK;BRAK;BRAK;BRAK;BRAK;BRAK;BRAK;BRAK;BRAK;BRAK;BRAK;BRAK;BRAK;BRAK;FAŁSZ;BRAK;BRAK;BRAK;;BRAK;BRAK;PRAWDA;5;5;BRAK;BRAK;BRAK;BRAK;BRAK;BRAK;BRAK;BRAK;BRAK;BRAK;Kaletnik;Inne;KM_BELT_16.3ds;TAK;TAK;TAK;PRAWDA
Szarfa maga nekromanty;280,33;370,39;FAŁSZ;Szarfa symbolizująca studiowanie tajemnych arkan.;ITEM_CAT_NONE;-;Materials;Materials;AdminMaterials;materials;PRAWDA;KM_BELT_17;-;ITMI_GS_MAT_209;0,5;3;Gamemaster;FAŁSZ;BRAK;BRAK;BRAK;BRAK;BRAK;BRAK;BRAK;BRAK;BRAK;BRAK;BRAK;BRAK;BRAK;BRAK;BRAK;BRAK;FAŁSZ;BRAK;BRAK;BRAK;;BRAK;BRAK;PRAWDA;5;5;BRAK;BRAK;BRAK;BRAK;BRAK;BRAK;BRAK;BRAK;BRAK;BRAK;Kaletnik;Inne;KM_BELT_17.3ds;TAK;TAK;TAK;PRAWDA
Porządny pasek;257,00;322,66;FAŁSZ;Solidny i trwały pasek, który posłuży przez długie lata.;ITEM_CAT_NONE;-;Materials;Materials;AdminMaterials;materials;PRAWDA;KM_BELT_02;-;ITMI_GS_MAT_210;0,5;3;Gamemaster;FAŁSZ;BRAK;BRAK;BRAK;BRAK;BRAK;BRAK;BRAK;BRAK;BRAK;BRAK;BRAK;BRAK;BRAK;BRAK;BRAK;BRAK;FAŁSZ;BRAK;BRAK;BRAK;;BRAK;BRAK;PRAWDA;5;5;BRAK;BRAK;BRAK;BRAK;BRAK;BRAK;BRAK;BRAK;BRAK;BRAK;Kaletnik;Inne;KM_BELT_02.3ds;TAK;TAK;TAK;PRAWDA
Szarfa doświadczonego maga ognia;398,08;526,86;FAŁSZ;Szarfa o ciepłych barwach, wskazuje na doświadczenie maga.;ITEM_CAT_NONE;-;Materials;Materials;AdminMaterials;materials;PRAWDA;KM_BELT_18;-;ITMI_GS_MAT_211;0,5;3;Gamemaster;FAŁSZ;BRAK;BRAK;BRAK;BRAK;BRAK;BRAK;BRAK;BRAK;BRAK;BRAK;BRAK;BRAK;BRAK;BRAK;BRAK;BRAK;FAŁSZ;BRAK;BRAK;BRAK;;BRAK;BRAK;PRAWDA;5;5;BRAK;BRAK;BRAK;BRAK;BRAK;BRAK;BRAK;BRAK;BRAK;BRAK;Kaletnik;Inne;KM_BELT_18.3ds;TAK;TAK;TAK;PRAWDA
Szarfa doświadczonego maga wody;398,08;526,86;FAŁSZ;Szarfa o chłodnych barwach, wskazje na doświadczenie maga.;ITEM_CAT_NONE;-;Materials;Materials;AdminMaterials;materials;PRAWDA;ITMI_BELT_02;-;ITMI_GS_MAT_212;0,5;3;Gamemaster;FAŁSZ;BRAK;BRAK;BRAK;BRAK;BRAK;BRAK;BRAK;BRAK;BRAK;BRAK;BRAK;BRAK;BRAK;BRAK;BRAK;BRAK;FAŁSZ;BRAK;BRAK;BRAK;;BRAK;BRAK;PRAWDA;5;5;BRAK;BRAK;BRAK;BRAK;BRAK;BRAK;BRAK;BRAK;BRAK;BRAK;Kaletnik;Inne;ITMI_BELT_02.3ds;TAK;TAK;TAK;PRAWDA
Szarfa doświadczonego druida;398,08;526,86;FAŁSZ;Szarfa o chłodnych barwach, wskazje na doświadczenie maga.;ITEM_CAT_NONE;-;Materials;Materials;AdminMaterials;materials;PRAWDA;ITMI_BELT_02;-;ITMI_GS_MAT_213;0,5;3;Gamemaster;FAŁSZ;BRAK;BRAK;BRAK;BRAK;BRAK;BRAK;BRAK;BRAK;BRAK;BRAK;BRAK;BRAK;BRAK;BRAK;BRAK;BRAK;FAŁSZ;BRAK;BRAK;BRAK;;BRAK;BRAK;PRAWDA;5;5;BRAK;BRAK;BRAK;BRAK;BRAK;BRAK;BRAK;BRAK;BRAK;BRAK;Kaletnik;Inne;ITMI_BELT_02.3ds;TAK;TAK;TAK;PRAWDA
Szarfa doświadczonego maga nekromanty;398,08;526,86;FAŁSZ;Szarfa o chłodnych barwach z odcieniami fioletu, wskazje na doświadczenie maga.;ITEM_CAT_NONE;-;Materials;Materials;AdminMaterials;materials;PRAWDA;ITMI_BELT_02;-;ITMI_GS_MAT_214;0,5;3;Gamemaster;FAŁSZ;BRAK;BRAK;BRAK;BRAK;BRAK;BRAK;BRAK;BRAK;BRAK;BRAK;BRAK;BRAK;BRAK;BRAK;BRAK;BRAK;FAŁSZ;BRAK;BRAK;BRAK;;BRAK;BRAK;PRAWDA;5;5;BRAK;BRAK;BRAK;BRAK;BRAK;BRAK;BRAK;BRAK;BRAK;BRAK;Kaletnik;Inne;ITMI_BELT_02.3ds;TAK;TAK;TAK;PRAWDA
Wytworny pasek;465,75;584,30;FAŁSZ;Elegancki i stylowy pasek, który dodaje szyku każdej stylizacji.;ITEM_CAT_NONE;-;Materials;Materials;AdminMaterials;materials;PRAWDA;KM_BELT_01;-;ITMI_GS_MAT_215;0,5;3;Gamemaster;FAŁSZ;BRAK;BRAK;BRAK;BRAK;BRAK;BRAK;BRAK;BRAK;BRAK;BRAK;BRAK;BRAK;BRAK;BRAK;BRAK;BRAK;FAŁSZ;BRAK;BRAK;BRAK;;BRAK;BRAK;PRAWDA;5;5;BRAK;BRAK;BRAK;BRAK;BRAK;BRAK;BRAK;BRAK;BRAK;BRAK;Kaletnik;Inne;KM_BELT_01.3ds;TAK;TAK;TAK;PRAWDA
Szarfa arcymaga ognia;790,17;1123,15;FAŁSZ;Szarfa ozdobiona perłami i promieniującymi kamieniami o ciepłej barwie.;ITEM_CAT_NONE;-;Materials;Materials;AdminMaterials;materials;PRAWDA;KM_BELT_14;-;ITMI_GS_MAT_216;0,5;3;Gamemaster;FAŁSZ;BRAK;BRAK;BRAK;BRAK;BRAK;BRAK;BRAK;BRAK;BRAK;BRAK;BRAK;BRAK;BRAK;BRAK;BRAK;BRAK;FAŁSZ;BRAK;BRAK;BRAK;;BRAK;BRAK;PRAWDA;5;5;BRAK;BRAK;BRAK;BRAK;BRAK;BRAK;BRAK;BRAK;BRAK;BRAK;Kaletnik;Inne;KM_BELT_14.3ds;TAK;TAK;TAK;PRAWDA
Szarfa arcymaga wody;790,17;1123,15;FAŁSZ;Szarfa ozdobiona perłami i promieniującymi kamieniami o chłodnej barwie.;ITEM_CAT_NONE;-;Materials;Materials;AdminMaterials;materials;PRAWDA;KM_BELT_13;-;ITMI_GS_MAT_217;0,5;3;Gamemaster;FAŁSZ;BRAK;BRAK;BRAK;BRAK;BRAK;BRAK;BRAK;BRAK;BRAK;BRAK;BRAK;BRAK;BRAK;BRAK;BRAK;BRAK;FAŁSZ;BRAK;BRAK;BRAK;;BRAK;BRAK;PRAWDA;5;5;BRAK;BRAK;BRAK;BRAK;BRAK;BRAK;BRAK;BRAK;BRAK;BRAK;Kaletnik;Inne;KM_BELT_13.3ds;TAK;TAK;TAK;PRAWDA
Szarfa arcymaga druidów;790,17;1123,15;FAŁSZ;Szarfa ozdobiona perłami i promieniującymi kamieniami o chłodnej barwie.;ITEM_CAT_NONE;-;Materials;Materials;AdminMaterials;materials;PRAWDA;KM_BELT_20;-;ITMI_GS_MAT_218;0,5;3;Gamemaster;FAŁSZ;BRAK;BRAK;BRAK;BRAK;BRAK;BRAK;BRAK;BRAK;BRAK;BRAK;BRAK;BRAK;BRAK;BRAK;BRAK;BRAK;FAŁSZ;BRAK;BRAK;BRAK;;BRAK;BRAK;PRAWDA;5;5;BRAK;BRAK;BRAK;BRAK;BRAK;BRAK;BRAK;BRAK;BRAK;BRAK;Kaletnik;Inne;KM_BELT_20.3ds;TAK;TAK;TAK;PRAWDA
Szarfa arcymaga nekromanty;790,17;1123,15;FAŁSZ;Szarfa ozdobiona perłami i kamieniami pozbawionymi blasku.;ITEM_CAT_NONE;-;Materials;Materials;AdminMaterials;materials;PRAWDA;KM_BELT_19;-;ITMI_GS_MAT_219;0,5;3;Gamemaster;FAŁSZ;BRAK;BRAK;BRAK;BRAK;BRAK;BRAK;BRAK;BRAK;BRAK;BRAK;BRAK;BRAK;BRAK;BRAK;BRAK;BRAK;FAŁSZ;BRAK;BRAK;BRAK;;BRAK;BRAK;PRAWDA;5;5;BRAK;BRAK;BRAK;BRAK;BRAK;BRAK;BRAK;BRAK;BRAK;BRAK;Kaletnik;Inne;KM_BELT_19.3ds;TAK;TAK;TAK;PRAWDA
Orkowy czepiec;BRAK;BRAK;FAŁSZ;Orkowy hełm;ITEM_CAT_NONE;-;Helmet;Armor;AdminOrc;nakrycia_glowy;FAŁSZ;-;-;ITHE_GS_ORC_01;1;0;Gamemaster;FAŁSZ;BRAK;BRAK;BRAK;BRAK;BRAK;BRAK;BRAK;BRAK;BRAK;BRAK;0;0;0;BRAK;BRAK;BRAK;FAŁSZ;BRAK;0;0;;BRAK;BRAK;PRAWDA;5;5;BRAK;BRAK;BRAK;BRAK;BRAK;BRAK;BRAK;BRAK;BRAK;BRAK;;;;;;;FAŁSZ
Ciężki orkowy czepiec;BRAK;BRAK;FAŁSZ;Orkowy hełm;ITEM_CAT_NONE;-;Helmet;Armor;AdminOrc;nakrycia_glowy;FAŁSZ;-;-;ITHE_GS_ORC_02;1;0;Gamemaster;FAŁSZ;BRAK;BRAK;BRAK;BRAK;BRAK;BRAK;BRAK;BRAK;BRAK;BRAK;0;0;0;BRAK;BRAK;BRAK;FAŁSZ;BRAK;0;0;;BRAK;BRAK;PRAWDA;5;5;BRAK;BRAK;BRAK;BRAK;BRAK;BRAK;BRAK;BRAK;BRAK;BRAK;;;;;;;FAŁSZ
Ciężki orkowy czepiec z malunkami;BRAK;BRAK;FAŁSZ;Orkowy hełm;ITEM_CAT_NONE;-;Helmet;Armor;AdminOrc;nakrycia_glowy;FAŁSZ;-;-;ITHE_GS_ORC_03;1;0;Gamemaster;FAŁSZ;BRAK;BRAK;BRAK;BRAK;BRAK;BRAK;BRAK;BRAK;BRAK;BRAK;0;0;0;BRAK;BRAK;BRAK;FAŁSZ;BRAK;0;0;;BRAK;BRAK;PRAWDA;5;5;BRAK;BRAK;BRAK;BRAK;BRAK;BRAK;BRAK;BRAK;BRAK;BRAK;;;;;;;FAŁSZ
Orkowy czepiec z malunkami;BRAK;BRAK;FAŁSZ;Orkowy hełm;ITEM_CAT_NONE;-;Helmet;Armor;AdminOrc;nakrycia_glowy;FAŁSZ;-;-;ITHE_GS_ORC_04;1;0;Gamemaster;FAŁSZ;BRAK;BRAK;BRAK;BRAK;BRAK;BRAK;BRAK;BRAK;BRAK;BRAK;0;0;0;BRAK;BRAK;BRAK;FAŁSZ;BRAK;0;0;;BRAK;BRAK;PRAWDA;5;5;BRAK;BRAK;BRAK;BRAK;BRAK;BRAK;BRAK;BRAK;BRAK;BRAK;;;;;;;FAŁSZ
Orkowy hełm cebulowego wiarusa;BRAK;BRAK;FAŁSZ;Orkowy hełm;ITEM_CAT_NONE;-;Helmet;Armor;AdminOrc;nakrycia_glowy;FAŁSZ;-;-;ITHE_GS_ORC_05;1;0;Gamemaster;FAŁSZ;BRAK;BRAK;BRAK;BRAK;BRAK;BRAK;BRAK;BRAK;BRAK;BRAK;0;0;0;BRAK;BRAK;BRAK;FAŁSZ;BRAK;0;0;;BRAK;BRAK;PRAWDA;5;5;BRAK;BRAK;BRAK;BRAK;BRAK;BRAK;BRAK;BRAK;BRAK;BRAK;;;;;;;FAŁSZ
Żółty turban z piórkiem;BRAK;BRAK;FAŁSZ;Standardowy wybór dla każdego, kto chce wyglądać na szanowanego kupca, a nie zwykłego żebraka.;ITEM_CAT_ARMOR;ITEM_WEAR_HEAD;Helmet;Armor;AdminHelmet;nakrycia_glowy;FAŁSZ;HELMET_VARANT_01;-;ITHE_GS_117;1;0;Gamemaster;FAŁSZ;BRAK;BRAK;BRAK;BRAK;BRAK;BRAK;BRAK;BRAK;BRAK;BRAK;0;0;0;BRAK;BRAK;BRAK;FAŁSZ;BRAK;0;0;;BRAK;BRAK;PRAWDA;5;5;BRAK;BRAK;BRAK;BRAK;BRAK;BRAK;BRAK;BRAK;BRAK;BRAK;Kaletnik;Akcesoria;;NIE;TAK;TAK;FAŁSZ
Brązowy turban z piórkiem;BRAK;BRAK;FAŁSZ;Standardowy wybór dla każdego, kto chce wyglądać na szanowanego kupca, a nie zwykłego żebraka.;ITEM_CAT_ARMOR;ITEM_WEAR_HEAD;Helmet;Armor;AdminHelmet;nakrycia_glowy;FAŁSZ;HELMET_VARANT_02;-;ITHE_GS_118;1;0;Gamemaster;FAŁSZ;BRAK;BRAK;BRAK;BRAK;BRAK;BRAK;BRAK;BRAK;BRAK;BRAK;0;0;0;BRAK;BRAK;BRAK;FAŁSZ;BRAK;0;0;;BRAK;BRAK;PRAWDA;5;5;BRAK;BRAK;BRAK;BRAK;BRAK;BRAK;BRAK;BRAK;BRAK;BRAK;Kaletnik;Akcesoria;;NIE;TAK;TAK;FAŁSZ
Brązowy turban z piórem;BRAK;BRAK;FAŁSZ;Brązowy turban z ozdobnym piórem - idealny dla kupców z dalekiego południa.;ITEM_CAT_ARMOR;ITEM_WEAR_HEAD;Helmet;Armor;AdminHelmet;nakrycia_glowy;FAŁSZ;HELMET_VARANT_03;-;ITHE_GS_119;1;0;Gamemaster;FAŁSZ;BRAK;BRAK;BRAK;BRAK;BRAK;BRAK;BRAK;BRAK;BRAK;BRAK;0;0;0;BRAK;BRAK;BRAK;FAŁSZ;BRAK;0;0;;BRAK;BRAK;PRAWDA;5;5;BRAK;BRAK;BRAK;BRAK;BRAK;BRAK;BRAK;BRAK;BRAK;BRAK;Kaletnik;Akcesoria;;NIE;TAK;TAK;FAŁSZ
Żółty tubran z piórem;BRAK;BRAK;FAŁSZ;Żółty turban z ozdobnym piórem - idealny dla kupców z dalekiego południa.;ITEM_CAT_ARMOR;ITEM_WEAR_HEAD;Helmet;Armor;AdminHelmet;nakrycia_glowy;FAŁSZ;HELMET_VARANT_04;-;ITHE_GS_120;1;0;Gamemaster;FAŁSZ;BRAK;BRAK;BRAK;BRAK;BRAK;BRAK;BRAK;BRAK;BRAK;BRAK;0;0;0;BRAK;BRAK;BRAK;FAŁSZ;BRAK;0;0;;BRAK;BRAK;PRAWDA;5;5;BRAK;BRAK;BRAK;BRAK;BRAK;BRAK;BRAK;BRAK;BRAK;BRAK;Kaletnik;Akcesoria;;NIE;TAK;TAK;FAŁSZ
Elegancki turban;BRAK;BRAK;FAŁSZ;Podobno kiedyś nosili je magowie wody. Dziś to znak, że masz pieniądze na coś więcej niż tylko gnijące warzywa.;ITEM_CAT_ARMOR;ITEM_WEAR_HEAD;Helmet;Armor;AdminHelmet;nakrycia_glowy;FAŁSZ;HELMET_VARANT_05;-;ITHE_GS_121;1;0;Gamemaster;FAŁSZ;BRAK;BRAK;BRAK;BRAK;BRAK;BRAK;BRAK;BRAK;BRAK;BRAK;0;0;0;BRAK;BRAK;BRAK;FAŁSZ;BRAK;0;0;;BRAK;BRAK;PRAWDA;5;5;BRAK;BRAK;BRAK;BRAK;BRAK;BRAK;BRAK;BRAK;BRAK;BRAK;Kaletnik;Akcesoria;;NIE;TAK;TAK;FAŁSZ
;BRAK;BRAK;FAŁSZ;Fetysz prosto z lasu druidów.;ITEM_CAT_ARMOR;ITEM_WEAR_HEAD;Helmet;Armor;AdminHelmet;nakrycia_glowy;FAŁSZ;ITHE_GS_123;-;ITHE_GS_123;1;0;Gamemaster;FAŁSZ;BRAK;BRAK;BRAK;BRAK;BRAK;BRAK;BRAK;BRAK;BRAK;BRAK;0;0;0;BRAK;BRAK;BRAK;FAŁSZ;BRAK;0;0;;BRAK;BRAK;PRAWDA;5;5;BRAK;BRAK;BRAK;BRAK;BRAK;BRAK;BRAK;BRAK;BRAK;BRAK;;;;;;;FAŁSZ
Worek na głowę;18,11;22,85;FAŁSZ;Prosty jutowy worek - czasem noszony dla żartu, częściej przez więźniów.;ITEM_CAT_ARMOR;ITEM_WEAR_HEAD;Helmet;Armor;AdminHelmet;nakrycia_glowy;FAŁSZ;ITHE_SDRP_MASK_14;-;ITHE_GS_23;1;1;Gamemaster;PRAWDA;BRAK;BRAK;BRAK;BRAK;BRAK;BRAK;BRAK;BRAK;BRAK;BRAK;0;0;0;BRAK;BRAK;BRAK;FAŁSZ;BRAK;0;0;;BRAK;BRAK;PRAWDA;5;5;BRAK;BRAK;BRAK;BRAK;BRAK;BRAK;BRAK;BRAK;BRAK;BRAK;Kaletnik;Akcesoria;Torba_helm.3ds;TAK;TAK;TAK;PRAWDA
Opaska na oczy;20,86;26,01;FAŁSZ;Zakładana przez tych, którzy nie chcą widzieć zła tego świata lub przez rzemieślników w trakcie snu.;ITEM_CAT_ARMOR;ITEM_WEAR_HEAD;Helmet;Armor;AdminHelmet;nakrycia_glowy;FAŁSZ;ITHE_SDRP_CAP_46;-;ITHE_GS_24;1;1;Gamemaster;FAŁSZ;BRAK;BRAK;BRAK;BRAK;BRAK;BRAK;BRAK;BRAK;BRAK;BRAK;0;0;0;BRAK;BRAK;BRAK;FAŁSZ;BRAK;0;0;;BRAK;BRAK;PRAWDA;5;5;BRAK;BRAK;BRAK;BRAK;BRAK;BRAK;BRAK;BRAK;BRAK;BRAK;Kaletnik;Akcesoria;OpaskaOczy.3ds;TAK;TAK;TAK;PRAWDA
Szara opaska na czoło;20,86;26,01;FAŁSZ;Praktyczna, by pot nie zalewał oczu podczas kopania w kopalni. Albo gdy uciekasz przed cieniostworem;ITEM_CAT_ARMOR;ITEM_WEAR_HEAD;Helmet;Armor;AdminHelmet;nakrycia_glowy;FAŁSZ;ITHE_SDRP_CAP_39;-;ITHE_GS_25;1;1;Gamemaster;FAŁSZ;BRAK;BRAK;BRAK;BRAK;BRAK;BRAK;BRAK;BRAK;BRAK;BRAK;0;0;0;BRAK;BRAK;BRAK;FAŁSZ;BRAK;0;0;;BRAK;BRAK;PRAWDA;5;5;BRAK;BRAK;BRAK;BRAK;BRAK;BRAK;BRAK;BRAK;BRAK;BRAK;Kaletnik;Akcesoria;Opaska3.3ds;TAK;TAK;TAK;PRAWDA
Niebieska opaska na czoło;14,75;17,61;FAŁSZ;Praktyczna, by pot nie zalewał oczu podczas kopania w kopalni. Albo gdy uciekasz przed cieniostworem;ITEM_CAT_ARMOR;ITEM_WEAR_HEAD;Helmet;Armor;AdminHelmet;nakrycia_glowy;FAŁSZ;ITHE_SDRP_CAP_38;-;ITHE_GS_26;1;1;Gamemaster;FAŁSZ;BRAK;BRAK;BRAK;BRAK;BRAK;BRAK;BRAK;BRAK;BRAK;BRAK;0;0;0;BRAK;BRAK;BRAK;FAŁSZ;BRAK;0;0;;BRAK;BRAK;PRAWDA;5;5;BRAK;BRAK;BRAK;BRAK;BRAK;BRAK;BRAK;BRAK;BRAK;BRAK;Kaletnik;Akcesoria;Opaska2.3ds;TAK;TAK;TAK;PRAWDA
Żółta opaska na czoło;23,19;31,09;FAŁSZ;Praktyczna, by pot nie zalewał oczu podczas kopania w kopalni. Albo gdy uciekasz przed cieniostworem;ITEM_CAT_ARMOR;ITEM_WEAR_HEAD;Helmet;Armor;AdminHelmet;nakrycia_glowy;FAŁSZ;ITHE_SDRP_CAP_40;-;ITHE_GS_27;1;1;Gamemaster;FAŁSZ;BRAK;BRAK;BRAK;BRAK;BRAK;BRAK;BRAK;BRAK;BRAK;BRAK;0;0;0;BRAK;BRAK;BRAK;FAŁSZ;BRAK;0;0;;BRAK;BRAK;PRAWDA;5;5;BRAK;BRAK;BRAK;BRAK;BRAK;BRAK;BRAK;BRAK;BRAK;BRAK;Kaletnik;Akcesoria;Opaska4.3ds;TAK;TAK;TAK;PRAWDA
Czarna opaska na czoło;18,36;22,70;FAŁSZ;Praktyczna, by pot nie zalewał oczu podczas kopania w kopalni. Albo gdy uciekasz przed cieniostworem;ITEM_CAT_ARMOR;ITEM_WEAR_HEAD;Helmet;Armor;AdminHelmet;nakrycia_glowy;FAŁSZ;ITHE_SDRP_CAP_37;-;ITHE_GS_28;1;1;Gamemaster;FAŁSZ;BRAK;BRAK;BRAK;BRAK;BRAK;BRAK;BRAK;BRAK;BRAK;BRAK;0;0;0;BRAK;BRAK;BRAK;FAŁSZ;BRAK;0;0;;BRAK;BRAK;PRAWDA;5;5;BRAK;BRAK;BRAK;BRAK;BRAK;BRAK;BRAK;BRAK;BRAK;BRAK;Kaletnik;Akcesoria;Opaska.3ds;TAK;TAK;TAK;PRAWDA
Słomiany kapelusz;18,36;22,70;FAŁSZ;Chronił przed słońcem, gdy Myrtana była jeszcze krainą rolników. Dziś to bardziej pamiątka po lepszych czasach.;ITEM_CAT_ARMOR;ITEM_WEAR_HEAD;Helmet;Armor;AdminHelmet;nakrycia_glowy;FAŁSZ;ITHE_SDRP_CAP_01;-;ITHE_GS_29;1;1;Gamemaster;FAŁSZ;BRAK;BRAK;BRAK;BRAK;BRAK;BRAK;BRAK;BRAK;BRAK;BRAK;0;0;0;BRAK;BRAK;BRAK;FAŁSZ;BRAK;0;0;;BRAK;BRAK;PRAWDA;5;5;BRAK;BRAK;BRAK;BRAK;BRAK;BRAK;BRAK;BRAK;BRAK;BRAK;Kaletnik;Akcesoria;SLOMIANY_KAP1.3ds;TAK;TAK;TAK;PRAWDA
Wioskowy kapelutek;15,95;18,99;FAŁSZ;Wygląda, jakbyś go zrobił z tego, co znalazłeś w szopie. I pewnie tak właśnie było.;ITEM_CAT_ARMOR;ITEM_WEAR_HEAD;Helmet;Armor;AdminHelmet;nakrycia_glowy;FAŁSZ;ITHE_KOZA_CAP_04;-;ITHE_GS_30;1;1;Gamemaster;FAŁSZ;BRAK;BRAK;BRAK;BRAK;BRAK;BRAK;BRAK;BRAK;BRAK;BRAK;0;0;0;BRAK;BRAK;BRAK;FAŁSZ;BRAK;0;0;;BRAK;BRAK;PRAWDA;5;5;BRAK;BRAK;BRAK;BRAK;BRAK;BRAK;BRAK;BRAK;BRAK;BRAK;Kaletnik;Akcesoria;KOZA_KAPELUSZ_01.3ds;TAK;TAK;TAK;PRAWDA
Czepiec;18,36;22,70;FAŁSZ;Na bełt za cienki, ale fryz trzyma jak zbroja.;ITEM_CAT_ARMOR;ITEM_WEAR_HEAD;Helmet;Armor;AdminHelmet;nakrycia_glowy;FAŁSZ;ITHE_SDRP_CAP_14;-;ITHE_GS_31;1;1;Gamemaster;FAŁSZ;BRAK;BRAK;BRAK;BRAK;BRAK;BRAK;BRAK;BRAK;BRAK;BRAK;0;0;0;BRAK;BRAK;BRAK;FAŁSZ;BRAK;0;0;;BRAK;BRAK;PRAWDA;5;5;BRAK;BRAK;BRAK;BRAK;BRAK;BRAK;BRAK;BRAK;BRAK;BRAK;Kaletnik;Akcesoria;CZEPIEC.3ds;TAK;TAK;TAK;PRAWDA
Czapka kucharza;18,36;22,70;FAŁSZ;Jedyny sposób, żeby ludzie w gospodzie myśleli, że wiesz, co robisz. Ale nadal nie powstrzyma cię przed przypaleniem gulaszu.;ITEM_CAT_ARMOR;ITEM_WEAR_HEAD;Helmet;Armor;AdminHelmet;nakrycia_glowy;FAŁSZ;ITHE_SDRP_CAP_16;-;ITHE_GS_32;1;1;Gamemaster;FAŁSZ;BRAK;BRAK;BRAK;BRAK;BRAK;BRAK;BRAK;BRAK;BRAK;BRAK;0;0;0;BRAK;BRAK;BRAK;FAŁSZ;BRAK;0;0;;BRAK;BRAK;PRAWDA;5;5;BRAK;BRAK;BRAK;BRAK;BRAK;BRAK;BRAK;BRAK;BRAK;BRAK;Kaletnik;Akcesoria;KAPELUSZ_KUCHARZA.3ds;TAK;TAK;TAK;PRAWDA
Czapka majtka;14,75;17,61;FAŁSZ;Pachnie rybami i morską bryzą. I nie, to nie jest zapach czystej bielizny.;ITEM_CAT_ARMOR;ITEM_WEAR_HEAD;Helmet;Armor;AdminHelmet;nakrycia_glowy;FAŁSZ;ITHE_SDRP_CAP_17;-;ITHE_GS_33;1;1;Gamemaster;FAŁSZ;BRAK;BRAK;BRAK;BRAK;BRAK;BRAK;BRAK;BRAK;BRAK;BRAK;0;0;0;BRAK;BRAK;BRAK;FAŁSZ;BRAK;0;0;;BRAK;BRAK;PRAWDA;5;5;BRAK;BRAK;BRAK;BRAK;BRAK;BRAK;BRAK;BRAK;BRAK;BRAK;Kaletnik;Akcesoria;Czapka1_FIX.3ds;TAK;TAK;TAK;PRAWDA
Wianek z kwiatów;18,11;22,85;FAŁSZ;Romantyczny dodatek dla tych, którzy jeszcze wierzą w sielankę... ;ITEM_CAT_ARMOR;ITEM_WEAR_HEAD;Helmet;Armor;AdminHelmet;nakrycia_glowy;FAŁSZ;GS_RUCHADELKA_WIANEK;-;ITHE_GS_34;1;1;Gamemaster;FAŁSZ;BRAK;BRAK;BRAK;BRAK;BRAK;BRAK;BRAK;BRAK;BRAK;BRAK;0;0;0;BRAK;BRAK;BRAK;FAŁSZ;BRAK;0;0;;BRAK;BRAK;PRAWDA;5;5;BRAK;BRAK;BRAK;BRAK;BRAK;BRAK;BRAK;BRAK;BRAK;BRAK;Kaletnik;Akcesoria;K7_HAT_WIANEK_01.3ds;TAK;TAK;TAK;PRAWDA
Wianek z zielonych kwiatów;#N/D;#N/D;FAŁSZ;Romantyczny dodatek dla tych, którzy jeszcze wierzą w sielankę... ;ITEM_CAT_ARMOR;ITEM_WEAR_HEAD;Helmet;Armor;AdminHelmet;nakrycia_glowy;FAŁSZ;GS_RUCHADELKA_WIANEK;-;ITHE_GS_34_1;1;1;Gamemaster;FAŁSZ;BRAK;BRAK;BRAK;BRAK;BRAK;BRAK;BRAK;BRAK;BRAK;BRAK;0;0;0;BRAK;BRAK;BRAK;FAŁSZ;BRAK;0;0;;BRAK;BRAK;PRAWDA;5;5;BRAK;BRAK;BRAK;BRAK;BRAK;BRAK;BRAK;BRAK;BRAK;BRAK;Kaletnik;Akcesoria;KOZA_WIANEK_GREEN.3ds;TAK;TAK;TAK;PRAWDA
Wianek z czerwonych kwiatów;#N/D;#N/D;FAŁSZ;Romantyczny dodatek dla tych, którzy jeszcze wierzą w sielankę... ;ITEM_CAT_ARMOR;ITEM_WEAR_HEAD;Helmet;Armor;AdminHelmet;nakrycia_glowy;FAŁSZ;GS_RUCHADELKA_WIANEK;-;ITHE_GS_34_2;1;1;Gamemaster;FAŁSZ;BRAK;BRAK;BRAK;BRAK;BRAK;BRAK;BRAK;BRAK;BRAK;BRAK;0;0;0;BRAK;BRAK;BRAK;FAŁSZ;BRAK;0;0;;BRAK;BRAK;PRAWDA;5;5;BRAK;BRAK;BRAK;BRAK;BRAK;BRAK;BRAK;BRAK;BRAK;BRAK;Kaletnik;Akcesoria;KOZA_WIANEK_RED.3ds;TAK;TAK;TAK;PRAWDA
Wianek z żółtych kwiatów;#N/D;#N/D;FAŁSZ;Romantyczny dodatek dla tych, którzy jeszcze wierzą w sielankę... ;ITEM_CAT_ARMOR;ITEM_WEAR_HEAD;Helmet;Armor;AdminHelmet;nakrycia_glowy;FAŁSZ;GS_RUCHADELKA_WIANEK;-;ITHE_GS_34_3;1;1;Gamemaster;FAŁSZ;BRAK;BRAK;BRAK;BRAK;BRAK;BRAK;BRAK;BRAK;BRAK;BRAK;0;0;0;BRAK;BRAK;BRAK;FAŁSZ;BRAK;0;0;;BRAK;BRAK;PRAWDA;5;5;BRAK;BRAK;BRAK;BRAK;BRAK;BRAK;BRAK;BRAK;BRAK;BRAK;Kaletnik;Akcesoria;KOZA_WIANEK_YELLOW.3ds;TAK;TAK;TAK;PRAWDA
Czapka ze szczura;20,86;26,01;FAŁSZ;Ktoś musiał to wymyślić. I tak, śmierdzi. Ale przynajmniej wiesz, że nikt ci jej nie ukradnie.;ITEM_CAT_ARMOR;ITEM_WEAR_HEAD;Helmet;Armor;AdminHelmet;nakrycia_glowy;FAŁSZ;ITHE_SDRP_CAP_26;-;ITHE_GS_35;1;1;Gamemaster;FAŁSZ;BRAK;BRAK;BRAK;BRAK;BRAK;BRAK;BRAK;BRAK;BRAK;BRAK;0;0;0;BRAK;BRAK;BRAK;FAŁSZ;BRAK;0;0;;BRAK;BRAK;PRAWDA;5;5;BRAK;BRAK;BRAK;BRAK;BRAK;BRAK;BRAK;BRAK;BRAK;BRAK;Kaletnik;Akcesoria;HelmSzczur.3ds;TAK;TAK;TAK;PRAWDA
Zielonkawy kapelutek;14,75;17,61;FAŁSZ;Kolor wskazuje, że leżał zbyt długo w wilgotnej jaskini. Albo że jego właściciel jest od alchemii.;ITEM_CAT_ARMOR;ITEM_WEAR_HEAD;Helmet;Armor;AdminHelmet;nakrycia_glowy;FAŁSZ;ITHE_SDRP_CAP_06;-;ITHE_GS_36;1;1;Gamemaster;FAŁSZ;BRAK;BRAK;BRAK;BRAK;BRAK;BRAK;BRAK;BRAK;BRAK;BRAK;0;0;0;BRAK;BRAK;BRAK;FAŁSZ;BRAK;0;0;;BRAK;BRAK;PRAWDA;5;5;BRAK;BRAK;BRAK;BRAK;BRAK;BRAK;BRAK;BRAK;BRAK;BRAK;Kaletnik;Akcesoria;KAPELUSZ_WIEJSKI.3ds;TAK;TAK;TAK;PRAWDA
Wieśniacza czapka;23,19;31,09;FAŁSZ;Praktyczna i prosta. Tak prosta, że nikt nawet nie spojrzy na ciebie dwa razy. Idealna do wtapiania się w tłum.;ITEM_CAT_ARMOR;ITEM_WEAR_HEAD;Helmet;Armor;AdminHelmet;nakrycia_glowy;FAŁSZ;ITHE_SDRP_CAP_20;-;ITHE_GS_37;1;1;Gamemaster;FAŁSZ;BRAK;BRAK;BRAK;BRAK;BRAK;BRAK;BRAK;BRAK;BRAK;BRAK;0;0;0;BRAK;BRAK;BRAK;FAŁSZ;BRAK;0;0;;BRAK;BRAK;PRAWDA;5;5;BRAK;BRAK;BRAK;BRAK;BRAK;BRAK;BRAK;BRAK;BRAK;BRAK;Kaletnik;Akcesoria;Czapka.3ds;TAK;TAK;TAK;PRAWDA
Szary szeroki beret;23,19;31,09;FAŁSZ;Dla tych, którzy chcą wyglądać na artystów, ale jedyne co to malują krwią.;ITEM_CAT_ARMOR;ITEM_WEAR_HEAD;Helmet;Armor;AdminHelmet;nakrycia_glowy;FAŁSZ;ITHE_KOZA_CAP_01;-;ITHE_GS_38;1;1;Gamemaster;FAŁSZ;BRAK;BRAK;BRAK;BRAK;BRAK;BRAK;BRAK;BRAK;BRAK;BRAK;0;0;0;BRAK;BRAK;BRAK;FAŁSZ;BRAK;0;0;;BRAK;BRAK;PRAWDA;5;5;BRAK;BRAK;BRAK;BRAK;BRAK;BRAK;BRAK;BRAK;BRAK;BRAK;Kaletnik;Akcesoria;KOZA_BIEDACKI_01.3ds;TAK;TAK;TAK;PRAWDA
Szary beret;41,60;69,61;FAŁSZ;Uniwersalny. Pasuje do każdego stroju, niezależnie od tego, czy idziesz do tawerny, czy na polowanie na orków.;ITEM_CAT_ARMOR;ITEM_WEAR_HEAD;Helmet;Armor;AdminHelmet;nakrycia_glowy;FAŁSZ;ITHE_KOZA_BERET_GREY;-;ITHE_GS_39;1;2;Gamemaster;FAŁSZ;BRAK;BRAK;BRAK;BRAK;BRAK;BRAK;BRAK;BRAK;BRAK;BRAK;0;0;0;BRAK;BRAK;BRAK;FAŁSZ;BRAK;0;0;;BRAK;BRAK;PRAWDA;5;5;BRAK;BRAK;BRAK;BRAK;BRAK;BRAK;BRAK;BRAK;BRAK;BRAK;Kaletnik;Akcesoria;HK_BERET_GREY.3ds;TAK;TAK;TAK;PRAWDA
Zielony beret;41,60;69,61;FAŁSZ;Pewnie należał do jakiegoś myśliwego, który nie dożył poranka. Teraz może być twój!;ITEM_CAT_ARMOR;ITEM_WEAR_HEAD;Helmet;Armor;AdminHelmet;nakrycia_glowy;FAŁSZ;ITHE_KOZA_BERET_GREEN;-;ITHE_GS_40;1;2;Gamemaster;FAŁSZ;BRAK;BRAK;BRAK;BRAK;BRAK;BRAK;BRAK;BRAK;BRAK;BRAK;0;0;0;BRAK;BRAK;BRAK;FAŁSZ;BRAK;0;0;;BRAK;BRAK;PRAWDA;5;5;BRAK;BRAK;BRAK;BRAK;BRAK;BRAK;BRAK;BRAK;BRAK;BRAK;Kaletnik;Akcesoria;HK_BERET_GREEN.3ds;TAK;TAK;TAK;PRAWDA
Brązowy beret;41,60;69,61;FAŁSZ;Solidny i niezawodny. Podobnie jak kopalniany kilof, ale ten nosisz na głowie.;ITEM_CAT_ARMOR;ITEM_WEAR_HEAD;Helmet;Armor;AdminHelmet;nakrycia_glowy;FAŁSZ;ITHE_KOZA_BERET_BROWN;-;ITHE_GS_41;1;2;Gamemaster;FAŁSZ;BRAK;BRAK;BRAK;BRAK;BRAK;BRAK;BRAK;BRAK;BRAK;BRAK;0;0;0;BRAK;BRAK;BRAK;FAŁSZ;BRAK;0;0;;BRAK;BRAK;PRAWDA;5;5;BRAK;BRAK;BRAK;BRAK;BRAK;BRAK;BRAK;BRAK;BRAK;BRAK;Kaletnik;Akcesoria;HK_BERET_BROWN.3ds;TAK;TAK;TAK;PRAWDA
Niebieski beret;41,60;69,61;FAŁSZ;Może cię pomylą z magiem wody? Szanse niewielkie, ale zawsze jest nadzieja.;ITEM_CAT_ARMOR;ITEM_WEAR_HEAD;Helmet;Armor;AdminHelmet;nakrycia_glowy;FAŁSZ;ITHE_KOZA_BERET_BLUE;-;ITHE_GS_42;1;2;Gamemaster;FAŁSZ;BRAK;BRAK;BRAK;BRAK;BRAK;BRAK;BRAK;BRAK;BRAK;BRAK;0;0;0;BRAK;BRAK;BRAK;FAŁSZ;BRAK;0;0;;BRAK;BRAK;PRAWDA;5;5;BRAK;BRAK;BRAK;BRAK;BRAK;BRAK;BRAK;BRAK;BRAK;BRAK;Kaletnik;Akcesoria;HK_BERET_BLUE.3ds;TAK;TAK;TAK;PRAWDA
Czarny beret;41,60;69,61;FAŁSZ;Klasyka. Dyskretny, tajemniczy... albo po prostu brudny. Zależy od właściciela.;ITEM_CAT_ARMOR;ITEM_WEAR_HEAD;Helmet;Armor;AdminHelmet;nakrycia_glowy;FAŁSZ;ITHE_KOZA_BERET_BLACK;-;ITHE_GS_43;1;2;Gamemaster;FAŁSZ;BRAK;BRAK;BRAK;BRAK;BRAK;BRAK;BRAK;BRAK;BRAK;BRAK;0;0;0;BRAK;BRAK;BRAK;FAŁSZ;BRAK;0;0;;BRAK;BRAK;PRAWDA;5;5;BRAK;BRAK;BRAK;BRAK;BRAK;BRAK;BRAK;BRAK;BRAK;BRAK;Kaletnik;Akcesoria;HK_BERET_BLACK.3ds;TAK;TAK;TAK;PRAWDA
Chusta patrioty;43,60;72,01;FAŁSZ;Wypijcie zdrowie kurwiego syna Vernona Roche'a!;ITEM_CAT_ARMOR;ITEM_WEAR_HEAD;Helmet;Armor;AdminHelmet;nakrycia_glowy;FAŁSZ;ITHE_SDRP_CAP_12;-;ITHE_GS_44;1;2;Gamemaster;FAŁSZ;BRAK;BRAK;BRAK;BRAK;BRAK;BRAK;BRAK;BRAK;BRAK;BRAK;0;0;0;BRAK;BRAK;BRAK;FAŁSZ;BRAK;0;0;;BRAK;BRAK;PRAWDA;5;5;BRAK;BRAK;BRAK;BRAK;BRAK;BRAK;BRAK;BRAK;BRAK;BRAK;Kaletnik;Akcesoria;DZIWNA_CHUSTA.3ds;TAK;TAK;TAK;PRAWDA
Trikorn;43,60;72,01;FAŁSZ;Kapelusz piratów i awanturników. Jeśli go nosisz, pewnie niedługo będziesz szukał skarbu... albo ukrywał się przed strażą.;ITEM_CAT_ARMOR;ITEM_WEAR_HEAD;Helmet;Armor;AdminHelmet;nakrycia_glowy;FAŁSZ;ITHE_SDRP_CAP_04;-;ITHE_GS_45;1;2;Gamemaster;FAŁSZ;BRAK;BRAK;BRAK;BRAK;BRAK;BRAK;BRAK;BRAK;BRAK;BRAK;0;0;0;BRAK;BRAK;BRAK;FAŁSZ;BRAK;0;0;;BRAK;BRAK;PRAWDA;5;5;BRAK;BRAK;BRAK;BRAK;BRAK;BRAK;BRAK;BRAK;BRAK;BRAK;Kaletnik;Akcesoria;ITAR_HEM_PIRATE.3ds;TAK;TAK;TAK;PRAWDA
Stylowy kapelusz;43,60;72,01;FAŁSZ;Nie chroni przed ciosami, ale za to sprawia, że wyglądasz, jakbyś miał klasę. Dopóki nie zaczniesz biegać po bagnach.;ITEM_CAT_ARMOR;ITEM_WEAR_HEAD;Helmet;Armor;AdminHelmet;nakrycia_glowy;FAŁSZ;ITHE_SDRP_CAP_03;-;ITHE_GS_46;1;2;Gamemaster;FAŁSZ;BRAK;BRAK;BRAK;BRAK;BRAK;BRAK;BRAK;BRAK;BRAK;BRAK;0;0;0;BRAK;BRAK;BRAK;FAŁSZ;BRAK;0;0;;BRAK;BRAK;PRAWDA;5;5;BRAK;BRAK;BRAK;BRAK;BRAK;BRAK;BRAK;BRAK;BRAK;BRAK;Kaletnik;Akcesoria;DAVENSTEIN_KAPELUSZ.3ds;TAK;TAK;TAK;PRAWDA
Pomarańczowa czapka burżuja;60,60;92,41;FAŁSZ;Jeśli ją nosisz, albo jesteś bogaty, albo próbujesz desperacko udawać. Kolor krzyczy: 'Popatrzcie, jestem kimś!;ITEM_CAT_ARMOR;ITEM_WEAR_HEAD;Helmet;Armor;AdminHelmet;nakrycia_glowy;FAŁSZ;ITHE_SDRP_CAP_15;-;ITHE_GS_47;1;2;Gamemaster;FAŁSZ;BRAK;BRAK;BRAK;BRAK;BRAK;BRAK;BRAK;BRAK;BRAK;BRAK;0;0;0;BRAK;BRAK;BRAK;FAŁSZ;BRAK;0;0;;BRAK;BRAK;PRAWDA;5;5;BRAK;BRAK;BRAK;BRAK;BRAK;BRAK;BRAK;BRAK;BRAK;BRAK;Kaletnik;Akcesoria;CZAPKA_MALARZA.3ds;TAK;TAK;TAK;PRAWDA
Czerwony kapelusz burżuja;60,60;92,41;FAŁSZ;Bardziej krzykliwy niż pomarańczowy. Prawdopodobnie kupiony za cenę trzech dniówek w kopalni.;ITEM_CAT_ARMOR;ITEM_WEAR_HEAD;Helmet;Armor;AdminHelmet;nakrycia_glowy;FAŁSZ;ITHE_SDRP_CAP_05;-;ITHE_GS_48;1;2;Gamemaster;FAŁSZ;BRAK;BRAK;BRAK;BRAK;BRAK;BRAK;BRAK;BRAK;BRAK;BRAK;0;0;0;BRAK;BRAK;BRAK;FAŁSZ;BRAK;0;0;;BRAK;BRAK;PRAWDA;5;5;BRAK;BRAK;BRAK;BRAK;BRAK;BRAK;BRAK;BRAK;BRAK;BRAK;Kaletnik;Akcesoria;ZDOBIONY_KAPELUSZ.3ds;TAK;TAK;TAK;PRAWDA
Żółta czapka z rondem;60,60;92,41;FAŁSZ;Praktyczna na słońce i do ukrywania twarzy przed natrętnymi żebrakami. Żółć dodaje jej 'radości'.;ITEM_CAT_ARMOR;ITEM_WEAR_HEAD;Helmet;Armor;AdminHelmet;nakrycia_glowy;FAŁSZ;ITHE_SDRP_CAP_10;-;ITHE_GS_49;1;2;Gamemaster;FAŁSZ;BRAK;BRAK;BRAK;BRAK;BRAK;BRAK;BRAK;BRAK;BRAK;BRAK;0;0;0;BRAK;BRAK;BRAK;FAŁSZ;BRAK;0;0;;BRAK;BRAK;PRAWDA;5;5;BRAK;BRAK;BRAK;BRAK;BRAK;BRAK;BRAK;BRAK;BRAK;BRAK;Kaletnik;Akcesoria;KAPELUSZ_BOGACZA.3ds;TAK;TAK;TAK;PRAWDA
Niebieska czapka z rondem;59,60;91,21;FAŁSZ;Wypatrzysz w niej statek na horyzoncie. Albo strażnika, który patrzy na ciebie podejrzliwie.;ITEM_CAT_ARMOR;ITEM_WEAR_HEAD;Helmet;Armor;AdminHelmet;nakrycia_glowy;FAŁSZ;ITHE_SDRP_CAP_13;-;ITHE_GS_50;1;2;Gamemaster;FAŁSZ;BRAK;BRAK;BRAK;BRAK;BRAK;BRAK;BRAK;BRAK;BRAK;BRAK;0;0;0;BRAK;BRAK;BRAK;FAŁSZ;BRAK;0;0;;BRAK;BRAK;PRAWDA;5;5;BRAK;BRAK;BRAK;BRAK;BRAK;BRAK;BRAK;BRAK;BRAK;BRAK;Kaletnik;Akcesoria;DUZY_KAPELUSZ.3ds;TAK;TAK;TAK;PRAWDA
Kapelusz szlachcica;59,60;91,21;FAŁSZ;Pokazuje, że masz pieniądze i zero pojęcia o pracy fizycznej. Idealny do przechadzania się po mieście i wyzywania na pojedynki.;ITEM_CAT_ARMOR;ITEM_WEAR_HEAD;Helmet;Armor;AdminHelmet;nakrycia_glowy;FAŁSZ;ITHE_SDRP_CAP_07;-;ITHE_GS_51;1;2;Gamemaster;FAŁSZ;BRAK;BRAK;BRAK;BRAK;BRAK;BRAK;BRAK;BRAK;BRAK;BRAK;0;0;0;BRAK;BRAK;BRAK;FAŁSZ;BRAK;0;0;;BRAK;BRAK;PRAWDA;5;5;BRAK;BRAK;BRAK;BRAK;BRAK;BRAK;BRAK;BRAK;BRAK;BRAK;Kaletnik;Akcesoria;KAPELUSZ_SZLACHCICA.3ds;TAK;TAK;TAK;PRAWDA
Czapka z dzika;95,60;134,41;FAŁSZ;Pamiątka po udanym polowaniu... albo po spotkaniu z dzikiem, które skończyło się, eee, jednostronnym zwycięstwem.;ITEM_CAT_ARMOR;ITEM_WEAR_HEAD;Helmet;Armor;AdminHelmet;nakrycia_glowy;FAŁSZ;ITHE_SDRP_CAP_27;-;ITHE_GS_52;1;2;Gamemaster;FAŁSZ;BRAK;BRAK;BRAK;BRAK;BRAK;BRAK;BRAK;BRAK;BRAK;BRAK;0;0;0;BRAK;BRAK;BRAK;FAŁSZ;BRAK;0;0;;BRAK;BRAK;PRAWDA;5;5;BRAK;BRAK;BRAK;BRAK;BRAK;BRAK;BRAK;BRAK;BRAK;BRAK;Kaletnik;Akcesoria;HelmDzik.3ds;TAK;TAK;TAK;PRAWDA
Kapelusz maga ognia;43,60;72,01;FAŁSZ;Jeśli nie potrafisz rzucać kulami ognia, to i tak wygląda, jakbyś potrafił. Magowie ognia lubią czerwony, bo to kolor... ognia.;ITEM_CAT_ARMOR;ITEM_WEAR_HEAD;Helmet;Armor;AdminHelmet;nakrycia_glowy;FAŁSZ;ITHE_SDRP_CAP_33;-;ITHE_GS_53;1;2;Gamemaster;FAŁSZ;BRAK;BRAK;BRAK;BRAK;BRAK;BRAK;BRAK;BRAK;BRAK;BRAK;0;0;0;BRAK;BRAK;BRAK;FAŁSZ;BRAK;0;0;;BRAK;BRAK;PRAWDA;5;5;BRAK;BRAK;BRAK;BRAK;BRAK;BRAK;BRAK;BRAK;BRAK;BRAK;Kaletnik;Akcesoria;Merlinhut_kdf_m.3ds;TAK;TAK;TAK;PRAWDA
Kapelusz maga wody;43,60;72,01;FAŁSZ;Błękitny i spokojny. Nosząc go, możesz poczuć, jakbyś miał kontrolę nad deszczem... albo przynajmniej nad kałużą.;ITEM_CAT_ARMOR;ITEM_WEAR_HEAD;Helmet;Armor;AdminHelmet;nakrycia_glowy;FAŁSZ;ITHE_SDRP_CAP_34;-;ITHE_GS_54;1;2;Gamemaster;FAŁSZ;BRAK;BRAK;BRAK;BRAK;BRAK;BRAK;BRAK;BRAK;BRAK;BRAK;0;0;0;BRAK;BRAK;BRAK;FAŁSZ;BRAK;0;0;;BRAK;BRAK;PRAWDA;5;5;BRAK;BRAK;BRAK;BRAK;BRAK;BRAK;BRAK;BRAK;BRAK;BRAK;Kaletnik;Akcesoria;Merlinhut_kdw.3ds;TAK;TAK;TAK;PRAWDA
Czarna czapka czarodzieja;43,60;72,01;FAŁSZ;Klasyka gatunku. Im dłuższy szpiczasty koniec, tym większe prawdopodobieństwo, że jesteś kimś ważnym... albo po prostu dziwakiem.;ITEM_CAT_ARMOR;ITEM_WEAR_HEAD;Helmet;Armor;AdminHelmet;nakrycia_glowy;FAŁSZ;ITHE_SDRP_CAP_31;-;ITHE_GS_55;1;2;Gamemaster;FAŁSZ;BRAK;BRAK;BRAK;BRAK;BRAK;BRAK;BRAK;BRAK;BRAK;BRAK;0;0;0;BRAK;BRAK;BRAK;FAŁSZ;BRAK;0;0;;BRAK;BRAK;PRAWDA;5;5;BRAK;BRAK;BRAK;BRAK;BRAK;BRAK;BRAK;BRAK;BRAK;BRAK;Kaletnik;Akcesoria;Merlinhut_dmbm.3ds;TAK;TAK;TAK;PRAWDA
Kapelusz muszkietera;43,60;72,01;FAŁSZ;Dla tych, co marzą o pojedynkach na śmierć i życie, ale najczęściej trafiają w płot. Piórko dodaje stylu.;ITEM_CAT_ARMOR;ITEM_WEAR_HEAD;Helmet;Armor;AdminHelmet;nakrycia_glowy;FAŁSZ;ITHE_SDRP_CAP_08;-;ITHE_GS_56;1;2;Gamemaster;FAŁSZ;BRAK;BRAK;BRAK;BRAK;BRAK;BRAK;BRAK;BRAK;BRAK;BRAK;0;0;0;BRAK;BRAK;BRAK;FAŁSZ;BRAK;0;0;;BRAK;BRAK;PRAWDA;5;5;BRAK;BRAK;BRAK;BRAK;BRAK;BRAK;BRAK;BRAK;BRAK;BRAK;Kaletnik;Akcesoria;KAPELUSZ_MUSZKIETERA.3ds;TAK;TAK;TAK;PRAWDA
Nakrycie z warga;128,25;161,48;FAŁSZ;Jeśli masz na to ochotę, proszę bardzo. Ale nie dziw się, że psy cię ścigają.;ITEM_CAT_ARMOR;ITEM_WEAR_HEAD;Helmet;Armor;AdminHelmet;nakrycia_glowy;FAŁSZ;ITHE_SDRP_CAP_25;-;ITHE_GS_57;1;3;Gamemaster;FAŁSZ;BRAK;BRAK;BRAK;BRAK;BRAK;BRAK;BRAK;BRAK;BRAK;BRAK;0;0;0;BRAK;BRAK;BRAK;FAŁSZ;BRAK;0;0;;BRAK;BRAK;PRAWDA;5;5;BRAK;BRAK;BRAK;BRAK;BRAK;BRAK;BRAK;BRAK;BRAK;BRAK;Kaletnik;Akcesoria;HelmWilk.3ds;TAK;TAK;TAK;PRAWDA
Kapelusz kapitana;82,47;106,31;FAŁSZ;Noszą go ci, którzy wydają rozkazy. I ci, którzy myślą, że je wydają, a tak naprawdę tylko głośno krzyczą.;ITEM_CAT_ARMOR;ITEM_WEAR_HEAD;Helmet;Armor;AdminHelmet;nakrycia_glowy;FAŁSZ;ITHE_SDRP_CAP_02;-;ITHE_GS_58;1;3;Gamemaster;FAŁSZ;BRAK;BRAK;BRAK;BRAK;BRAK;BRAK;BRAK;BRAK;BRAK;BRAK;0;0;0;BRAK;BRAK;BRAK;FAŁSZ;BRAK;0;0;;BRAK;BRAK;PRAWDA;5;5;BRAK;BRAK;BRAK;BRAK;BRAK;BRAK;BRAK;BRAK;BRAK;BRAK;Kaletnik;Akcesoria;ITHL_PIRATEHAT.3ds;TAK;TAK;TAK;PRAWDA
Kapelusz pirata z południowych mórz;44,10;74,23;FAŁSZ;Prawdopodobnie skradziony. Pachnie rumem i desperacją. Idealny, jeśli planujesz zostać legendą... albo powiesić się na rei.;ITEM_CAT_ARMOR;ITEM_WEAR_HEAD;Helmet;Armor;AdminHelmet;nakrycia_glowy;FAŁSZ;ITHE_SDRP_CAP_35;-;ITHE_GS_59;1;3;Gamemaster;FAŁSZ;BRAK;BRAK;BRAK;BRAK;BRAK;BRAK;BRAK;BRAK;BRAK;BRAK;0;0;0;BRAK;BRAK;BRAK;FAŁSZ;BRAK;0;0;;BRAK;BRAK;PRAWDA;5;5;BRAK;BRAK;BRAK;BRAK;BRAK;BRAK;BRAK;BRAK;BRAK;BRAK;Kaletnik;Akcesoria;piratenhut.3ds;TAK;TAK;TAK;PRAWDA
Zielona bogata czapka;101,35;147,90;FAŁSZ;Zielony to kolor natury i... bogaczy, którzy chcą być postrzegani jako 'bliżej ludu'. Przez złodziei.;ITEM_CAT_ARMOR;ITEM_WEAR_HEAD;Helmet;Armor;AdminHelmet;nakrycia_glowy;FAŁSZ;ITHE_SDRP_CAP_47;-;ITHE_GS_60;1;3;Gamemaster;FAŁSZ;BRAK;BRAK;BRAK;BRAK;BRAK;BRAK;BRAK;BRAK;BRAK;BRAK;0;0;0;BRAK;BRAK;BRAK;FAŁSZ;BRAK;0;0;;BRAK;BRAK;PRAWDA;5;5;BRAK;BRAK;BRAK;BRAK;BRAK;BRAK;BRAK;BRAK;BRAK;BRAK;Kaletnik;Akcesoria;HAT_ARMOR_MERCHANT_01.3ds;TAK;TAK;TAK;PRAWDA
Niebieska bogata czapka;101,35;147,90;FAŁSZ;Pewnie należała do jakiegoś kupca, który zbankrutował. Teraz możesz błyszczeć... w nocy.;ITEM_CAT_ARMOR;ITEM_WEAR_HEAD;Helmet;Armor;AdminHelmet;nakrycia_glowy;FAŁSZ;ITHE_SDRP_CAP_48;-;ITHE_GS_61;1;3;Gamemaster;FAŁSZ;BRAK;BRAK;BRAK;BRAK;BRAK;BRAK;BRAK;BRAK;BRAK;BRAK;0;0;0;BRAK;BRAK;BRAK;FAŁSZ;BRAK;0;0;;BRAK;BRAK;PRAWDA;5;5;BRAK;BRAK;BRAK;BRAK;BRAK;BRAK;BRAK;BRAK;BRAK;BRAK;Kaletnik;Akcesoria;HAT_ARMOR_MERCHANT_02.3ds;TAK;TAK;TAK;PRAWDA
Czerwona bogata czapka;101,35;147,90;FAŁSZ;Krzyczy 'Mam pieniądze!' tak głośno, że słychać ją w obozie bandytów. Gratuluję wyboru.;ITEM_CAT_ARMOR;ITEM_WEAR_HEAD;Helmet;Armor;AdminHelmet;nakrycia_glowy;FAŁSZ;ITHE_SDRP_CAP_49;-;ITHE_GS_62;1;3;Gamemaster;FAŁSZ;BRAK;BRAK;BRAK;BRAK;BRAK;BRAK;BRAK;BRAK;BRAK;BRAK;0;0;0;BRAK;BRAK;BRAK;FAŁSZ;BRAK;0;0;;BRAK;BRAK;PRAWDA;5;5;BRAK;BRAK;BRAK;BRAK;BRAK;BRAK;BRAK;BRAK;BRAK;BRAK;Kaletnik;Akcesoria;HAT_ARMOR_MERCHANT_03.3ds;TAK;TAK;TAK;PRAWDA
Biały kapelusz z wielkim piórem;101,35;147,90;FAŁSZ;Większe pióro, większe ego. Szlachcice uwielbiają ten styl, zwłaszcza gdy mają z czego się popisywać.;ITEM_CAT_ARMOR;ITEM_WEAR_HEAD;Helmet;Armor;AdminHelmet;nakrycia_glowy;FAŁSZ;ITHE_KOZA_CAP_09;-;ITHE_GS_63;1;3;Gamemaster;FAŁSZ;BRAK;BRAK;BRAK;BRAK;BRAK;BRAK;BRAK;BRAK;BRAK;BRAK;0;0;0;BRAK;BRAK;BRAK;FAŁSZ;BRAK;0;0;;BRAK;BRAK;PRAWDA;5;5;BRAK;BRAK;BRAK;BRAK;BRAK;BRAK;BRAK;BRAK;BRAK;BRAK;Kaletnik;Akcesoria;KOZA_KAPELUSZ_06.3ds;TAK;TAK;TAK;PRAWDA
Duży czerwony kapelusz;101,35;147,90;FAŁSZ;Jeśli chcesz być widoczny z daleka, to jest to. Idealny dla kogoś, kto chce przyciągnąć uwagę.;ITEM_CAT_ARMOR;ITEM_WEAR_HEAD;Helmet;Armor;AdminHelmet;nakrycia_glowy;FAŁSZ;ITHE_SDRP_CAP_36;-;ITHE_GS_64;1;3;Gamemaster;FAŁSZ;BRAK;BRAK;BRAK;BRAK;BRAK;BRAK;BRAK;BRAK;BRAK;BRAK;0;0;0;BRAK;BRAK;BRAK;FAŁSZ;BRAK;0;0;;BRAK;BRAK;PRAWDA;5;5;BRAK;BRAK;BRAK;BRAK;BRAK;BRAK;BRAK;BRAK;BRAK;BRAK;Kaletnik;Akcesoria;duzykapelusz2.3ds;TAK;TAK;TAK;PRAWDA
Kapelusz z rondem;101,35;147,90;FAŁSZ;Uniwersalny i praktyczny. Znak, że cenisz sobie cień, a nie tylko wygląd. Chyba że rondo jest tak duże, że zasłania ci widok.;ITEM_CAT_ARMOR;ITEM_WEAR_HEAD;Helmet;Armor;AdminHelmet;nakrycia_glowy;FAŁSZ;ITHE_KOZA_CAP_07;-;ITHE_GS_65;1;3;Gamemaster;FAŁSZ;BRAK;BRAK;BRAK;BRAK;BRAK;BRAK;BRAK;BRAK;BRAK;BRAK;0;0;0;BRAK;BRAK;BRAK;FAŁSZ;BRAK;0;0;;BRAK;BRAK;PRAWDA;5;5;BRAK;BRAK;BRAK;BRAK;BRAK;BRAK;BRAK;BRAK;BRAK;BRAK;Kaletnik;Akcesoria;KOZA_KAPELUSZ_04.3ds;TAK;TAK;TAK;PRAWDA
Wysoki szary kapelusz;101,35;147,90;FAŁSZ;Dla tych, co chcą być wyżsi, ale bez obcasów. Albo dla magów, którzy zgubili szpiczasty kapelusz.;ITEM_CAT_ARMOR;ITEM_WEAR_HEAD;Helmet;Armor;AdminHelmet;nakrycia_glowy;FAŁSZ;ITHE_KOZA_CAP_08;-;ITHE_GS_66;1;3;Gamemaster;FAŁSZ;BRAK;BRAK;BRAK;BRAK;BRAK;BRAK;BRAK;BRAK;BRAK;BRAK;0;0;0;BRAK;BRAK;BRAK;FAŁSZ;BRAK;0;0;;BRAK;BRAK;PRAWDA;5;5;BRAK;BRAK;BRAK;BRAK;BRAK;BRAK;BRAK;BRAK;BRAK;BRAK;Kaletnik;Akcesoria;KOZA_KAPELUSZ_05.3ds;TAK;TAK;TAK;PRAWDA
Biała wysoka fedora z wielkim piórem;101,35;147,90;FAŁSZ;Elegancja z odrobiną kiczu. Wygląda, jakbyś właśnie zszedł z pokładu statku... albo z burdelu.;ITEM_CAT_ARMOR;ITEM_WEAR_HEAD;Helmet;Armor;AdminHelmet;nakrycia_glowy;FAŁSZ;ITHE_KOZA_CAP_10;-;ITHE_GS_67;1;3;Gamemaster;FAŁSZ;BRAK;BRAK;BRAK;BRAK;BRAK;BRAK;BRAK;BRAK;BRAK;BRAK;0;0;0;BRAK;BRAK;BRAK;FAŁSZ;BRAK;0;0;;BRAK;BRAK;PRAWDA;5;5;BRAK;BRAK;BRAK;BRAK;BRAK;BRAK;BRAK;BRAK;BRAK;BRAK;Kaletnik;Akcesoria;KOZA_KAPELUSZ_07.3ds;TAK;TAK;TAK;PRAWDA
Czarny kapelusz poety;101,35;147,90;FAŁSZ;Podobno dodaje inspiracji. Ale raczej nie do pisania poezji, a do narzekania na ciężkie życie.;ITEM_CAT_ARMOR;ITEM_WEAR_HEAD;Helmet;Armor;AdminHelmet;nakrycia_glowy;FAŁSZ;ITHE_KOZA_CAP_13;-;ITHE_GS_68;1;3;Gamemaster;FAŁSZ;BRAK;BRAK;BRAK;BRAK;BRAK;BRAK;BRAK;BRAK;BRAK;BRAK;0;0;0;BRAK;BRAK;BRAK;FAŁSZ;BRAK;0;0;;BRAK;BRAK;PRAWDA;5;5;BRAK;BRAK;BRAK;BRAK;BRAK;BRAK;BRAK;BRAK;BRAK;BRAK;Kaletnik;Akcesoria;KOZA_KAPELUSZ_02_BLACK.3ds;TAK;TAK;TAK;PRAWDA
Brązowy kapelusz poety;101,35;147,90;FAŁSZ;Taki sam jak czarny, tylko mniej pretensjonalny. Idealny do siedzenia w karczmie i udawania, że jesteś artystą.;ITEM_CAT_ARMOR;ITEM_WEAR_HEAD;Helmet;Armor;AdminHelmet;nakrycia_glowy;FAŁSZ;ITHE_KOZA_CAP_05;-;ITHE_GS_69;1;3;Gamemaster;FAŁSZ;BRAK;BRAK;BRAK;BRAK;BRAK;BRAK;BRAK;BRAK;BRAK;BRAK;0;0;0;BRAK;BRAK;BRAK;FAŁSZ;BRAK;0;0;;BRAK;BRAK;PRAWDA;5;5;BRAK;BRAK;BRAK;BRAK;BRAK;BRAK;BRAK;BRAK;BRAK;BRAK;Kaletnik;Akcesoria;KOZA_KAPELUSZ_02.3ds;TAK;TAK;TAK;PRAWDA
Czapka z niedźwiedzia;343,35;450,40;FAŁSZ;Ktoś to nosi? Chyba tylko ktoś, kto naprawdę nie lubi, gdy ludzie się do niego zbliżają. I kto ma spore problemy z higieną.;ITEM_CAT_ARMOR;ITEM_WEAR_HEAD;Helmet;Armor;AdminHelmet;nakrycia_glowy;FAŁSZ;ithe_hk_cap_64;-;ITHE_GS_70;1;3;Gamemaster;FAŁSZ;BRAK;BRAK;BRAK;BRAK;BRAK;BRAK;BRAK;BRAK;BRAK;BRAK;0;0;0;BRAK;BRAK;BRAK;FAŁSZ;BRAK;0;0;;BRAK;BRAK;PRAWDA;5;5;BRAK;BRAK;BRAK;BRAK;BRAK;BRAK;BRAK;BRAK;BRAK;BRAK;Kaletnik;Akcesoria;HK_CAP_BEAR_01.3ds;TAK;TAK;TAK;PRAWDA
Czapka sędziego;#N/D;#N/D;FAŁSZ;Podobno dodaje inspiracji. Ale raczej nie do pisania poezji, a do narzekania na ciężkie życie.;ITEM_CAT_ARMOR;ITEM_WEAR_HEAD;Helmet;Armor;AdminHelmet;nakrycia_glowy;FAŁSZ;BRAK;-;ITHE_GS_70_1;1;3;Gamemaster;FAŁSZ;BRAK;BRAK;BRAK;BRAK;BRAK;BRAK;BRAK;BRAK;BRAK;BRAK;0;0;0;BRAK;BRAK;BRAK;FAŁSZ;BRAK;0;0;;BRAK;BRAK;PRAWDA;5;5;BRAK;BRAK;BRAK;BRAK;BRAK;BRAK;BRAK;BRAK;BRAK;BRAK;Kaletnik;Akcesoria;GS_Judge_Hat.3ds;TAK;TAK;TAK;FAŁSZ
Koczowniczy biały kaptur;BRAK;BRAK;FAŁSZ;Chronił przed słońcem na pustyni. Tutaj chroni przed wścibskimi spojrzeniami. I ewentualnie lekkim deszczem.;ITEM_CAT_ARMOR;ITEM_WEAR_HEAD;Helmet;Armor;AdminHelmet;nakrycia_glowy;FAŁSZ;HELMET_BANDAGE_07;-;ITHE_GS_110;0,5;0;Gamemaster;FAŁSZ;BRAK;BRAK;BRAK;BRAK;BRAK;BRAK;BRAK;BRAK;BRAK;BRAK;0;0;0;BRAK;BRAK;BRAK;FAŁSZ;BRAK;0;0;;BRAK;BRAK;PRAWDA;5;5;BRAK;BRAK;BRAK;BRAK;BRAK;BRAK;BRAK;BRAK;BRAK;BRAK;Kaletnik;Akcesoria;;NIE;TAK;TAK;FAŁSZ
Koczowniczy szary kaptur;BRAK;BRAK;FAŁSZ;Uniwersalny, brudny i nie rzuca się w oczy. Idealny dla tych, co wolą pozostać anonimowi... albo ukryć swoją tożsamość.;ITEM_CAT_ARMOR;ITEM_WEAR_HEAD;Helmet;Armor;AdminHelmet;nakrycia_glowy;FAŁSZ;HELMET_BANDAGE_06;-;ITHE_GS_111;0,5;0;Gamemaster;FAŁSZ;BRAK;BRAK;BRAK;BRAK;BRAK;BRAK;BRAK;BRAK;BRAK;BRAK;0;0;0;BRAK;BRAK;BRAK;FAŁSZ;BRAK;0;0;;BRAK;BRAK;PRAWDA;5;5;BRAK;BRAK;BRAK;BRAK;BRAK;BRAK;BRAK;BRAK;BRAK;BRAK;Kaletnik;Akcesoria;;NIE;TAK;TAK;FAŁSZ
Koczowniczy fioletowy kaptur;BRAK;BRAK;FAŁSZ;Fiolet? Ktoś musiał mieć naprawdę dużo barwników. Chyba że to koczownik ze smykałką do alchemii.;ITEM_CAT_ARMOR;ITEM_WEAR_HEAD;Helmet;Armor;AdminHelmet;nakrycia_glowy;FAŁSZ;HELMET_BANDAGE_05;-;ITHE_GS_112;0,5;0;Gamemaster;FAŁSZ;BRAK;BRAK;BRAK;BRAK;BRAK;BRAK;BRAK;BRAK;BRAK;BRAK;0;0;0;BRAK;BRAK;BRAK;FAŁSZ;BRAK;0;0;;BRAK;BRAK;PRAWDA;5;5;BRAK;BRAK;BRAK;BRAK;BRAK;BRAK;BRAK;BRAK;BRAK;BRAK;Kaletnik;Akcesoria;;NIE;TAK;TAK;FAŁSZ
Koczowniczy żółty kaptur;BRAK;BRAK;FAŁSZ;Podkreśla twoją koczowniczą duszę... albo po prostu fakt, że użyłeś do barwy starej cebuli.;ITEM_CAT_ARMOR;ITEM_WEAR_HEAD;Helmet;Armor;AdminHelmet;nakrycia_glowy;FAŁSZ;HELMET_BANDAGE_04;-;ITHE_GS_113;0,5;0;Gamemaster;FAŁSZ;BRAK;BRAK;BRAK;BRAK;BRAK;BRAK;BRAK;BRAK;BRAK;BRAK;0;0;0;BRAK;BRAK;BRAK;FAŁSZ;BRAK;0;0;;BRAK;BRAK;PRAWDA;5;5;BRAK;BRAK;BRAK;BRAK;BRAK;BRAK;BRAK;BRAK;BRAK;BRAK;Kaletnik;Akcesoria;;NIE;TAK;TAK;FAŁSZ
Koczowniczy niebieski kaptur;BRAK;BRAK;FAŁSZ;Może i nie chroni od zimna, ale za to wygląda, jakbyś miał jakieś magiczne inklinacje. Albo po prostu lubisz niebieski.;ITEM_CAT_ARMOR;ITEM_WEAR_HEAD;Helmet;Armor;AdminHelmet;nakrycia_glowy;FAŁSZ;HELMET_BANDAGE_03;-;ITHE_GS_114;0,5;0;Gamemaster;FAŁSZ;BRAK;BRAK;BRAK;BRAK;BRAK;BRAK;BRAK;BRAK;BRAK;BRAK;0;0;0;BRAK;BRAK;BRAK;FAŁSZ;BRAK;0;0;;BRAK;BRAK;PRAWDA;5;5;BRAK;BRAK;BRAK;BRAK;BRAK;BRAK;BRAK;BRAK;BRAK;BRAK;Kaletnik;Akcesoria;;NIE;TAK;TAK;FAŁSZ
Koczowniczy zielony kaptur;BRAK;BRAK;FAŁSZ;Idealny do ukrycia się w lesie. A także do udawania, że jesteś częścią natury, a nie jej niszczycielem.;ITEM_CAT_ARMOR;ITEM_WEAR_HEAD;Helmet;Armor;AdminHelmet;nakrycia_glowy;FAŁSZ;HELMET_BANDAGE_02;-;ITHE_GS_115;0,5;0;Gamemaster;FAŁSZ;BRAK;BRAK;BRAK;BRAK;BRAK;BRAK;BRAK;BRAK;BRAK;BRAK;0;0;0;BRAK;BRAK;BRAK;FAŁSZ;BRAK;0;0;;BRAK;BRAK;PRAWDA;5;5;BRAK;BRAK;BRAK;BRAK;BRAK;BRAK;BRAK;BRAK;BRAK;BRAK;Kaletnik;Akcesoria;;NIE;TAK;TAK;FAŁSZ
Koczowniczy czerwony kaptur;BRAK;BRAK;FAŁSZ;Dla tych, co lubią rzucać się w oczy, nawet jeśli są koczownikami. Albo dla tych, co chcą udawać groźnych.;ITEM_CAT_ARMOR;ITEM_WEAR_HEAD;Helmet;Armor;AdminHelmet;nakrycia_glowy;FAŁSZ;HELMET_BANDAGE_01;-;ITHE_GS_116;0,5;0;Gamemaster;FAŁSZ;BRAK;BRAK;BRAK;BRAK;BRAK;BRAK;BRAK;BRAK;BRAK;BRAK;0;0;0;BRAK;BRAK;BRAK;FAŁSZ;BRAK;0;0;;BRAK;BRAK;PRAWDA;5;5;BRAK;BRAK;BRAK;BRAK;BRAK;BRAK;BRAK;BRAK;BRAK;BRAK;Kaletnik;Akcesoria;;NIE;TAK;TAK;FAŁSZ
Brązowy kaptur;19,58;25,99;FAŁSZ;Podstawowy, praktyczny i... brudny. Idealny, gdy nie masz nic lepszego, a słońce pali.;ITEM_CAT_ARMOR;ITEM_WEAR_HEAD;Helmet;Armor;AdminHelmet;nakrycia_glowy;FAŁSZ;ITHE_SDRP_HOOD_01;-;ITHE_GS_71;0,5;1;Gamemaster;FAŁSZ;BRAK;BRAK;BRAK;BRAK;BRAK;BRAK;BRAK;BRAK;BRAK;BRAK;0;0;0;BRAK;BRAK;BRAK;FAŁSZ;BRAK;0;0;;BRAK;BRAK;PRAWDA;5;5;BRAK;BRAK;BRAK;BRAK;BRAK;BRAK;BRAK;BRAK;BRAK;BRAK;Kaletnik;Akcesoria;HUM_HELM_2BR.3ds;TAK;TAK;TAK;PRAWDA
Czerwony kaptur;19,58;25,99;FAŁSZ;Świetny, by wyróżniać się w tłumie. 'To ja, ten w czerwonym kapturze, co właśnie skradł twój portfel!;ITEM_CAT_ARMOR;ITEM_WEAR_HEAD;Helmet;Armor;AdminHelmet;nakrycia_glowy;FAŁSZ;ITHE_SDRP_HOOD_02;-;ITHE_GS_72;0,5;1;Gamemaster;FAŁSZ;BRAK;BRAK;BRAK;BRAK;BRAK;BRAK;BRAK;BRAK;BRAK;BRAK;0;0;0;BRAK;BRAK;BRAK;FAŁSZ;BRAK;0;0;;BRAK;BRAK;PRAWDA;5;5;BRAK;BRAK;BRAK;BRAK;BRAK;BRAK;BRAK;BRAK;BRAK;BRAK;Kaletnik;Akcesoria;HUM_HELM_2CZ.3ds;TAK;TAK;TAK;PRAWDA
Czarny kaptur;19,58;25,99;FAŁSZ;Klasyka dla złodziei i skrytobójców. Niewidzialny w nocy... chyba że jest pełnia.;ITEM_CAT_ARMOR;ITEM_WEAR_HEAD;Helmet;Armor;AdminHelmet;nakrycia_glowy;FAŁSZ;ITHE_SDRP_HOOD_03;-;ITHE_GS_73;0,5;1;Gamemaster;FAŁSZ;BRAK;BRAK;BRAK;BRAK;BRAK;BRAK;BRAK;BRAK;BRAK;BRAK;0;0;0;BRAK;BRAK;BRAK;FAŁSZ;BRAK;0;0;;BRAK;BRAK;PRAWDA;5;5;BRAK;BRAK;BRAK;BRAK;BRAK;BRAK;BRAK;BRAK;BRAK;BRAK;Kaletnik;Akcesoria;HUM_HELM_2CZAR.3ds;TAK;TAK;TAK;PRAWDA
Fioletowy kaptur;19,58;25,99;FAŁSZ;Jeśli chcesz wyglądać na maga, ale jedyne, co potrafisz, to rzucać kamieniami. Albo po prostu lubisz ten kolor.;ITEM_CAT_ARMOR;ITEM_WEAR_HEAD;Helmet;Armor;AdminHelmet;nakrycia_glowy;FAŁSZ;ITHE_SDRP_HOOD_04;-;ITHE_GS_74;0,5;1;Gamemaster;FAŁSZ;BRAK;BRAK;BRAK;BRAK;BRAK;BRAK;BRAK;BRAK;BRAK;BRAK;0;0;0;BRAK;BRAK;BRAK;FAŁSZ;BRAK;0;0;;BRAK;BRAK;PRAWDA;5;5;BRAK;BRAK;BRAK;BRAK;BRAK;BRAK;BRAK;BRAK;BRAK;BRAK;Kaletnik;Akcesoria;HUM_HELM_2FIOL.3ds;TAK;TAK;TAK;PRAWDA
Jasnoczerwony kaptur;19,58;25,99;FAŁSZ;Bardziej rzuca się w oczy niż zwykły czerwony. Idealny, gdy chcesz być zauważony, zanim zginiesz.;ITEM_CAT_ARMOR;ITEM_WEAR_HEAD;Helmet;Armor;AdminHelmet;nakrycia_glowy;FAŁSZ;ITHE_SDRP_HOOD_05;-;ITHE_GS_75;0,5;1;Gamemaster;FAŁSZ;BRAK;BRAK;BRAK;BRAK;BRAK;BRAK;BRAK;BRAK;BRAK;BRAK;0;0;0;BRAK;BRAK;BRAK;FAŁSZ;BRAK;0;0;;BRAK;BRAK;PRAWDA;5;5;BRAK;BRAK;BRAK;BRAK;BRAK;BRAK;BRAK;BRAK;BRAK;BRAK;Kaletnik;Akcesoria;HUM_HELM_2JCZ.3ds;TAK;TAK;TAK;PRAWDA
Niebieski kaptur;19,58;25,99;FAŁSZ;Może cię pomylą z magiem wody? Szanse niewielkie, ale zawsze jest nadzieja.;ITEM_CAT_ARMOR;ITEM_WEAR_HEAD;Helmet;Armor;AdminHelmet;nakrycia_glowy;FAŁSZ;ITHE_SDRP_HOOD_06;-;ITHE_GS_76;0,5;1;Gamemaster;FAŁSZ;BRAK;BRAK;BRAK;BRAK;BRAK;BRAK;BRAK;BRAK;BRAK;BRAK;0;0;0;BRAK;BRAK;BRAK;FAŁSZ;BRAK;0;0;;BRAK;BRAK;PRAWDA;5;5;BRAK;BRAK;BRAK;BRAK;BRAK;BRAK;BRAK;BRAK;BRAK;BRAK;Kaletnik;Akcesoria;HUM_HELM_2Nie.3ds;TAK;TAK;TAK;PRAWDA
Różowy kaptur;19,58;25,99;FAŁSZ;Tylko dla odważnych... albo dla tych, którzy przegrali zakład. Przyciąga wzrok każdego.;ITEM_CAT_ARMOR;ITEM_WEAR_HEAD;Helmet;Armor;AdminHelmet;nakrycia_glowy;FAŁSZ;ITHE_SDRP_HOOD_08;-;ITHE_GS_77;0,5;1;Gamemaster;FAŁSZ;BRAK;BRAK;BRAK;BRAK;BRAK;BRAK;BRAK;BRAK;BRAK;BRAK;0;0;0;BRAK;BRAK;BRAK;FAŁSZ;BRAK;0;0;;BRAK;BRAK;PRAWDA;5;5;BRAK;BRAK;BRAK;BRAK;BRAK;BRAK;BRAK;BRAK;BRAK;BRAK;Kaletnik;Akcesoria;HUM_HELM_2ROZ.3ds;TAK;TAK;TAK;PRAWDA
Bagnisto-zielony kaptur;19,58;25,99;FAŁSZ;Pachnie jak bagno i wygląda jak bagno. Idealny, jeśli chcesz się zamaskować... w bagnie.;ITEM_CAT_ARMOR;ITEM_WEAR_HEAD;Helmet;Armor;AdminHelmet;nakrycia_glowy;FAŁSZ;ITHE_SDRP_HOOD_09;-;ITHE_GS_78;0,5;1;Gamemaster;FAŁSZ;BRAK;BRAK;BRAK;BRAK;BRAK;BRAK;BRAK;BRAK;BRAK;BRAK;0;0;0;BRAK;BRAK;BRAK;FAŁSZ;BRAK;0;0;;BRAK;BRAK;PRAWDA;5;5;BRAK;BRAK;BRAK;BRAK;BRAK;BRAK;BRAK;BRAK;BRAK;BRAK;Kaletnik;Akcesoria;HUM_HELM_2SRA.3ds;TAK;TAK;TAK;PRAWDA
Zielony kaptur;19,58;25,99;FAŁSZ;Dla myśliwych i tych, co chcą zniknąć w lesie. Albo dla tych, co nie znoszą słońca.;ITEM_CAT_ARMOR;ITEM_WEAR_HEAD;Helmet;Armor;AdminHelmet;nakrycia_glowy;FAŁSZ;ITHE_SDRP_HOOD_10;-;ITHE_GS_79;0,5;1;Gamemaster;FAŁSZ;BRAK;BRAK;BRAK;BRAK;BRAK;BRAK;BRAK;BRAK;BRAK;BRAK;0;0;0;BRAK;BRAK;BRAK;FAŁSZ;BRAK;0;0;;BRAK;BRAK;PRAWDA;5;5;BRAK;BRAK;BRAK;BRAK;BRAK;BRAK;BRAK;BRAK;BRAK;BRAK;Kaletnik;Akcesoria;HUM_HELM_2ZIEL.3ds;TAK;TAK;TAK;PRAWDA
Szary kaptur;19,58;25,99;FAŁSZ;Podstawowy wybór dla każdego, kto chce być anonimowy. Albo po prostu nie stać go na nic lepszego.;ITEM_CAT_ARMOR;ITEM_WEAR_HEAD;Helmet;Armor;AdminHelmet;nakrycia_glowy;FAŁSZ;ITHE_SDRP_HOOD_11;-;ITHE_GS_80;0,5;1;Gamemaster;FAŁSZ;BRAK;BRAK;BRAK;BRAK;BRAK;BRAK;BRAK;BRAK;BRAK;BRAK;0;0;0;BRAK;BRAK;BRAK;FAŁSZ;BRAK;0;0;;BRAK;BRAK;PRAWDA;5;5;BRAK;BRAK;BRAK;BRAK;BRAK;BRAK;BRAK;BRAK;BRAK;BRAK;Kaletnik;Akcesoria;HUM_HELM_2ZOL.3ds;TAK;TAK;TAK;PRAWDA
Ciemny skórzany kaptur;19,58;25,99;FAŁSZ;Praktyczny i wytrzymały. I prawdopodobnie noszony przez kogoś, kto ma coś do ukrycia.;ITEM_CAT_ARMOR;ITEM_WEAR_HEAD;Helmet;Armor;AdminHelmet;nakrycia_glowy;FAŁSZ;ITHE_SDRP_HOOD_32;-;ITHE_GS_81;0,5;1;Gamemaster;FAŁSZ;BRAK;BRAK;BRAK;BRAK;BRAK;BRAK;BRAK;BRAK;BRAK;BRAK;0;0;0;BRAK;BRAK;BRAK;FAŁSZ;BRAK;0;0;;BRAK;BRAK;PRAWDA;5;5;BRAK;BRAK;BRAK;BRAK;BRAK;BRAK;BRAK;BRAK;BRAK;BRAK;Kaletnik;Akcesoria;SYN_HOOD_04.3ds;TAK;TAK;TAK;PRAWDA
Ciemny futrzany kaptur;26,81;36,19;FAŁSZ;Ciepły i wygodny. Jeśli jesteś zimoródkiem, to jest to dla ciebie. I śmierdzi zwierzęciem.;ITEM_CAT_ARMOR;ITEM_WEAR_HEAD;Helmet;Armor;AdminHelmet;nakrycia_glowy;FAŁSZ;ITHE_SDRP_HOOD_30;-;ITHE_GS_82;0,5;1;Gamemaster;FAŁSZ;BRAK;BRAK;BRAK;BRAK;BRAK;BRAK;BRAK;BRAK;BRAK;BRAK;0;0;0;BRAK;BRAK;BRAK;FAŁSZ;BRAK;0;0;;BRAK;BRAK;PRAWDA;5;5;BRAK;BRAK;BRAK;BRAK;BRAK;BRAK;BRAK;BRAK;BRAK;BRAK;Kaletnik;Akcesoria;SYN_HOOD_02.3ds;TAK;TAK;TAK;PRAWDA
Skórzany kaptur;18,75;22,21;FAŁSZ;Wytrzymały i zapewnia podstawową ochronę. Ale nie przed orkami.;ITEM_CAT_ARMOR;ITEM_WEAR_HEAD;Helmet;Armor;AdminHelmet;nakrycia_glowy;FAŁSZ;ITHE_SDRP_HOOD_31;-;ITHE_GS_83;0,5;1;Gamemaster;FAŁSZ;BRAK;BRAK;BRAK;BRAK;BRAK;BRAK;BRAK;BRAK;BRAK;BRAK;0;0;0;BRAK;BRAK;BRAK;FAŁSZ;BRAK;0;0;;BRAK;BRAK;PRAWDA;5;5;BRAK;BRAK;BRAK;BRAK;BRAK;BRAK;BRAK;BRAK;BRAK;BRAK;Kaletnik;Akcesoria;SYN_HOOD_03.3ds;TAK;TAK;TAK;PRAWDA
Futrzany kaptur;18,75;22,21;FAŁSZ;Futrzany kapturZapewnia ciepło w zimie. Ale także sprawia, że wyglądasz, jakbyś właśnie wyszedł z jaskini.;ITEM_CAT_ARMOR;ITEM_WEAR_HEAD;Helmet;Armor;AdminHelmet;nakrycia_glowy;FAŁSZ;ITHE_SDRP_HOOD_29;-;ITHE_GS_84;0,5;1;Gamemaster;FAŁSZ;BRAK;BRAK;BRAK;BRAK;BRAK;BRAK;BRAK;BRAK;BRAK;BRAK;0;0;0;BRAK;BRAK;BRAK;FAŁSZ;BRAK;0;0;;BRAK;BRAK;PRAWDA;5;5;BRAK;BRAK;BRAK;BRAK;BRAK;BRAK;BRAK;BRAK;BRAK;BRAK;Kaletnik;Akcesoria;SYN_HOOD_01.3ds;TAK;TAK;TAK;PRAWDA
Kaptur kata;52,27;84,97;FAŁSZ;Nie ma lepszego sposobu, by ludzie trzymali się od ciebie z daleka. Prawdopodobnie nadal pachnie krwią.;ITEM_CAT_ARMOR;ITEM_WEAR_HEAD;Helmet;Armor;AdminHelmet;nakrycia_glowy;FAŁSZ;ITHE_SDRP_HOOD_28;-;ITHE_GS_85;0,5;2;Gamemaster;FAŁSZ;BRAK;BRAK;BRAK;BRAK;BRAK;BRAK;BRAK;BRAK;BRAK;BRAK;0;0;0;BRAK;BRAK;BRAK;FAŁSZ;BRAK;0;0;;BRAK;BRAK;PRAWDA;5;5;BRAK;BRAK;BRAK;BRAK;BRAK;BRAK;BRAK;BRAK;BRAK;BRAK;Kaletnik;Akcesoria;Kat.3ds;TAK;TAK;TAK;PRAWDA
Zwyczajny kaptur;52,27;84,97;FAŁSZ;Właśnie to. Zwyczajny. Nie wyróżnia się. I pewnie dlatego go masz.;ITEM_CAT_ARMOR;ITEM_WEAR_HEAD;Helmet;Armor;AdminHelmet;nakrycia_glowy;FAŁSZ;ITHE_SDRP_HOOD_26;-;ITHE_GS_86;0,5;2;Gamemaster;FAŁSZ;BRAK;BRAK;BRAK;BRAK;BRAK;BRAK;BRAK;BRAK;BRAK;BRAK;0;0;0;BRAK;BRAK;BRAK;FAŁSZ;BRAK;0;0;;BRAK;BRAK;PRAWDA;5;5;BRAK;BRAK;BRAK;BRAK;BRAK;BRAK;BRAK;BRAK;BRAK;BRAK;Kaletnik;Akcesoria;ITHL_HOOD_S_THIEVESGUILD_MASTER.3ds;TAK;TAK;TAK;PRAWDA
Kaptur gildii;52,27;84,97;FAŁSZ;Pokaż przynależność! Ale uważaj, bo nie wszyscy lubią twoją gildię.;ITEM_CAT_ARMOR;ITEM_WEAR_HEAD;Helmet;Armor;AdminHelmet;nakrycia_glowy;FAŁSZ;ITHE_SDRP_HOOD_25;-;ITHE_GS_87;0,5;2;Gamemaster;FAŁSZ;BRAK;BRAK;BRAK;BRAK;BRAK;BRAK;BRAK;BRAK;BRAK;BRAK;0;0;0;BRAK;BRAK;BRAK;FAŁSZ;BRAK;0;0;;BRAK;BRAK;PRAWDA;5;5;BRAK;BRAK;BRAK;BRAK;BRAK;BRAK;BRAK;BRAK;BRAK;BRAK;Kaletnik;Akcesoria;kapturgildii.3ds;TAK;TAK;TAK;PRAWDA
Długi czerwony kaptur;52,27;84,97;FAŁSZ;Dla tych, co lubią dramatyzm. I chcą, żeby wszyscy widzieli ich z daleka. Idealny do rzucania uroków.;ITEM_CAT_ARMOR;ITEM_WEAR_HEAD;Helmet;Armor;AdminHelmet;nakrycia_glowy;FAŁSZ;ITHE_SDRP_HOOD_27;-;ITHE_GS_88;0,5;2;Gamemaster;FAŁSZ;BRAK;BRAK;BRAK;BRAK;BRAK;BRAK;BRAK;BRAK;BRAK;BRAK;0;0;0;BRAK;BRAK;BRAK;FAŁSZ;BRAK;0;0;;BRAK;BRAK;PRAWDA;5;5;BRAK;BRAK;BRAK;BRAK;BRAK;BRAK;BRAK;BRAK;BRAK;BRAK;Kaletnik;Akcesoria;Giermek.3ds;TAK;TAK;TAK;PRAWDA
Brązowa chusta;18,75;22,21;FAŁSZ;Podstawowa ochrona przed kurzem i słońcem. Albo przed rozpoznaniem.;ITEM_CAT_MASK;-;Mask;Mask;AdminMask;mask;FAŁSZ;ITHE_SDRP_MASK_01;-;ITAC_GS_MASK_01;0,2;1;Gamemaster;PRAWDA;BRAK;BRAK;BRAK;BRAK;BRAK;BRAK;BRAK;BRAK;BRAK;BRAK;0;0;0;BRAK;BRAK;BRAK;FAŁSZ;BRAK;0;0;;BRAK;BRAK;PRAWDA;5;5;BRAK;BRAK;BRAK;BRAK;BRAK;BRAK;BRAK;BRAK;BRAK;BRAK;Kaletnik;Akcesoria;CHUSTA_BR.3ds;TAK;TAK;TAK;PRAWDA
Czerwona chusta;18,75;22,21;FAŁSZ;Dla tych, co lubią dodawać koloru do swojego życia. Nawet jeśli to tylko kawałek materiału.;ITEM_CAT_MASK;-;Mask;Mask;AdminMask;mask;FAŁSZ;ITHE_SDRP_MASK_02;-;ITAC_GS_MASK_02;0,2;1;Gamemaster;PRAWDA;BRAK;BRAK;BRAK;BRAK;BRAK;BRAK;BRAK;BRAK;BRAK;BRAK;0;0;0;BRAK;BRAK;BRAK;FAŁSZ;BRAK;0;0;;BRAK;BRAK;PRAWDA;5;5;BRAK;BRAK;BRAK;BRAK;BRAK;BRAK;BRAK;BRAK;BRAK;BRAK;Kaletnik;Akcesoria;CHUSTA_CZ.3ds;TAK;TAK;TAK;PRAWDA
Czarna chusta;12,36;15,80;FAŁSZ;Dyskretna i tajemnicza. Idealna dla tych, co nie chcą, by ich twarz była widoczna.;ITEM_CAT_MASK;-;Mask;Mask;AdminMask;mask;FAŁSZ;ITHE_SDRP_MASK_03;-;ITAC_GS_MASK_03;0,2;1;Gamemaster;PRAWDA;BRAK;BRAK;BRAK;BRAK;BRAK;BRAK;BRAK;BRAK;BRAK;BRAK;0;0;0;BRAK;BRAK;BRAK;FAŁSZ;BRAK;0;0;;BRAK;BRAK;PRAWDA;5;5;BRAK;BRAK;BRAK;BRAK;BRAK;BRAK;BRAK;BRAK;BRAK;BRAK;Kaletnik;Akcesoria;CHUSTA_CZAR.3ds;TAK;TAK;TAK;PRAWDA
Fioletowa chusta;12,36;15,80;FAŁSZ;Może i wygląda dziwnie, ale przynajmniej wyróżnia się. Ktoś musiał ją ukraść od maga.;ITEM_CAT_MASK;-;Mask;Mask;AdminMask;mask;FAŁSZ;ITHE_SDRP_MASK_04;-;ITAC_GS_MASK_04;0,2;1;Gamemaster;PRAWDA;BRAK;BRAK;BRAK;BRAK;BRAK;BRAK;BRAK;BRAK;BRAK;BRAK;0;0;0;BRAK;BRAK;BRAK;FAŁSZ;BRAK;0;0;;BRAK;BRAK;PRAWDA;5;5;BRAK;BRAK;BRAK;BRAK;BRAK;BRAK;BRAK;BRAK;BRAK;BRAK;Kaletnik;Akcesoria;CHUSTA_FIOL.3ds;TAK;TAK;TAK;PRAWDA
Jasnoczerwona chusta;12,36;15,80;FAŁSZ;Krzyczy 'Jestem tutaj!' Idealna dla tych, co chcą zaimponować... albo paść ofiarą bandytów.;ITEM_CAT_MASK;-;Mask;Mask;AdminMask;mask;FAŁSZ;ITHE_SDRP_MASK_05;-;ITAC_GS_MASK_05;0,2;1;Gamemaster;PRAWDA;BRAK;BRAK;BRAK;BRAK;BRAK;BRAK;BRAK;BRAK;BRAK;BRAK;0;0;0;BRAK;BRAK;BRAK;FAŁSZ;BRAK;0;0;;BRAK;BRAK;PRAWDA;5;5;BRAK;BRAK;BRAK;BRAK;BRAK;BRAK;BRAK;BRAK;BRAK;BRAK;Kaletnik;Akcesoria;CHUSTA_JCZ.3ds;TAK;TAK;TAK;PRAWDA
Niebieska chusta;12,36;15,80;FAŁSZ;Dla tych, co tęskni za morzem. Albo po prostu lubią niebieski.;ITEM_CAT_MASK;-;Mask;Mask;AdminMask;mask;FAŁSZ;ITHE_SDRP_MASK_06;-;ITAC_GS_MASK_06;0,2;1;Gamemaster;PRAWDA;BRAK;BRAK;BRAK;BRAK;BRAK;BRAK;BRAK;BRAK;BRAK;BRAK;0;0;0;BRAK;BRAK;BRAK;FAŁSZ;BRAK;0;0;;BRAK;BRAK;PRAWDA;5;5;BRAK;BRAK;BRAK;BRAK;BRAK;BRAK;BRAK;BRAK;BRAK;BRAK;Kaletnik;Akcesoria;CHUSTA_NIE.3ds;TAK;TAK;TAK;PRAWDA
Różowa chusta;12,36;15,80;FAŁSZ;Odwaga, by ją nosić w Myrtanie, jest godna podziwu. Albo szaleństwo.;ITEM_CAT_MASK;-;Mask;Mask;AdminMask;mask;FAŁSZ;ITHE_SDRP_MASK_08;-;ITAC_GS_MASK_07;0,2;1;Gamemaster;PRAWDA;BRAK;BRAK;BRAK;BRAK;BRAK;BRAK;BRAK;BRAK;BRAK;BRAK;0;0;0;BRAK;BRAK;BRAK;FAŁSZ;BRAK;0;0;;BRAK;BRAK;PRAWDA;5;5;BRAK;BRAK;BRAK;BRAK;BRAK;BRAK;BRAK;BRAK;BRAK;BRAK;Kaletnik;Akcesoria;CHUSTA_ROZ.3ds;TAK;TAK;TAK;PRAWDA
Bagnisto-zielona chusta;12,36;15,80;FAŁSZ;Wygląda, jakbyś ją wyciągnął z bagna. I pewnie tak było.;ITEM_CAT_MASK;-;Mask;Mask;AdminMask;mask;FAŁSZ;ITHE_SDRP_MASK_24;-;ITAC_GS_MASK_08;0,2;1;Gamemaster;PRAWDA;BRAK;BRAK;BRAK;BRAK;BRAK;BRAK;BRAK;BRAK;BRAK;BRAK;0;0;0;BRAK;BRAK;BRAK;FAŁSZ;BRAK;0;0;;BRAK;BRAK;PRAWDA;5;5;BRAK;BRAK;BRAK;BRAK;BRAK;BRAK;BRAK;BRAK;BRAK;BRAK;Kaletnik;Akcesoria;CHUSTA_SRA.3ds;TAK;TAK;TAK;PRAWDA
Zielona chusta;12,36;15,80;FAŁSZ;Dla myśliwych i tych, co chcą zniknąć w lesie. Albo po prostu lubią zieleń.;ITEM_CAT_MASK;-;Mask;Mask;AdminMask;mask;FAŁSZ;ITHE_SDRP_MASK_26;-;ITAC_GS_MASK_09;0,2;1;Gamemaster;PRAWDA;BRAK;BRAK;BRAK;BRAK;BRAK;BRAK;BRAK;BRAK;BRAK;BRAK;0;0;0;BRAK;BRAK;BRAK;FAŁSZ;BRAK;0;0;;BRAK;BRAK;PRAWDA;5;5;BRAK;BRAK;BRAK;BRAK;BRAK;BRAK;BRAK;BRAK;BRAK;BRAK;Kaletnik;Akcesoria;CHUSTA_ZIEL.3ds;TAK;TAK;TAK;PRAWDA
Szara chusta;12,36;15,80;FAŁSZ;Uniwersalna i nudna. Ale przynajmniej spełnia swoje zadanie.;ITEM_CAT_MASK;-;Mask;Mask;AdminMask;mask;FAŁSZ;ITHE_SDRP_MASK_25;-;ITAC_GS_MASK_10;0,2;1;Gamemaster;PRAWDA;BRAK;BRAK;BRAK;BRAK;BRAK;BRAK;BRAK;BRAK;BRAK;BRAK;0;0;0;BRAK;BRAK;BRAK;FAŁSZ;BRAK;0;0;;BRAK;BRAK;PRAWDA;5;5;BRAK;BRAK;BRAK;BRAK;BRAK;BRAK;BRAK;BRAK;BRAK;BRAK;Kaletnik;Akcesoria;CHUSTA_SZ.3ds;TAK;TAK;TAK;PRAWDA
Brązowa maska z kapturem;60,69;86,34;FAŁSZ;Ukrywa twarz i dodaje tajemniczości. Idealna, gdy chcesz działać w cieniu.;ITEM_CAT_MASK;-;Mask;Mask;AdminMask;mask;FAŁSZ;ITHE_SDRP_HOOD_13;-;ITHE_GS_89;0,2;2;Gamemaster;PRAWDA;BRAK;BRAK;BRAK;BRAK;BRAK;BRAK;BRAK;BRAK;BRAK;BRAK;0;0;0;BRAK;BRAK;BRAK;FAŁSZ;BRAK;0;0;;BRAK;BRAK;PRAWDA;5;5;BRAK;BRAK;BRAK;BRAK;BRAK;BRAK;BRAK;BRAK;BRAK;BRAK;Kaletnik;Akcesoria;MASK_BR.3ds;TAK;TAK;TAK;PRAWDA
Czerwona maska z kapturem;60,69;86,34;FAŁSZ;Dla tych, co lubią wyglądać groźnie i nie boją się rzucać w oczy. Albo dla tych, co uciekają przed prawem.;ITEM_CAT_MASK;-;Mask;Mask;AdminMask;mask;FAŁSZ;ITHE_SDRP_HOOD_14;-;ITHE_GS_90;0,2;2;Gamemaster;PRAWDA;BRAK;BRAK;BRAK;BRAK;BRAK;BRAK;BRAK;BRAK;BRAK;BRAK;0;0;0;BRAK;BRAK;BRAK;FAŁSZ;BRAK;0;0;;BRAK;BRAK;PRAWDA;5;5;BRAK;BRAK;BRAK;BRAK;BRAK;BRAK;BRAK;BRAK;BRAK;BRAK;Kaletnik;Akcesoria;MASK_CZ.3ds;TAK;TAK;TAK;PRAWDA
Czarna maska z kapturem;54,31;78,65;FAŁSZ;Klasyka dla złodziei i skrytobójców. Niewidzialna w nocy... prawie.;ITEM_CAT_MASK;-;Mask;Mask;AdminMask;mask;FAŁSZ;ITHE_SDRP_HOOD_15;-;ITHE_GS_91;0,2;2;Gamemaster;PRAWDA;BRAK;BRAK;BRAK;BRAK;BRAK;BRAK;BRAK;BRAK;BRAK;BRAK;0;0;0;BRAK;BRAK;BRAK;FAŁSZ;BRAK;0;0;;BRAK;BRAK;PRAWDA;5;5;BRAK;BRAK;BRAK;BRAK;BRAK;BRAK;BRAK;BRAK;BRAK;BRAK;Kaletnik;Akcesoria;MASK_CZAR.3ds;TAK;TAK;TAK;PRAWDA
Fioletowa maska z kapturem;54,31;78,65;FAŁSZ;Dla tych, co chcą wyglądać magicznie, nawet jeśli jedyne, co potrafią, to splunąć.;ITEM_CAT_MASK;-;Mask;Mask;AdminMask;mask;FAŁSZ;ITHE_SDRP_HOOD_16;-;ITHE_GS_92;0,2;2;Gamemaster;PRAWDA;BRAK;BRAK;BRAK;BRAK;BRAK;BRAK;BRAK;BRAK;BRAK;BRAK;0;0;0;BRAK;BRAK;BRAK;FAŁSZ;BRAK;0;0;;BRAK;BRAK;PRAWDA;5;5;BRAK;BRAK;BRAK;BRAK;BRAK;BRAK;BRAK;BRAK;BRAK;BRAK;Kaletnik;Akcesoria;MASK_FIOL.3ds;TAK;TAK;TAK;PRAWDA
Jasnoczerwona maska maska z kapturem;54,31;78,65;FAŁSZ;Jeśli chcesz być zauważony, zanim zginiesz, to jest to. Wygląda, jakbyś właśnie wyszedł z masakry.;ITEM_CAT_MASK;-;Mask;Mask;AdminMask;mask;FAŁSZ;ITHE_SDRP_HOOD_17;-;ITHE_GS_93;0,2;2;Gamemaster;PRAWDA;BRAK;BRAK;BRAK;BRAK;BRAK;BRAK;BRAK;BRAK;BRAK;BRAK;0;0;0;BRAK;BRAK;BRAK;FAŁSZ;BRAK;0;0;;BRAK;BRAK;PRAWDA;5;5;BRAK;BRAK;BRAK;BRAK;BRAK;BRAK;BRAK;BRAK;BRAK;BRAK;Kaletnik;Akcesoria;MASK_JCZ.3ds;TAK;TAK;TAK;PRAWDA
Różowa maska maska z kapturem;54,31;78,65;FAŁSZ;Albo masz niesamowite poczucie humoru, albo naprawdę nie zależy ci na tym, żeby brać cię na poważnie.;ITEM_CAT_MASK;-;Mask;Mask;AdminMask;mask;FAŁSZ;ITHE_SDRP_HOOD_20;-;ITHE_GS_94;0,2;2;Gamemaster;PRAWDA;BRAK;BRAK;BRAK;BRAK;BRAK;BRAK;BRAK;BRAK;BRAK;BRAK;0;0;0;BRAK;BRAK;BRAK;FAŁSZ;BRAK;0;0;;BRAK;BRAK;PRAWDA;5;5;BRAK;BRAK;BRAK;BRAK;BRAK;BRAK;BRAK;BRAK;BRAK;BRAK;Kaletnik;Akcesoria;MASK_ROZ.3ds;TAK;TAK;TAK;PRAWDA
Bagnisto-zielona maska maska z kapturem;54,31;78,65;FAŁSZ;Wygląda, jakbyś właśnie wyszedł z bagna i zabrał sobie kawałek mchu na twarz. Idealna do maskowania zapachu.;ITEM_CAT_MASK;-;Mask;Mask;AdminMask;mask;FAŁSZ;ITHE_SDRP_HOOD_21;-;ITHE_GS_95;0,2;2;Gamemaster;PRAWDA;BRAK;BRAK;BRAK;BRAK;BRAK;BRAK;BRAK;BRAK;BRAK;BRAK;0;0;0;BRAK;BRAK;BRAK;FAŁSZ;BRAK;0;0;;BRAK;BRAK;PRAWDA;5;5;BRAK;BRAK;BRAK;BRAK;BRAK;BRAK;BRAK;BRAK;BRAK;BRAK;Kaletnik;Akcesoria;MASK_SRA.3ds;TAK;TAK;TAK;PRAWDA
Szara maska maska z kapturem;47,08;66,42;FAŁSZ;Nudna, ale skuteczna. Idealna do wtapiania się w tłum. I do ukrywania, że właśnie zjadłeś śniadanie ze szczura.;ITEM_CAT_MASK;-;Mask;Mask;AdminMask;mask;FAŁSZ;ITHE_SDRP_HOOD_22;-;ITHE_GS_96;0,2;2;Gamemaster;PRAWDA;BRAK;BRAK;BRAK;BRAK;BRAK;BRAK;BRAK;BRAK;BRAK;BRAK;0;0;0;BRAK;BRAK;BRAK;FAŁSZ;BRAK;0;0;;BRAK;BRAK;PRAWDA;5;5;BRAK;BRAK;BRAK;BRAK;BRAK;BRAK;BRAK;BRAK;BRAK;BRAK;Kaletnik;Akcesoria;MASK_SZ.3ds;TAK;TAK;TAK;PRAWDA
Kosz z zielem;36,50;44,13;FAŁSZ;Dla zielarzy i tych, co zbierają grzyby. Prawdopodobnie ma w środku coś bardzo podejrzanego.;ITEM_CAT_BACKPACK;-;Backpack;Accessory;AdminBackpack;backpack;FAŁSZ;ITUS_SDRP_ACS_02;-;ITAC_GS_BP_01;3;1;Gamemaster;FAŁSZ;BRAK;BRAK;BRAK;BRAK;BRAK;BRAK;BRAK;BRAK;BRAK;BRAK;0;0;0;BRAK;BRAK;BRAK;FAŁSZ;BRAK;0;0;;BRAK;BRAK;PRAWDA;5;5;BRAK;BRAK;BRAK;BRAK;BRAK;BRAK;BRAK;BRAK;BRAK;BRAK;Kaletnik;Akcesoria;STATIC_kosz_ziele1.3ds;TAK;TAK;TAK;PRAWDA
Koszyk górnika;36,50;44,13;FAŁSZ;Solidny i wytrzymały. Idealny do przenoszenia rudy... albo kilku butelek piwa.;ITEM_CAT_BACKPACK;-;Backpack;Accessory;AdminBackpack;backpack;FAŁSZ;ITUS_SDRP_ACS_03;-;ITAC_GS_BP_02;3;1;Gamemaster;FAŁSZ;BRAK;BRAK;BRAK;BRAK;BRAK;BRAK;BRAK;BRAK;BRAK;BRAK;0;0;0;BRAK;BRAK;BRAK;FAŁSZ;BRAK;0;0;;BRAK;BRAK;PRAWDA;5;5;BRAK;BRAK;BRAK;BRAK;BRAK;BRAK;BRAK;BRAK;BRAK;BRAK;Kaletnik;Akcesoria;STATIC_kosz_gornika.3ds;TAK;TAK;TAK;PRAWDA
Kosz na ryby;36,50;44,13;FAŁSZ;Pachnie rybami, nawet jeśli jest pusty. Znak, że ktoś próbuje przeżyć z tego, co da morze.;ITEM_CAT_BACKPACK;-;Backpack;Accessory;AdminBackpack;backpack;FAŁSZ;ITUS_SDRP_ACS_15;-;ITAC_GS_BP_03;3;1;Gamemaster;FAŁSZ;BRAK;BRAK;BRAK;BRAK;BRAK;BRAK;BRAK;BRAK;BRAK;BRAK;0;0;0;BRAK;BRAK;BRAK;FAŁSZ;BRAK;0;0;;BRAK;BRAK;PRAWDA;5;5;BRAK;BRAK;BRAK;BRAK;BRAK;BRAK;BRAK;BRAK;BRAK;BRAK;Kaletnik;Akcesoria;STATIC_kryby_fix.3ds;TAK;TAK;TAK;PRAWDA
Plecak z drewnem;48,50;60,23;FAŁSZ;Dla drwali i tych, co próbują się ogrzać w nocy. Ciężki i niewygodny, jak życie w Myrtanie.;ITEM_CAT_BACKPACK;-;Backpack;Accessory;AdminBackpack;backpack;FAŁSZ;ITUS_SDRP_ACS_21;-;ITAC_GS_BP_04;3;1;Gamemaster;FAŁSZ;BRAK;BRAK;BRAK;BRAK;BRAK;BRAK;BRAK;BRAK;BRAK;BRAK;0;0;0;BRAK;BRAK;BRAK;FAŁSZ;BRAK;0;0;;BRAK;BRAK;PRAWDA;5;5;BRAK;BRAK;BRAK;BRAK;BRAK;BRAK;BRAK;BRAK;BRAK;BRAK;Kaletnik;Akcesoria;STATIC_PLECAKDREWNO.3ds;TAK;TAK;TAK;PRAWDA
Sieci rybackie;37,36;47,14;FAŁSZ;Nie do noszenia na plecach, ale do zarabiania na życie. Albo do łapania orków w pułapki, jeśli masz fantazję.;ITEM_CAT_BACKPACK;-;Backpack;Accessory;AdminBackpack;backpack;FAŁSZ;ITUS_SDRP_ACS_34;-;ITAC_GS_BP_05;3;1;Gamemaster;FAŁSZ;BRAK;BRAK;BRAK;BRAK;BRAK;BRAK;BRAK;BRAK;BRAK;BRAK;0;0;0;BRAK;BRAK;BRAK;FAŁSZ;BRAK;0;0;;BRAK;BRAK;PRAWDA;5;5;BRAK;BRAK;BRAK;BRAK;BRAK;BRAK;BRAK;BRAK;BRAK;BRAK;Kaletnik;Akcesoria;STATIC_Sieci.3ds;TAK;TAK;TAK;PRAWDA
Skórzana torba;51,00;60,38;FAŁSZ;Solidna i niezawodna. Pomieści wszystkie twoje skarby... dopóki ktoś ci jej nie ukradnie.;ITEM_CAT_BAG;-;Bag;Accessory;AdminBag;bag;FAŁSZ;ITUS_SDRP_ACS_04;-;ITAC_GS_BAG_01;3;1;Gamemaster;FAŁSZ;BRAK;BRAK;BRAK;BRAK;BRAK;BRAK;BRAK;BRAK;BRAK;BRAK;0;0;0;BRAK;BRAK;BRAK;FAŁSZ;BRAK;0;0;;BRAK;BRAK;PRAWDA;5;5;BRAK;BRAK;BRAK;BRAK;BRAK;BRAK;BRAK;BRAK;BRAK;BRAK;Kaletnik;Akcesoria;STATIC_TORBA_SZMATA.3ds;TAK;TAK;TAK;PRAWDA
Mieszki;38,86;48,44;FAŁSZ;Na złoto i cenne drobiazgi. Tylko nie pakuj do nich za dużo, bo wtedy nikt nie będzie miał wątpliwości, że jesteś bogaty.;ITEM_CAT_BELT;-;Waist;Accessory;AdminBelt;ap_belt;FAŁSZ;ITUS_SDRP_ACS_10;-;ITAC_GS_BELT_01;3;1;Gamemaster;FAŁSZ;BRAK;BRAK;BRAK;BRAK;BRAK;BRAK;BRAK;BRAK;BRAK;BRAK;0;0;0;BRAK;BRAK;BRAK;FAŁSZ;BRAK;0;0;;BRAK;BRAK;PRAWDA;5;5;BRAK;BRAK;BRAK;BRAK;BRAK;BRAK;BRAK;BRAK;BRAK;BRAK;Kaletnik;Akcesoria;STATIC_mieszki_fix.3ds;TAK;TAK;TAK;PRAWDA
Plecak;85,87;110,50;FAŁSZ;Podstawowy model dla każdego wędrowca. Pomieści wszystko, co ważne... i kilka niepotrzebnych rzeczy, które znajdziesz po drodze.;ITEM_CAT_BACKPACK;-;Backpack;Accessory;AdminBackpack;backpack;FAŁSZ;ITUS_SDRP_ACS_29;-;ITAC_GS_BP_06;3;2;Gamemaster;FAŁSZ;BRAK;BRAK;BRAK;BRAK;BRAK;BRAK;BRAK;BRAK;BRAK;BRAK;0;0;0;BRAK;BRAK;BRAK;FAŁSZ;BRAK;0;0;;BRAK;BRAK;PRAWDA;5;5;BRAK;BRAK;BRAK;BRAK;BRAK;BRAK;BRAK;BRAK;BRAK;BRAK;Kaletnik;Akcesoria;STATIC_Plecak1.3ds;TAK;TAK;TAK;PRAWDA
Plecak kopacza;85,87;110,50;FAŁSZ;Wzmocniony i brudny od pyłu. Nosił go ktoś, kto spędził życie w tunelach. I pewnie nadal śmierdzi pyłem.;ITEM_CAT_BACKPACK;-;Backpack;Accessory;AdminBackpack;backpack;FAŁSZ;ITUS_SDRP_ACS_01;-;ITAC_GS_BP_07;3;2;Gamemaster;FAŁSZ;BRAK;BRAK;BRAK;BRAK;BRAK;BRAK;BRAK;BRAK;BRAK;BRAK;0;0;0;BRAK;BRAK;BRAK;FAŁSZ;BRAK;0;0;;BRAK;BRAK;PRAWDA;5;5;BRAK;BRAK;BRAK;BRAK;BRAK;BRAK;BRAK;BRAK;BRAK;BRAK;Kaletnik;Akcesoria;STATIC_KOSZYKORIGIN.3ds;TAK;TAK;TAK;PRAWDA
Plecak misjonarza;85,87;110,50;FAŁSZ;Lekki i zapewne zawiera jakieś święte księgi. I parę sucharów na drogę.;ITEM_CAT_BACKPACK;-;Backpack;Accessory;AdminBackpack;backpack;FAŁSZ;ITUS_SDRP_ACS_32;-;ITAC_GS_BP_08;3;2;Gamemaster;FAŁSZ;BRAK;BRAK;BRAK;BRAK;BRAK;BRAK;BRAK;BRAK;BRAK;BRAK;0;0;0;BRAK;BRAK;BRAK;FAŁSZ;BRAK;0;0;;BRAK;BRAK;PRAWDA;5;5;BRAK;BRAK;BRAK;BRAK;BRAK;BRAK;BRAK;BRAK;BRAK;BRAK;Kaletnik;Akcesoria;STATIC_Plecak4.3ds;TAK;TAK;TAK;PRAWDA
Plecak wędrowca;85,87;110,50;FAŁSZ;Stary, ale solidny. Pamięta wiele dróg i wiele niebezpieczeństw. Idealny dla tych, co lubią się gubić.;ITEM_CAT_BACKPACK;-;Backpack;Accessory;AdminBackpack;backpack;FAŁSZ;ITUS_SDRP_ACS_09;-;ITAC_GS_BP_09;3;2;Gamemaster;FAŁSZ;BRAK;BRAK;BRAK;BRAK;BRAK;BRAK;BRAK;BRAK;BRAK;BRAK;0;0;0;BRAK;BRAK;BRAK;FAŁSZ;BRAK;0;0;;BRAK;BRAK;PRAWDA;5;5;BRAK;BRAK;BRAK;BRAK;BRAK;BRAK;BRAK;BRAK;BRAK;BRAK;Kaletnik;Akcesoria;STATIC_Plecak2_fix.3ds;TAK;TAK;TAK;PRAWDA
Plecak pielgrzyma;73,00;96,60;FAŁSZ;Wygląda na to, że widział już wiele. Idealny, jeśli szukasz oświecenia... albo po prostu chcesz zwiedzić świątynie.;ITEM_CAT_BACKPACK;-;Backpack;Accessory;AdminBackpack;backpack;FAŁSZ;ITUS_SDRP_ACS_08;-;ITAC_GS_BP_10;3;2;Gamemaster;FAŁSZ;BRAK;BRAK;BRAK;BRAK;BRAK;BRAK;BRAK;BRAK;BRAK;BRAK;0;0;0;BRAK;BRAK;BRAK;FAŁSZ;BRAK;0;0;;BRAK;BRAK;PRAWDA;5;5;BRAK;BRAK;BRAK;BRAK;BRAK;BRAK;BRAK;BRAK;BRAK;BRAK;Kaletnik;Akcesoria;STATIC_Plecak3.3ds;TAK;TAK;TAK;PRAWDA
Plecak podróżnika;81,87;105,70;FAŁSZ;Nieco większy i bardziej pojemny. Idealny na dłuższą wyprawę... albo na ucieczkę przed smokiem.;ITEM_CAT_BACKPACK;-;Backpack;Accessory;AdminBackpack;backpack;FAŁSZ;ITUS_SDRP_ACS_31;-;ITAC_GS_BP_11;3;2;Gamemaster;FAŁSZ;BRAK;BRAK;BRAK;BRAK;BRAK;BRAK;BRAK;BRAK;BRAK;BRAK;0;0;0;BRAK;BRAK;BRAK;FAŁSZ;BRAK;0;0;;BRAK;BRAK;PRAWDA;5;5;BRAK;BRAK;BRAK;BRAK;BRAK;BRAK;BRAK;BRAK;BRAK;BRAK;Kaletnik;Akcesoria;STATIC_Plecak_fix.3ds;TAK;TAK;TAK;PRAWDA
Kołczan;72,53;97,06;FAŁSZ;Na strzały. Jeśli go nosisz, to znaczy, że wiesz, jak się nim posługiwać. Albo że właśnie zgubiłeś łuk.;ITEM_CAT_BELTY;-;Bolts;Accessory;AdminAccessory;bolts;FAŁSZ;LINK;-;ITAC_GS_BOLTS_01;3;2;Gamemaster;FAŁSZ;BRAK;BRAK;BRAK;BRAK;BRAK;BRAK;BRAK;BRAK;BRAK;BRAK;0;0;0;BRAK;BRAK;BRAK;FAŁSZ;BRAK;0;0;;BRAK;BRAK;PRAWDA;5;5;BRAK;BRAK;BRAK;BRAK;BRAK;BRAK;BRAK;BRAK;BRAK;BRAK;Kaletnik;Akcesoria;STATIC_kolczan.3ds;TAK;TAK;TAK;PRAWDA
Pojemnik na bełty;72,53;97,06;FAŁSZ;Na bełty do kuszy. Jeśli masz kuszę, to jest to niezbędne. Jeśli nie, to nadal możesz udawać, że ją masz.;ITEM_CAT_BELTY;-;Bolts;Accessory;AdminAccessory;bolts;FAŁSZ;LINK;-;ITAC_GS_BOLTS_02;3;2;Gamemaster;FAŁSZ;BRAK;BRAK;BRAK;BRAK;BRAK;BRAK;BRAK;BRAK;BRAK;BRAK;0;0;0;BRAK;BRAK;BRAK;FAŁSZ;BRAK;0;0;;BRAK;BRAK;PRAWDA;5;5;BRAK;BRAK;BRAK;BRAK;BRAK;BRAK;BRAK;BRAK;BRAK;BRAK;Kaletnik;Akcesoria;STATIC_belty_kolczan.3ds;TAK;TAK;TAK;PRAWDA
Torba z kotem;BRAK;BRAK;FAŁSZ;Glonek.;ITEM_CAT_BAG;-;Bag;Accessory;AdminBag;bag;FAŁSZ;GS_DINGUS;-;ITAC_GS_BAG_05;3;2;Gamemaster;FAŁSZ;BRAK;BRAK;BRAK;BRAK;BRAK;BRAK;BRAK;BRAK;BRAK;BRAK;0;0;0;BRAK;BRAK;BRAK;FAŁSZ;BRAK;0;0;;BRAK;BRAK;PRAWDA;5;5;BRAK;BRAK;BRAK;BRAK;BRAK;BRAK;BRAK;BRAK;BRAK;BRAK;Kaletnik;Akcesoria;;NIE;TAK;TAK;FAŁSZ
Ciemna torba;81,87;105,70;FAŁSZ;Dyskretna i praktyczna. Idealna do przenoszenia łupów bez wzbudzania podejrzeń. Lub brudnych ubrań.;ITEM_CAT_BAG;-;Bag;Accessory;AdminBag;bag;FAŁSZ;ITUS_SDRP_ACS_05;-;ITAC_GS_BAG_02;3;2;Gamemaster;FAŁSZ;BRAK;BRAK;BRAK;BRAK;BRAK;BRAK;BRAK;BRAK;BRAK;BRAK;0;0;0;BRAK;BRAK;BRAK;FAŁSZ;BRAK;0;0;;BRAK;BRAK;PRAWDA;5;5;BRAK;BRAK;BRAK;BRAK;BRAK;BRAK;BRAK;BRAK;BRAK;BRAK;Kaletnik;Akcesoria;STATIC_torbamax.3ds;TAK;TAK;TAK;PRAWDA
Baryłka piwa;81,87;105,70;FAŁSZ;Niezbędna dla każdego, kto ceni sobie dobre piwo. I nie chce dzielić się z innymi.;ITEM_CAT_BELT;-;Waist;Accessory;AdminBelt;ap_belt;FAŁSZ;ITUS_SDRP_ACS_28;-;ITAC_GS_BELT_02;3;2;Gamemaster;FAŁSZ;BRAK;BRAK;BRAK;BRAK;BRAK;BRAK;BRAK;BRAK;BRAK;BRAK;0;0;0;BRAK;BRAK;BRAK;FAŁSZ;BRAK;0;0;;BRAK;BRAK;PRAWDA;5;5;BRAK;BRAK;BRAK;BRAK;BRAK;BRAK;BRAK;BRAK;BRAK;BRAK;Kaletnik;Akcesoria;STATIC_Piwo.3ds;TAK;TAK;TAK;PRAWDA
Brązowa torba;72,53;97,06;FAŁSZ;Podstawowa torba. Pomieści wszystko, co nie mieści się w kieszeniach. Albo co śmierdzi.;ITEM_CAT_BAG;-;Bag;Accessory;AdminBag;bag;FAŁSZ;ITUS_SDRP_ACS_06;-;ITAC_GS_BAG_03;3;2;Gamemaster;FAŁSZ;BRAK;BRAK;BRAK;BRAK;BRAK;BRAK;BRAK;BRAK;BRAK;BRAK;0;0;0;BRAK;BRAK;BRAK;FAŁSZ;BRAK;0;0;;BRAK;BRAK;PRAWDA;5;5;BRAK;BRAK;BRAK;BRAK;BRAK;BRAK;BRAK;BRAK;BRAK;BRAK;Kaletnik;Akcesoria;STATIC_TORBA_02.3ds;TAK;TAK;TAK;PRAWDA
Torba posłańca;81,87;105,70;FAŁSZ;Lekka i szybka. Idealna do przenoszenia ważnych wiadomości... albo do ucieczki z pustą torbą.;ITEM_CAT_BAG;-;Bag;Accessory;AdminBag;bag;FAŁSZ;ITUS_SDRP_ACS_19;-;ITAC_GS_BAG_04;3;2;Gamemaster;FAŁSZ;BRAK;BRAK;BRAK;BRAK;BRAK;BRAK;BRAK;BRAK;BRAK;BRAK;0;0;0;BRAK;BRAK;BRAK;FAŁSZ;BRAK;0;0;;BRAK;BRAK;PRAWDA;5;5;BRAK;BRAK;BRAK;BRAK;BRAK;BRAK;BRAK;BRAK;BRAK;BRAK;Kaletnik;Akcesoria;STATIC_TORBA_PRZEKLETAZBROJA.3ds;TAK;TAK;TAK;PRAWDA
Przybory maga;72,53;97,06;FAŁSZ;Słoiczki, fiolki, zwoje... wszystko, co potrzebne, by rzucać czary. I pewnie kilka dziwnych rzeczy, które nikt nie wie, do czego służą.;ITEM_CAT_BELT;-;Waist;Accessory;AdminBelt;ap_belt;FAŁSZ;ITUS_SDRP_ACS_12;-;ITAC_GS_BELT_03;3;2;Gamemaster;FAŁSZ;BRAK;BRAK;BRAK;BRAK;BRAK;BRAK;BRAK;BRAK;BRAK;BRAK;0;0;0;BRAK;BRAK;BRAK;FAŁSZ;BRAK;0;0;;BRAK;BRAK;PRAWDA;5;5;BRAK;BRAK;BRAK;BRAK;BRAK;BRAK;BRAK;BRAK;BRAK;BRAK;Kaletnik;Akcesoria;STATIC_Fiolki_Brazowa_fix.3ds;TAK;TAK;TAK;PRAWDA
Przybory maga ognia;72,53;97,06;FAŁSZ;Pewnie zawierają trochę prochu i kilka amuletów ognia. I prawdopodobnie coś, co eksploduje, jeśli upuścisz.;ITEM_CAT_BELT;-;Waist;Accessory;AdminBelt;ap_belt;FAŁSZ;ITUS_SDRP_ACS_11;-;ITAC_GS_BELT_04;3;2;Gamemaster;FAŁSZ;BRAK;BRAK;BRAK;BRAK;BRAK;BRAK;BRAK;BRAK;BRAK;BRAK;0;0;0;BRAK;BRAK;BRAK;FAŁSZ;BRAK;0;0;;BRAK;BRAK;PRAWDA;5;5;BRAK;BRAK;BRAK;BRAK;BRAK;BRAK;BRAK;BRAK;BRAK;BRAK;Kaletnik;Akcesoria;STATIC_fiolki_fix.3ds;TAK;TAK;TAK;PRAWDA
Przybory maga wody;72,53;97,06;FAŁSZ;Flakoniki z wodą, muszelki i kilka dziwnych kryształów. I pewnie coś, co pachnie jak ryby.;ITEM_CAT_BELT;-;Waist;Accessory;AdminBelt;ap_belt;FAŁSZ;ITUS_SDRP_ACS_13;-;ITAC_GS_BELT_05;3;2;Gamemaster;FAŁSZ;BRAK;BRAK;BRAK;BRAK;BRAK;BRAK;BRAK;BRAK;BRAK;BRAK;0;0;0;BRAK;BRAK;BRAK;FAŁSZ;BRAK;0;0;;BRAK;BRAK;PRAWDA;5;5;BRAK;BRAK;BRAK;BRAK;BRAK;BRAK;BRAK;BRAK;BRAK;BRAK;Kaletnik;Akcesoria;STATIC_Fiolki_Niebieska_fix.3ds;TAK;TAK;TAK;PRAWDA
Przybory nekromanty;72,53;97,06;FAŁSZ;Kości, wysuszone zioła i kilka strasznych składników. Lepiej nie pytaj, do czego służą.;ITEM_CAT_BELT;-;Waist;Accessory;AdminBelt;ap_belt;FAŁSZ;ITUS_SDRP_ACS_14;-;ITAC_GS_BELT_06;3;2;Gamemaster;FAŁSZ;BRAK;BRAK;BRAK;BRAK;BRAK;BRAK;BRAK;BRAK;BRAK;BRAK;0;0;0;BRAK;BRAK;BRAK;FAŁSZ;BRAK;0;0;;BRAK;BRAK;PRAWDA;5;5;BRAK;BRAK;BRAK;BRAK;BRAK;BRAK;BRAK;BRAK;BRAK;BRAK;Kaletnik;Akcesoria;STATIC_Fiolki_Fioletowa_fix.3ds;TAK;TAK;TAK;PRAWDA
Skórzane płaty;21,63;24,22;FAŁSZ;Skórzane części, stanowiące podstawę w pancerzu.;ITEM_CAT_NONE;-;Materials;Materials;AdminMaterials;materials;PRAWDA;SKÓRZANE_PLATY;-;ITMI_GS_MAT_220;0,6;0;Gamemaster;FAŁSZ;BRAK;BRAK;BRAK;BRAK;BRAK;BRAK;BRAK;BRAK;BRAK;BRAK;BRAK;BRAK;BRAK;BRAK;BRAK;BRAK;FAŁSZ;BRAK;BRAK;BRAK;;BRAK;BRAK;PRAWDA;5;5;BRAK;BRAK;BRAK;BRAK;BRAK;BRAK;BRAK;BRAK;BRAK;BRAK;Kuśnierz;Inne;SKORZANE_PLATY.3ds;TAK;TAK;TAK;PRAWDA
Skórzany napierśnik;99,63;120,02;FAŁSZ;Elementy ochronne, chroniące przed urazami i otarciami.;ITEM_CAT_NONE;-;Materials;Materials;AdminMaterials;materials;PRAWDA;ITAR_KM_LEATHER_L;-;ITMI_GS_MAT_221;0,8;2;Gamemaster;FAŁSZ;BRAK;BRAK;BRAK;BRAK;BRAK;BRAK;BRAK;BRAK;BRAK;BRAK;BRAK;BRAK;BRAK;BRAK;BRAK;BRAK;FAŁSZ;BRAK;BRAK;BRAK;;BRAK;BRAK;PRAWDA;5;5;BRAK;BRAK;BRAK;BRAK;BRAK;BRAK;BRAK;BRAK;BRAK;BRAK;Kuśnierz;Inne;ITAR_KM_LEATHER_L.3ds;TAK;TAK;TAK;PRAWDA
Skórzane pasy;284,00;355,00;FAŁSZ; Wytrzymałe pasy wykonane ze skóry, używane do wiązania i mocowania.;ITEM_CAT_NONE;-;Materials;Materials;AdminMaterials;materials;PRAWDA;ITMI_BELT_08;-;ITMI_GS_MAT_222;1,4;3;Gamemaster;FAŁSZ;BRAK;BRAK;BRAK;BRAK;BRAK;BRAK;BRAK;BRAK;BRAK;BRAK;BRAK;BRAK;BRAK;BRAK;BRAK;BRAK;FAŁSZ;BRAK;BRAK;BRAK;;BRAK;BRAK;PRAWDA;5;5;BRAK;BRAK;BRAK;BRAK;BRAK;BRAK;BRAK;BRAK;BRAK;BRAK;Kuśnierz;Inne;ITMI_BELT_08.3ds;TAK;TAK;TAK;PRAWDA
Skórzane rękawice;522,00;678,60;FAŁSZ;Rękawice wykonane ze skóry.;ITEM_CAT_NONE;-;Materials;Materials;AdminMaterials;materials;PRAWDA;KM_VOB_ARMORER_GLOVES_01;-;ITMI_GS_MAT_223;1,8;4;Gamemaster;FAŁSZ;BRAK;BRAK;BRAK;BRAK;BRAK;BRAK;BRAK;BRAK;BRAK;BRAK;BRAK;BRAK;BRAK;BRAK;BRAK;BRAK;FAŁSZ;BRAK;BRAK;BRAK;;BRAK;BRAK;FAŁSZ;5;5;BRAK;BRAK;BRAK;BRAK;BRAK;BRAK;BRAK;BRAK;BRAK;BRAK;Kuśnierz;Inne;KM_VOB_ARMORER_GLOVES_01.3ds;TAK;TAK;TAK;PRAWDA
Skórzane wzmocnienia;667,00;900,45;FAŁSZ; Dodatki ze skóry, zwiększające wytrzymałość i odporność na uszkodzenia.;ITEM_CAT_NONE;-;Materials;Materials;AdminMaterials;materials;PRAWDA;SKORZANE_WZMOCNIENIE;-;ITMI_GS_MAT_224;2,5;5;Gamemaster;FAŁSZ;BRAK;BRAK;BRAK;BRAK;BRAK;BRAK;BRAK;BRAK;BRAK;BRAK;BRAK;BRAK;BRAK;BRAK;BRAK;BRAK;FAŁSZ;BRAK;BRAK;BRAK;;BRAK;BRAK;FAŁSZ;5;5;BRAK;BRAK;BRAK;BRAK;BRAK;BRAK;BRAK;BRAK;BRAK;BRAK;Kuśnierz;Inne;SKORZANE_WZMOCNIENIE.3ds;TAK;TAK;TAK;PRAWDA
Leczenie lekkich ran (Runa);#N/D;#N/D;FAŁSZ;Subtelnie lśniąca energią, której dotyk przynosi ulgę, zamykając lekkie rany.;ITEM_CAT_RUNE;-;Rune;Rune;AdminRunes;runes;FAŁSZ;ItRu_LightHeal;-;ItRu_ChargedHealOther1;1;1;Gamemaster;FAŁSZ;BRAK;BRAK;BRAK;BRAK;BRAK;BRAK;BRAK;DAMAGE_MAGIC;25;BRAK;BRAK;BRAK;BRAK;5;71;BRAK;FAŁSZ;BRAK;1;10;Leczenie;BRAK;BRAK;FAŁSZ;5;5;BRAK;BRAK;BRAK;BRAK;BRAK;BRAK;BRAK;BRAK;BRAK;BRAK;Zaklinacz;Runy;ItRu_LightHeal.3ds;TAK;TAK;TAK;PRAWDA
Mała błyskawica (Runa);186,50;186,50;FAŁSZ;Z delikatnym blaskiem migoczącym w jej wnętrzu, która potrafi uwolnić błyskawicę.;ITEM_CAT_RUNE;-;Rune;Rune;AdminRunes;runes;FAŁSZ;ItRu_Zap;-;ItRu_Zap;1;1;Gamemaster;FAŁSZ;BRAK;BRAK;BRAK;BRAK;BRAK;BRAK;BRAK;DAMAGE_MAGIC;25;BRAK;BRAK;BRAK;BRAK;BRAK;BRAK;BRAK;FAŁSZ;BRAK;1;10;Obrażenia;BRAK;BRAK;FAŁSZ;5;5;BRAK;BRAK;BRAK;BRAK;BRAK;BRAK;BRAK;BRAK;BRAK;BRAK;Zaklinacz;Runy;ItRu_Zap.3DS;TAK;TAK;TAK;PRAWDA
Ognista strzała (Runa);198,50;198,50;FAŁSZ;Żarząca się ciepłym blaskiem i gotowa przeszyć powietrze płomiennym świstem.;ITEM_CAT_RUNE;-;Rune;Rune;AdminRunes;runes;FAŁSZ;ItRu_FireBolt;-;ItRu_FireBolt;1;1;Gamemaster;FAŁSZ;BRAK;BRAK;BRAK;BRAK;BRAK;BRAK;BRAK;DAMAGE_FIRE;25;BRAK;BRAK;BRAK;BRAK;BRAK;BRAK;BRAK;FAŁSZ;BRAK;1;10;Obrażenia;BRAK;BRAK;FAŁSZ;5;5;BRAK;BRAK;BRAK;BRAK;BRAK;BRAK;BRAK;BRAK;BRAK;BRAK;Zaklinacz;Runy;ItRu_FireBolt.3DS;TAK;TAK;TAK;PRAWDA
Lodowa strzała (Runa);180,50;180,50;FAŁSZ;Zimna w dotyku i migocząca lodowym blaskiem i zdolna przeszyć powietrze mroźnym świstem.;ITEM_CAT_RUNE;-;Rune;Rune;AdminRunes;runes;FAŁSZ;ItRu_Icebolt;-;ItRu_Icebolt;1;1;Gamemaster;FAŁSZ;BRAK;BRAK;BRAK;BRAK;BRAK;BRAK;BRAK;DAMAGE_MAGIC;25;BRAK;BRAK;BRAK;BRAK;BRAK;BRAK;BRAK;FAŁSZ;BRAK;1;10;Obrażenia;BRAK;BRAK;FAŁSZ;5;5;BRAK;BRAK;BRAK;BRAK;BRAK;BRAK;BRAK;BRAK;BRAK;BRAK;Zaklinacz;Runy;ItRu_Icebolt.3ds;TAK;TAK;TAK;PRAWDA
Światło (Runa);189,50;189,50;FAŁSZ;Delikatnie pulsująca ciepłym blaskiem, rozświetlając otoczenie jasnym światłem.;ITEM_CAT_RUNE;-;Rune;Rune;AdminRunes;runes;FAŁSZ;ItRu_Light;-;ItRu_Light;1;1;Gamemaster;FAŁSZ;BRAK;BRAK;BRAK;BRAK;BRAK;BRAK;BRAK;DAMAGE_MAGIC;BRAK;BRAK;BRAK;BRAK;BRAK;BRAK;BRAK;BRAK;FAŁSZ;BRAK;1;10;;BRAK;BRAK;FAŁSZ;5;5;BRAK;BRAK;BRAK;BRAK;BRAK;BRAK;BRAK;BRAK;BRAK;BRAK;Zaklinacz;Runy;ItRu_Light.3ds;TAK;TAK;TAK;PRAWDA
Kula ognia (Runa);288,50;288,50;FAŁSZ;Żarząca się wewnętrznym płomieniem gotowym eksplodować w płomiennym wybuchu.;ITEM_CAT_RUNE;-;Rune;Rune;AdminRunes;runes;FAŁSZ;ItRu_InstantFireBall;-;ItRu_InstantFireBall;1;2;Gamemaster;FAŁSZ;BRAK;BRAK;BRAK;BRAK;BRAK;BRAK;BRAK;DAMAGE_FIRE;50;BRAK;BRAK;BRAK;BRAK;BRAK;BRAK;BRAK;FAŁSZ;BRAK;2;20;Obrażenia;BRAK;BRAK;FAŁSZ;5;5;BRAK;BRAK;BRAK;BRAK;BRAK;BRAK;BRAK;BRAK;BRAK;BRAK;Zaklinacz;Runy;ItRu_InstantFireball.3DS;TAK;TAK;TAK;PRAWDA
Lodowa lanca (Runa);257,00;257,00;FAŁSZ;Chłodna w dotyku  zdolna przebić każdy cel lodowym ostrzem.;ITEM_CAT_RUNE;-;Rune;Rune;AdminRunes;runes;FAŁSZ;ItRu_Icelance;-;ItRu_Icelance;1;2;Gamemaster;FAŁSZ;BRAK;BRAK;BRAK;BRAK;BRAK;BRAK;BRAK;DAMAGE_MAGIC;50;BRAK;BRAK;BRAK;BRAK;BRAK;BRAK;BRAK;FAŁSZ;BRAK;2;20;Obrażenia;BRAK;BRAK;FAŁSZ;5;5;BRAK;BRAK;BRAK;BRAK;BRAK;BRAK;BRAK;BRAK;BRAK;BRAK;Zaklinacz;Runy;ItRu_Water04.3DS;TAK;TAK;TAK;PRAWDA
Pięść wichru (Runa);255,00;255,00;FAŁSZ;Niewidzialna siła, która zgina drzewa i zmiata przeciwników z nóg, towarzyszy jej świst przyspieszonego powietrza.;ITEM_CAT_RUNE;-;Rune;Rune;AdminRunes;runes;FAŁSZ;ItRu_WindFist;-;ItRu_WindFist;1;2;Gamemaster;FAŁSZ;BRAK;BRAK;BRAK;BRAK;BRAK;BRAK;BRAK;DAMAGE_MAGIC;50;BRAK;BRAK;BRAK;BRAK;BRAK;BRAK;BRAK;FAŁSZ;BRAK;2;20;Obrażenia;BRAK;BRAK;FAŁSZ;5;5;BRAK;BRAK;BRAK;BRAK;BRAK;BRAK;BRAK;BRAK;BRAK;BRAK;Zaklinacz;Runy;ItRu_Windfist.3ds;TAK;TAK;TAK;PRAWDA
Wir (Runa);257,50;257,50;FAŁSZ;Zawirowanie magicznej energii, wciągające wszystko w swój oślepiający tan, jakby sama przestrzeń się zaginała.;ITEM_CAT_RUNE;-;Rune;Rune;AdminRunes;runes;FAŁSZ;itru_whirlwind;-;itru_whirlwind;1;2;Gamemaster;FAŁSZ;BRAK;BRAK;BRAK;BRAK;BRAK;BRAK;BRAK;DAMAGE_MAGIC;50;BRAK;BRAK;BRAK;BRAK;BRAK;BRAK;BRAK;FAŁSZ;BRAK;2;20;Obrażenia;BRAK;BRAK;FAŁSZ;5;5;BRAK;BRAK;BRAK;BRAK;BRAK;BRAK;BRAK;BRAK;BRAK;BRAK;Zaklinacz;Runy;ItRu_Water02.3DS;TAK;TAK;TAK;PRAWDA
Sen (Runa);262,50;262,50;FAŁSZ;Aksamitny półmrok, który otula umysł, kładąc na powieki ciężar nie do uniesienia. Tylko szept marzeń pozostaje.;ITEM_CAT_RUNE;-;Rune;Rune;AdminRunes;runes;FAŁSZ;ItRu_Sleep;-;ItRu_Sleep;1;2;Gamemaster;FAŁSZ;BRAK;BRAK;BRAK;BRAK;BRAK;BRAK;BRAK;DAMAGE_MAGIC;BRAK;BRAK;BRAK;BRAK;BRAK;BRAK;BRAK;BRAK;FAŁSZ;BRAK;2;10;;BRAK;BRAK;FAŁSZ;5;5;BRAK;BRAK;BRAK;BRAK;BRAK;BRAK;BRAK;BRAK;BRAK;BRAK;Zaklinacz;Runy;ItRu_Sleep.3ds;TAK;TAK;TAK;PRAWDA
Kradzież energii (Runa);258,00;258,00;FAŁSZ;Mroczny błysk, który wysysa siłę życiową, pozostawiając ofiarę osłabioną, a ciebie napełniając palącą mocą.;ITEM_CAT_RUNE;-;Rune;Rune;AdminRunes;runes;FAŁSZ;Itru_SuckEnergy;-;Itru_SuckEnergy;1;2;Gamemaster;FAŁSZ;BRAK;BRAK;BRAK;BRAK;BRAK;BRAK;BRAK;DAMAGE_MAGIC;BRAK;BRAK;BRAK;BRAK;BRAK;BRAK;BRAK;BRAK;FAŁSZ;BRAK;2;20;;BRAK;BRAK;FAŁSZ;5;5;BRAK;BRAK;BRAK;BRAK;BRAK;BRAK;BRAK;BRAK;BRAK;BRAK;Zaklinacz;Runy;ItRu_Beliar01.3DS;TAK;TAK;TAK;PRAWDA
Wodna pięść (Runa);257,00;257,00;FAŁSZ;Skupiona w dłoni woda uderza z siłą oceanicznego przypływu, miażdżąc wszystko na swojej drodze ciśnieniem głębin.;ITEM_CAT_RUNE;-;Rune;Rune;AdminRunes;runes;FAŁSZ;ItRu_Waterfist;-;ItRu_Waterfist;1;2;Gamemaster;FAŁSZ;BRAK;BRAK;BRAK;BRAK;BRAK;BRAK;BRAK;DAMAGE_MAGIC;50;BRAK;BRAK;BRAK;BRAK;BRAK;BRAK;BRAK;FAŁSZ;BRAK;2;20;Obrażenia;BRAK;BRAK;FAŁSZ;5;5;BRAK;BRAK;BRAK;BRAK;BRAK;BRAK;BRAK;BRAK;BRAK;BRAK;Zaklinacz;Runy;ItRu_Water03.3DS;TAK;TAK;TAK;PRAWDA
Gejzer (Runa);666,33;670,41;FAŁSZ;Ziemia drży, a spod stóp wystrzela wrzący strumień wody i pary, parząc wszystko wokół gorącym oddechem głębin.;ITEM_CAT_RUNE;-;Rune;Rune;AdminRunes;runes;FAŁSZ;itru_Geyser;-;itru_Geyser;1;3;Gamemaster;FAŁSZ;BRAK;BRAK;BRAK;BRAK;BRAK;BRAK;BRAK;DAMAGE_MAGIC;140;BRAK;BRAK;BRAK;BRAK;BRAK;BRAK;BRAK;FAŁSZ;BRAK;3;25;Obrażenia;BRAK;BRAK;FAŁSZ;5;5;BRAK;BRAK;BRAK;BRAK;BRAK;BRAK;BRAK;BRAK;BRAK;BRAK;Zaklinacz;Runy;ItRu_Water01.3DS;TAK;TAK;TAK;PRAWDA
Duża kula ognia (Runa);743,50;743,50;FAŁSZ;Ogromna, wirująca kula płomieni, która huczy jak piekielny sztorm, gotowa pochłonąć całą przestrzeń w ognistej pożodze.;ITEM_CAT_RUNE;-;Rune;Rune;AdminRunes;runes;FAŁSZ;ItRu_ChargeFireball;-;ItRu_ChargeFireball;1;3;Gamemaster;FAŁSZ;BRAK;BRAK;BRAK;BRAK;BRAK;BRAK;BRAK;DAMAGE_FIRE;140;BRAK;BRAK;BRAK;BRAK;BRAK;BRAK;BRAK;FAŁSZ;BRAK;3;25;Obrażenia;BRAK;BRAK;FAŁSZ;5;5;BRAK;BRAK;BRAK;BRAK;BRAK;BRAK;BRAK;BRAK;BRAK;BRAK;Zaklinacz;Runy;ItRu_ChargeFireball.3DS;TAK;TAK;TAK;PRAWDA
Leczenie średnich ran (Runa);671,50;671,50;FAŁSZ;Promieniująca łagodnym, złotym blaskiem, której moc przynosi uzdrowienie i przywrócenie sił.;ITEM_CAT_RUNE;-;Rune;Rune;AdminRunes;runes;FAŁSZ;ItRu_MediumHeal;-;ItRu_ChargedHealOther2;1;3;Gamemaster;FAŁSZ;BRAK;BRAK;BRAK;BRAK;BRAK;BRAK;BRAK;DAMAGE_MAGIC;140;BRAK;BRAK;BRAK;BRAK;5;72;BRAK;FAŁSZ;BRAK;3;10;Leczenie;BRAK;BRAK;FAŁSZ;5;5;BRAK;BRAK;BRAK;BRAK;BRAK;BRAK;BRAK;BRAK;BRAK;BRAK;Zaklinacz;Runy;ItRu_MediumHeal.3ds;TAK;TAK;TAK;PRAWDA
Mała burza ognista (Runa);762,50;762,50;FAŁSZ;Chmura iskier i skwierczących płomieni, tańcząca w powietrzu, siejąc chaos drobnymi, lecz bolesnymi oparzeniami.;ITEM_CAT_RUNE;-;Rune;Rune;AdminRunes;runes;FAŁSZ;ItRu_Firestorm;-;ItRu_Firestorm;1;3;Gamemaster;FAŁSZ;BRAK;BRAK;BRAK;BRAK;BRAK;BRAK;BRAK;DAMAGE_FIRE;140;BRAK;BRAK;BRAK;BRAK;BRAK;BRAK;BRAK;FAŁSZ;BRAK;3;25;Obrażenia;BRAK;BRAK;FAŁSZ;5;5;BRAK;BRAK;BRAK;BRAK;BRAK;BRAK;BRAK;BRAK;BRAK;BRAK;Zaklinacz;Runy;ItRu_Firestorm.3ds;TAK;TAK;TAK;PRAWDA
Piorun kulisty (Runa);631,50;631,50;FAŁSZ;Błękitna, pulsująca kula energii, która wisi w powietrzu, by nagle eksplodować gromowym grzmotem, rażąc wszystko wokół.;ITEM_CAT_RUNE;-;Rune;Rune;AdminRunes;runes;FAŁSZ;itru_thunderball;-;itru_thunderball;1;3;Gamemaster;FAŁSZ;BRAK;BRAK;BRAK;BRAK;BRAK;BRAK;BRAK;DAMAGE_MAGIC;140;BRAK;BRAK;BRAK;BRAK;BRAK;BRAK;BRAK;FAŁSZ;BRAK;3;25;Obrażenia;BRAK;BRAK;FAŁSZ;5;5;BRAK;BRAK;BRAK;BRAK;BRAK;BRAK;BRAK;BRAK;BRAK;BRAK;Zaklinacz;Runy;ItRu_ThunderBall.3ds;TAK;TAK;TAK;PRAWDA
Korzeń (Runa);652,50;652,50;FAŁSZ;Spod ziemi wypełzają twarde jak stal pnącza, oplatając nogi ofiar i wciągając je w pułapkę żywiołu ziemi.;ITEM_CAT_RUNE;-;Rune;Rune;AdminRunes;runes;FAŁSZ;ITRu_GreenTentacle;-;ITRu_GreenTentacle;1;3;Gamemaster;FAŁSZ;BRAK;BRAK;BRAK;BRAK;BRAK;BRAK;BRAK;DAMAGE_MAGIC;BRAK;BRAK;BRAK;BRAK;BRAK;BRAK;BRAK;BRAK;FAŁSZ;BRAK;3;10;;BRAK;BRAK;FAŁSZ;5;5;BRAK;BRAK;BRAK;BRAK;BRAK;BRAK;BRAK;BRAK;BRAK;BRAK;Zaklinacz;Runy;ItRu_Beliar03.3DS;TAK;TAK;TAK;PRAWDA
Strach (Runa);636,50;636,50;FAŁSZ;Mrok, który przybiera kształt najgorszych koszmarów ofiary, zmuszając serce do szalonego pędu, a nogi do ucieczki.;ITEM_CAT_RUNE;-;Rune;Rune;AdminRunes;runes;FAŁSZ;ItRu_Fear;-;ItRu_Fear;1;3;Gamemaster;FAŁSZ;BRAK;BRAK;BRAK;BRAK;BRAK;BRAK;BRAK;DAMAGE_MAGIC;BRAK;BRAK;BRAK;BRAK;BRAK;BRAK;BRAK;BRAK;FAŁSZ;BRAK;3;10;;BRAK;BRAK;FAŁSZ;5;5;BRAK;BRAK;BRAK;BRAK;BRAK;BRAK;BRAK;BRAK;BRAK;BRAK;Zaklinacz;Runy;ItRu_Fear.3DS;TAK;TAK;TAK;PRAWDA
Pocisk nieprzytomności (Runa);659,50;659,50;FAŁSZ;Niewidzialny cios w skroń, który rozmywa świadomość jak atrament w wodzie, pozostawiając tylko pustkę w umyśle.;ITEM_CAT_RUNE;-;Rune;Rune;AdminRunes;runes;FAŁSZ;ItRu_Concussionbolt;-;ItRu_Concussionbolt;1;3;Gamemaster;FAŁSZ;BRAK;BRAK;BRAK;BRAK;BRAK;BRAK;BRAK;DAMAGE_MAGIC;140;BRAK;BRAK;BRAK;BRAK;BRAK;BRAK;BRAK;FAŁSZ;BRAK;3;25;Obrażenia;BRAK;BRAK;FAŁSZ;5;5;BRAK;BRAK;BRAK;BRAK;BRAK;BRAK;BRAK;BRAK;BRAK;BRAK;Zaklinacz;Runy;ItRu_PalRepelEvil.3DS;TAK;TAK;TAK;PRAWDA
Błyskawica (Runa);957,99;970,24;FAŁSZ;Wściekły prąd rozdzierający niebo białym szwem, pozostawiający w powietrzu zapach spalonej ozonu i głuchy grzmot, który wstrząsa kośćmi.;ITEM_CAT_RUNE;-;Rune;Rune;AdminRunes;runes;FAŁSZ;ItRu_LightningFlash;-;ItRu_LightningFlash;1;4;Gamemaster;FAŁSZ;BRAK;BRAK;BRAK;BRAK;BRAK;BRAK;BRAK;DAMAGE_MAGIC;175;BRAK;BRAK;BRAK;BRAK;BRAK;BRAK;BRAK;FAŁSZ;BRAK;4;40;Obrażenia;BRAK;BRAK;FAŁSZ;5;5;BRAK;BRAK;BRAK;BRAK;BRAK;BRAK;BRAK;BRAK;BRAK;BRAK;Zaklinacz;Runy;ItRu_LightningFlash.3DS;TAK;TAK;TAK;PRAWDA
Szał Beliara (Runa);867,50;867,50;FAŁSZ;Krwawo-czerwona magia wypływająca z czeluści piekła, która zamienia rozsądek w dziką furię, a oczy w żarzące się węgle.;ITEM_CAT_RUNE;-;Rune;Rune;AdminRunes;runes;FAŁSZ;ITRu_BeliarsRage;-;ITRu_BeliarsRage;1;4;Gamemaster;FAŁSZ;BRAK;BRAK;BRAK;BRAK;BRAK;BRAK;BRAK;DAMAGE_MAGIC;175;BRAK;BRAK;BRAK;BRAK;BRAK;BRAK;BRAK;FAŁSZ;BRAK;4;40;Obrażenia;BRAK;BRAK;FAŁSZ;5;5;BRAK;BRAK;BRAK;BRAK;BRAK;BRAK;BRAK;BRAK;BRAK;BRAK;Zaklinacz;Runy;ItRu_Beliar04.3DS;TAK;TAK;TAK;PRAWDA
Zniszczenie ożywieńca (Runa);943,16;951,33;FAŁSZ;Święty blask rozrywa nieczyste więzy magii, zmuszając nieumarłe ciała do rozpadu w chmurze dymu i skruszonych kości.;ITEM_CAT_RUNE;-;Rune;Rune;AdminRunes;runes;FAŁSZ;ItRu_HarmUndead;-;ItRu_HarmUndead;1;4;Gamemaster;FAŁSZ;BRAK;BRAK;BRAK;BRAK;BRAK;BRAK;BRAK;DAMAGE_MAGIC;175;BRAK;BRAK;BRAK;BRAK;BRAK;BRAK;BRAK;FAŁSZ;BRAK;4;40;Obrażenia;BRAK;BRAK;FAŁSZ;5;5;BRAK;BRAK;BRAK;BRAK;BRAK;BRAK;BRAK;BRAK;BRAK;BRAK;Zaklinacz;Runy;ItRu_HarmUndead.3DS;TAK;TAK;TAK;PRAWDA
Święty pocisk (Runa);943,16;951,33;FAŁSZ;Biały płomień czystej wiary, który wypala nieczystości, pozostawiając na skórze wrażenie ciepłego dotyku bogów.;ITEM_CAT_RUNE;-;Rune;Rune;AdminRunes;runes;FAŁSZ;itru_masterofdisaster;-;itru_masterofdisaster;1;4;Gamemaster;FAŁSZ;BRAK;BRAK;BRAK;BRAK;BRAK;BRAK;BRAK;DAMAGE_MAGIC;175;BRAK;BRAK;BRAK;BRAK;BRAK;BRAK;BRAK;FAŁSZ;BRAK;4;40;Obrażenia;BRAK;BRAK;FAŁSZ;5;5;BRAK;BRAK;BRAK;BRAK;BRAK;BRAK;BRAK;BRAK;BRAK;BRAK;Zaklinacz;Runy;ItRu_MasterOfDesaster.3DS;TAK;TAK;TAK;PRAWDA
Bryła lodu (Runa);943,16;951,33;FAŁSZ;Ogromny głaz lodu o ostrzach jak sztylety, który zamarza w locie, by roztrzaskać się z dźwiękiem kruszącego się szkła.;ITEM_CAT_RUNE;-;Rune;Rune;AdminRunes;runes;FAŁSZ;ItRu_IceCube;-;ItRu_IceCube;1;4;Gamemaster;FAŁSZ;BRAK;BRAK;BRAK;BRAK;BRAK;BRAK;BRAK;DAMAGE_MAGIC;175;BRAK;BRAK;BRAK;BRAK;BRAK;BRAK;BRAK;FAŁSZ;BRAK;4;40;Obrażenia;BRAK;BRAK;FAŁSZ;5;5;BRAK;BRAK;BRAK;BRAK;BRAK;BRAK;BRAK;BRAK;BRAK;BRAK;Zaklinacz;Runy;ItRu_IceCube.3ds;TAK;TAK;TAK;PRAWDA
Duża burza ognista (Runa);949,69;959,48;FAŁSZ;Chmura iskier i skwierczących płomieni, tańcząca w powietrzu, siejąc chaos drobnymi, lecz bolesnymi oparzeniami.;ITEM_CAT_RUNE;-;Rune;Rune;AdminRunes;runes;FAŁSZ;ItRu_Pyrokinesis;-;ItRu_Pyrokinesis;1;4;Gamemaster;FAŁSZ;BRAK;BRAK;BRAK;BRAK;BRAK;BRAK;BRAK;DAMAGE_FIRE;175;BRAK;BRAK;BRAK;BRAK;BRAK;BRAK;BRAK;FAŁSZ;BRAK;4;40;Obrażenia;BRAK;BRAK;FAŁSZ;5;5;BRAK;BRAK;BRAK;BRAK;BRAK;BRAK;BRAK;BRAK;BRAK;BRAK;Zaklinacz;Runy;ItRu_Pyrokinesis.3ds;TAK;TAK;TAK;PRAWDA
Leczenie ciężkich ran (Runa);1871,00;1897,11;FAŁSZ;Złocista aura wnika w rany, zasklepiając mięśnie i kości, podczas gdy pacjent czuje gorący przypływ życia.;ITEM_CAT_RUNE;-;Rune;Rune;AdminRunes;runes;FAŁSZ;itru_fullheal;-;ItRu_ChargedHealOther3;1;5;Gamemaster;FAŁSZ;BRAK;BRAK;BRAK;BRAK;BRAK;BRAK;BRAK;DAMAGE_MAGIC;100;BRAK;BRAK;BRAK;BRAK;5;73;BRAK;FAŁSZ;BRAK;5;15;Leczenie;BRAK;BRAK;FAŁSZ;5;5;BRAK;BRAK;BRAK;BRAK;BRAK;BRAK;BRAK;BRAK;BRAK;BRAK;Zaklinacz;Runy;ItRu_FullHeal.3ds;TAK;TAK;TAK;PRAWDA
Grom (Runa);1853,00;1879,11;FAŁSZ;Przerażający huk, który poprzedza oślepiający rozbłysk - siła zdolna powalić nawet najtwardszych wojowników.;ITEM_CAT_RUNE;-;Rune;Rune;AdminRunes;runes;FAŁSZ;itru_thunderstorm;-;itru_thunderstorm;1;5;Gamemaster;FAŁSZ;BRAK;BRAK;BRAK;BRAK;BRAK;BRAK;BRAK;DAMAGE_MAGIC;220;BRAK;BRAK;BRAK;BRAK;BRAK;BRAK;BRAK;FAŁSZ;BRAK;5;100;Obrażenia;BRAK;BRAK;FAŁSZ;5;5;BRAK;BRAK;BRAK;BRAK;BRAK;BRAK;BRAK;BRAK;BRAK;BRAK;Zaklinacz;Runy;ItRu_Water05.3DS;TAK;TAK;TAK;PRAWDA
Lodowa fala (Runa);2007,00;2033,11;FAŁSZ;Mroźny podmuch zamienia powietrze w lodowatą powódź, która krzepnie w postaci spiętrzonych kryształowych szczytów.;ITEM_CAT_RUNE;-;Rune;Rune;AdminRunes;runes;FAŁSZ;ItRu_IceWave;-;ItRu_IceWave;1;5;Gamemaster;FAŁSZ;BRAK;BRAK;BRAK;BRAK;BRAK;BRAK;BRAK;DAMAGE_MAGIC;220;BRAK;BRAK;BRAK;BRAK;BRAK;BRAK;BRAK;FAŁSZ;BRAK;5;100;Obrażenia;BRAK;BRAK;FAŁSZ;5;5;BRAK;BRAK;BRAK;BRAK;BRAK;BRAK;BRAK;BRAK;BRAK;BRAK;Zaklinacz;Runy;ItRu_IceWave.3ds;TAK;TAK;TAK;PRAWDA
Tchnienie śmierci (Runa);1853,00;1879,11;FAŁSZ;Szept zimniejszy niż grób, który wyciąga życie ustami ofiary w postaci sinej mgiełki.;ITEM_CAT_RUNE;-;Rune;Rune;AdminRunes;runes;FAŁSZ;ItRu_BreathOfDeath;-;ItRu_BreathOfDeath;1;5;Gamemaster;FAŁSZ;BRAK;BRAK;BRAK;BRAK;BRAK;BRAK;BRAK;DAMAGE_MAGIC;220;BRAK;BRAK;BRAK;BRAK;BRAK;BRAK;BRAK;FAŁSZ;BRAK;5;50;Obrażenia;BRAK;BRAK;FAŁSZ;5;5;BRAK;BRAK;BRAK;BRAK;BRAK;BRAK;BRAK;BRAK;BRAK;BRAK;Zaklinacz;Runy;ItRu_BreathOfDeath.3ds;TAK;TAK;TAK;PRAWDA
Pocisk śmierci (Runa);1875,89;1905,06;FAŁSZ;Czarna strzała z czystej nicości, która pozostawia po sobie tylko zimne, szare zwłoki pozbawione duszy.;ITEM_CAT_RUNE;-;Rune;Rune;AdminRunes;runes;FAŁSZ;ItRu_Deathbolt;-;ItRu_Deathbolt;1;5;Gamemaster;FAŁSZ;BRAK;BRAK;BRAK;BRAK;BRAK;BRAK;BRAK;DAMAGE_MAGIC;220;BRAK;BRAK;BRAK;BRAK;BRAK;BRAK;BRAK;FAŁSZ;BRAK;5;50;Obrażenia;BRAK;BRAK;FAŁSZ;5;5;BRAK;BRAK;BRAK;BRAK;BRAK;BRAK;BRAK;BRAK;BRAK;BRAK;Zaklinacz;Runy;ItRu_PalRepelEvil.3DS;TAK;TAK;TAK;PRAWDA
Deszcz ognia (Runa);2665,48;2714,10;FAŁSZ;Niebo krwawi płomieniami, z których kapią gęste, żarzące się krople, wypalając dziury w ziemi i ciałach.;ITEM_CAT_RUNE;-;Rune;Rune;AdminRunes;runes;FAŁSZ;ItRu_FireRain;-;ItRu_FireRain;1;5;Gamemaster;FAŁSZ;BRAK;BRAK;BRAK;BRAK;BRAK;BRAK;BRAK;DAMAGE_MAGIC;250;BRAK;BRAK;BRAK;BRAK;BRAK;BRAK;BRAK;FAŁSZ;BRAK;6;100;Obrażenia;BRAK;BRAK;FAŁSZ;5;5;BRAK;BRAK;BRAK;BRAK;BRAK;BRAK;BRAK;BRAK;BRAK;BRAK;Zaklinacz;Runy;ItRu_Firerain.3ds;TAK;TAK;TAK;PRAWDA
Śmiertelna fala (Runa);2561,33;2604,85;FAŁSZ;Fioletowa energia rozchodzi się kręgiem, a wszystko, czego dotknie, obumiera - trawa czernieje, a zwierzęta padają bez dźwięku.;ITEM_CAT_RUNE;-;Rune;Rune;AdminRunes;runes;FAŁSZ;ItRu_MassDeath;-;ItRu_MassDeath;1;5;Gamemaster;FAŁSZ;BRAK;BRAK;BRAK;BRAK;BRAK;BRAK;BRAK;DAMAGE_MAGIC;250;BRAK;BRAK;BRAK;BRAK;BRAK;BRAK;BRAK;FAŁSZ;BRAK;6;100;Obrażenia;BRAK;BRAK;FAŁSZ;5;5;BRAK;BRAK;BRAK;BRAK;;;;;;;Zaklinacz;Runy;ItRu_MassDeath.3ds;TAK;TAK;TAK;PRAWDA
Trzęsienie ziemii;#N/D;#N/D;FAŁSZ;Magiczna runa.;ITEM_CAT_RUNE;-;Rune;Rune;AdminRunes;runes;FAŁSZ;BRAK;-;ItRu_Quake;1;1;Gamemaster;FAŁSZ;BRAK;BRAK;BRAK;BRAK;BRAK;BRAK;BRAK;DAMAGE_MAGIC;50;BRAK;BRAK;BRAK;BRAK;BRAK;BRAK;BRAK;FAŁSZ;BRAK;1;10;Obrażenia;BRAK;BRAK;FAŁSZ;5;5;BRAK;BRAK;BRAK;BRAK;BRAK;BRAK;BRAK;BRAK;BRAK;BRAK;Zaklinacz;Runy;;NIE;TAK;TAK;FAŁSZ
Magicze pociski;#N/D;#N/D;FAŁSZ;Magiczna runa.;ITEM_CAT_RUNE;-;Rune;Rune;AdminRunes;runes;FAŁSZ;BRAK;-;ItRu_ManaForLife;1;1;Gamemaster;FAŁSZ;BRAK;BRAK;BRAK;BRAK;BRAK;BRAK;BRAK;DAMAGE_MAGIC;50;BRAK;BRAK;BRAK;BRAK;BRAK;BRAK;BRAK;FAŁSZ;BRAK;1;10;Obrażenia;BRAK;BRAK;FAŁSZ;5;5;BRAK;BRAK;BRAK;BRAK;BRAK;BRAK;BRAK;BRAK;BRAK;BRAK;Zaklinacz;Runy;;NIE;TAK;TAK;FAŁSZ
Klatka magii;#N/D;#N/D;FAŁSZ;Magiczna runa.;ITEM_CAT_RUNE;-;Rune;Rune;AdminRunes;runes;FAŁSZ;BRAK;-;ItRu_MagicCage;1;1;Gamemaster;FAŁSZ;BRAK;BRAK;BRAK;BRAK;BRAK;BRAK;BRAK;DAMAGE_MAGIC;50;BRAK;BRAK;BRAK;BRAK;BRAK;BRAK;BRAK;FAŁSZ;BRAK;1;10;Obrażenia;BRAK;BRAK;FAŁSZ;5;5;BRAK;BRAK;BRAK;BRAK;BRAK;BRAK;BRAK;BRAK;BRAK;BRAK;Zaklinacz;Runy;;NIE;TAK;TAK;FAŁSZ
Elektryczne pociski;#N/D;#N/D;FAŁSZ;Magiczna runa.;ITEM_CAT_RUNE;-;Rune;Rune;AdminRunes;runes;FAŁSZ;BRAK;-;ItRu_RapidIcebolt;1;1;Gamemaster;FAŁSZ;BRAK;BRAK;BRAK;BRAK;BRAK;BRAK;BRAK;DAMAGE_MAGIC;50;BRAK;BRAK;BRAK;BRAK;BRAK;BRAK;BRAK;FAŁSZ;BRAK;1;10;Obrażenia;BRAK;BRAK;FAŁSZ;5;5;BRAK;BRAK;BRAK;BRAK;BRAK;BRAK;BRAK;BRAK;BRAK;BRAK;Zaklinacz;Runy;;NIE;TAK;TAK;FAŁSZ
Ogniste pociski;#N/D;#N/D;FAŁSZ;Magiczna runa.;ITEM_CAT_RUNE;-;Rune;Rune;AdminRunes;runes;FAŁSZ;BRAK;-;ItRu_RapidFirebolt;1;1;Gamemaster;FAŁSZ;BRAK;BRAK;BRAK;BRAK;BRAK;BRAK;BRAK;DAMAGE_MAGIC;50;BRAK;BRAK;BRAK;BRAK;BRAK;BRAK;BRAK;FAŁSZ;BRAK;1;10;Obrażenia;BRAK;BRAK;FAŁSZ;5;5;BRAK;BRAK;BRAK;BRAK;BRAK;BRAK;BRAK;BRAK;BRAK;BRAK;Zaklinacz;Runy;;NIE;TAK;TAK;FAŁSZ
Uderzenie wichru;#N/D;#N/D;FAŁSZ;Magiczna runa.;ITEM_CAT_RUNE;-;Rune;Rune;AdminRunes;runes;FAŁSZ;BRAK;-;ItRu_Extricate;1;1;Gamemaster;FAŁSZ;BRAK;BRAK;BRAK;BRAK;BRAK;BRAK;BRAK;DAMAGE_MAGIC;50;BRAK;BRAK;BRAK;BRAK;BRAK;BRAK;BRAK;FAŁSZ;BRAK;1;10;Obrażenia;BRAK;BRAK;FAŁSZ;5;5;BRAK;BRAK;BRAK;BRAK;BRAK;BRAK;BRAK;BRAK;BRAK;BRAK;Zaklinacz;Runy;;NIE;TAK;TAK;FAŁSZ
Krzyk wichru;#N/D;#N/D;FAŁSZ;Magiczna runa.;ITEM_CAT_RUNE;-;Rune;Rune;AdminRunes;runes;FAŁSZ;BRAK;-;ItRu_Extricate2;1;1;Gamemaster;FAŁSZ;BRAK;BRAK;BRAK;BRAK;BRAK;BRAK;BRAK;DAMAGE_MAGIC;50;BRAK;BRAK;BRAK;BRAK;BRAK;BRAK;BRAK;FAŁSZ;BRAK;1;10;Obrażenia;BRAK;BRAK;FAŁSZ;5;5;BRAK;BRAK;BRAK;BRAK;BRAK;BRAK;BRAK;BRAK;BRAK;BRAK;Zaklinacz;Runy;;NIE;TAK;TAK;FAŁSZ
Oddech smoka;#N/D;#N/D;FAŁSZ;Magiczna runa.;ITEM_CAT_RUNE;-;Rune;Rune;AdminRunes;runes;FAŁSZ;BRAK;-;ItRu_Explosion;1;1;Gamemaster;FAŁSZ;BRAK;BRAK;BRAK;BRAK;BRAK;BRAK;BRAK;DAMAGE_MAGIC;50;BRAK;BRAK;BRAK;BRAK;BRAK;BRAK;BRAK;FAŁSZ;BRAK;1;10;Obrażenia;BRAK;BRAK;FAŁSZ;5;5;BRAK;BRAK;BRAK;BRAK;BRAK;BRAK;BRAK;BRAK;BRAK;BRAK;Zaklinacz;Runy;;NIE;TAK;TAK;FAŁSZ
Kula śmierci;#N/D;#N/D;FAŁSZ;Magiczna runa.;ITEM_CAT_RUNE;-;Rune;Rune;AdminRunes;runes;FAŁSZ;BRAK;-;ItRu_Deathball;1;1;Gamemaster;FAŁSZ;BRAK;BRAK;BRAK;BRAK;BRAK;BRAK;BRAK;DAMAGE_MAGIC;50;BRAK;BRAK;BRAK;BRAK;BRAK;BRAK;BRAK;FAŁSZ;BRAK;1;10;Obrażenia;BRAK;BRAK;FAŁSZ;5;5;BRAK;BRAK;BRAK;BRAK;BRAK;BRAK;BRAK;BRAK;BRAK;BRAK;Zaklinacz;Runy;;NIE;TAK;TAK;FAŁSZ
Włócznia Beliara;#N/D;#N/D;FAŁSZ;Magiczna runa.;ITEM_CAT_RUNE;-;Rune;Rune;AdminRunes;runes;FAŁSZ;BRAK;-;itru_berzerk;1;1;Gamemaster;FAŁSZ;BRAK;BRAK;BRAK;BRAK;BRAK;BRAK;BRAK;DAMAGE_MAGIC;50;BRAK;BRAK;BRAK;BRAK;BRAK;BRAK;BRAK;FAŁSZ;BRAK;1;10;Obrażenia;BRAK;BRAK;FAŁSZ;5;5;BRAK;BRAK;BRAK;BRAK;BRAK;BRAK;BRAK;BRAK;BRAK;BRAK;Zaklinacz;Runy;;NIE;TAK;TAK;FAŁSZ
Strzała ciemności;#N/D;#N/D;FAŁSZ;Magiczna runa.;ITEM_CAT_RUNE;-;Rune;Rune;AdminRunes;runes;FAŁSZ;BRAK;-;ItRu_Deathball2;1;1;Gamemaster;FAŁSZ;BRAK;BRAK;BRAK;BRAK;BRAK;BRAK;BRAK;DAMAGE_MAGIC;50;BRAK;BRAK;BRAK;BRAK;BRAK;BRAK;BRAK;FAŁSZ;BRAK;1;10;Obrażenia;BRAK;BRAK;FAŁSZ;5;5;BRAK;BRAK;BRAK;BRAK;BRAK;BRAK;BRAK;BRAK;BRAK;BRAK;Zaklinacz;Runy;;NIE;TAK;TAK;FAŁSZ
Kojący dotyk;#N/D;#N/D;FAŁSZ;Magiczna runa.;ITEM_CAT_RUNE;-;Rune;Rune;AdminRunes;runes;FAŁSZ;BRAK;-;ItRu_HealOther;1;1;Gamemaster;FAŁSZ;BRAK;BRAK;BRAK;BRAK;BRAK;BRAK;BRAK;DAMAGE_MAGIC;50;BRAK;BRAK;BRAK;BRAK;BRAK;74;BRAK;FAŁSZ;BRAK;1;10;;BRAK;BRAK;FAŁSZ;5;5;BRAK;BRAK;BRAK;BRAK;BRAK;BRAK;BRAK;BRAK;BRAK;BRAK;Zaklinacz;Runy;;NIE;TAK;TAK;FAŁSZ
Mniejsza klątwa mroku;#N/D;#N/D;FAŁSZ;Magiczna runa.;ITEM_CAT_RUNE;-;Rune;Rune;AdminRunes;runes;FAŁSZ;BRAK;-;itru_dot_first;1;1;Gamemaster;FAŁSZ;BRAK;BRAK;BRAK;BRAK;BRAK;BRAK;BRAK;DAMAGE_MAGIC;50;BRAK;BRAK;BRAK;BRAK;BRAK;BRAK;BRAK;FAŁSZ;BRAK;1;10;Obrażenia;BRAK;BRAK;FAŁSZ;5;5;BRAK;BRAK;BRAK;BRAK;BRAK;BRAK;BRAK;BRAK;BRAK;BRAK;Zaklinacz;Runy;;NIE;TAK;TAK;FAŁSZ
Większa klątwa mroku;#N/D;#N/D;FAŁSZ;Magiczna runa.;ITEM_CAT_RUNE;-;Rune;Rune;AdminRunes;runes;FAŁSZ;BRAK;-;itru_dot_second;1;1;Gamemaster;FAŁSZ;BRAK;BRAK;BRAK;BRAK;BRAK;BRAK;BRAK;DAMAGE_MAGIC;50;BRAK;BRAK;BRAK;BRAK;BRAK;BRAK;BRAK;FAŁSZ;BRAK;1;10;Obrażenia;BRAK;BRAK;FAŁSZ;5;5;BRAK;BRAK;BRAK;BRAK;BRAK;BRAK;BRAK;BRAK;BRAK;BRAK;Zaklinacz;Runy;;NIE;TAK;TAK;FAŁSZ
Kula mroku;#N/D;#N/D;FAŁSZ;Magiczna runa.;ITEM_CAT_RUNE;-;Rune;Rune;AdminRunes;runes;FAŁSZ;BRAK;-;itru_darkball;1;1;Gamemaster;FAŁSZ;BRAK;BRAK;BRAK;BRAK;BRAK;BRAK;BRAK;DAMAGE_MAGIC;50;BRAK;BRAK;BRAK;BRAK;BRAK;BRAK;BRAK;FAŁSZ;BRAK;1;10;Obrażenia;BRAK;BRAK;FAŁSZ;5;5;BRAK;BRAK;BRAK;BRAK;BRAK;BRAK;BRAK;BRAK;BRAK;BRAK;Zaklinacz;Runy;;NIE;TAK;TAK;FAŁSZ
Duża kula mroku;#N/D;#N/D;FAŁSZ;Magiczna runa.;ITEM_CAT_RUNE;-;Rune;Rune;AdminRunes;runes;FAŁSZ;BRAK;-;itru_bigdarkball;1;1;Gamemaster;FAŁSZ;BRAK;BRAK;BRAK;BRAK;BRAK;BRAK;BRAK;DAMAGE_MAGIC;50;BRAK;BRAK;BRAK;BRAK;BRAK;BRAK;BRAK;FAŁSZ;BRAK;1;10;Obrażenia;BRAK;BRAK;FAŁSZ;5;5;BRAK;BRAK;BRAK;BRAK;BRAK;BRAK;BRAK;BRAK;BRAK;BRAK;Zaklinacz;Runy;;NIE;TAK;TAK;FAŁSZ
Czarny sen;#N/D;#N/D;FAŁSZ;Magiczna runa.;ITEM_CAT_RUNE;-;Rune;Rune;AdminRunes;runes;FAŁSZ;BRAK;-;itru_darksleep;1;1;Gamemaster;FAŁSZ;BRAK;BRAK;BRAK;BRAK;BRAK;BRAK;BRAK;DAMAGE_MAGIC;50;BRAK;BRAK;BRAK;BRAK;BRAK;BRAK;BRAK;FAŁSZ;BRAK;1;10;Obrażenia;BRAK;BRAK;FAŁSZ;5;5;BRAK;BRAK;BRAK;BRAK;BRAK;BRAK;BRAK;BRAK;BRAK;BRAK;Zaklinacz;Runy;;NIE;TAK;TAK;FAŁSZ
Czarna włócznia;#N/D;#N/D;FAŁSZ;Magiczna runa.;ITEM_CAT_RUNE;-;Rune;Rune;AdminRunes;runes;FAŁSZ;BRAK;-;itru_darkspear;1;1;Gamemaster;FAŁSZ;BRAK;BRAK;BRAK;BRAK;BRAK;BRAK;BRAK;DAMAGE_MAGIC;50;BRAK;BRAK;BRAK;BRAK;BRAK;BRAK;BRAK;FAŁSZ;BRAK;1;10;;BRAK;BRAK;FAŁSZ;5;5;BRAK;BRAK;BRAK;BRAK;BRAK;BRAK;BRAK;BRAK;BRAK;BRAK;Zaklinacz;Runy;;NIE;TAK;TAK;FAŁSZ
Ognista ochrona;#N/D;#N/D;FAŁSZ;Magiczna runa.;ITEM_CAT_RUNE;-;Rune;Rune;AdminRunes;runes;FAŁSZ;BRAK;-;itru_firelight;1;1;Gamemaster;FAŁSZ;BRAK;BRAK;BRAK;BRAK;BRAK;BRAK;BRAK;DAMAGE_MAGIC;50;BRAK;BRAK;BRAK;BRAK;BRAK;BRAK;BRAK;FAŁSZ;BRAK;1;10;Obrażenia;BRAK;BRAK;FAŁSZ;5;5;BRAK;BRAK;BRAK;BRAK;BRAK;BRAK;BRAK;BRAK;BRAK;BRAK;Zaklinacz;Runy;;NIE;TAK;TAK;FAŁSZ
Lodowy wybuch;#N/D;#N/D;FAŁSZ;Magiczna runa.;ITEM_CAT_RUNE;-;Rune;Rune;AdminRunes;runes;FAŁSZ;BRAK;-;itru_iceexploision;1;1;Gamemaster;FAŁSZ;BRAK;BRAK;BRAK;BRAK;BRAK;BRAK;BRAK;DAMAGE_MAGIC;50;BRAK;BRAK;BRAK;BRAK;BRAK;BRAK;BRAK;FAŁSZ;BRAK;1;10;Obrażenia;BRAK;BRAK;FAŁSZ;5;5;BRAK;BRAK;BRAK;BRAK;BRAK;BRAK;BRAK;BRAK;BRAK;BRAK;Zaklinacz;Runy;;NIE;TAK;TAK;FAŁSZ
Kriokineza;#N/D;#N/D;FAŁSZ;Magiczna runa.;ITEM_CAT_RUNE;-;Rune;Rune;AdminRunes;runes;FAŁSZ;BRAK;-;itru_watermage_stream;1;1;Gamemaster;FAŁSZ;BRAK;BRAK;BRAK;BRAK;BRAK;BRAK;BRAK;DAMAGE_MAGIC;-50;BRAK;BRAK;BRAK;BRAK;1;76;BRAK;FAŁSZ;BRAK;1;10;Leczenie;BRAK;BRAK;FAŁSZ;5;5;BRAK;BRAK;BRAK;BRAK;BRAK;BRAK;BRAK;BRAK;BRAK;BRAK;Zaklinacz;Runy;;NIE;TAK;TAK;FAŁSZ
Magiczna sfera;#N/D;#N/D;FAŁSZ;Magiczna runa.;ITEM_CAT_RUNE;-;Rune;Rune;AdminRunes;runes;FAŁSZ;BRAK;-;itru_magsphere;1;1;Gamemaster;FAŁSZ;BRAK;BRAK;BRAK;BRAK;BRAK;BRAK;BRAK;DAMAGE_MAGIC;50;BRAK;BRAK;BRAK;BRAK;BRAK;BRAK;BRAK;FAŁSZ;BRAK;1;10;Obrażenia;BRAK;BRAK;FAŁSZ;5;5;BRAK;BRAK;BRAK;BRAK;BRAK;BRAK;BRAK;BRAK;BRAK;BRAK;Zaklinacz;Runy;;NIE;TAK;TAK;FAŁSZ
 Pomniejsza pusta runa;52,50;52,50;FAŁSZ;Pomniejsza runa;ITEM_CAT_NONE;-;Materials;Materials;AdminMaterials;materials;PRAWDA;ITMI_RUNEBLANK;-;ITMI_GS_MAT_225;1;1;Gamemaster;FAŁSZ;BRAK;BRAK;BRAK;BRAK;BRAK;BRAK;BRAK;BRAK;BRAK;BRAK;BRAK;BRAK;BRAK;BRAK;BRAK;BRAK;FAŁSZ;BRAK;BRAK;BRAK;;BRAK;BRAK;FAŁSZ;5;5;BRAK;BRAK;BRAK;BRAK;BRAK;BRAK;BRAK;BRAK;BRAK;BRAK;Zaklinacz;Inne;ItMi_RuneBlank.3ds;TAK;TAK;TAK;PRAWDA
 Pusta Runa;272,50;272,50;FAŁSZ;Zwykła runa;ITEM_CAT_NONE;-;Materials;Materials;AdminMaterials;materials;PRAWDA;ITMI_RUNEBLANK;-;ITMI_GS_MAT_226;1;3;Gamemaster;FAŁSZ;BRAK;BRAK;BRAK;BRAK;BRAK;BRAK;BRAK;BRAK;BRAK;BRAK;BRAK;BRAK;BRAK;BRAK;BRAK;BRAK;FAŁSZ;BRAK;BRAK;BRAK;;BRAK;BRAK;FAŁSZ;5;5;BRAK;BRAK;BRAK;BRAK;BRAK;BRAK;BRAK;BRAK;BRAK;BRAK;Zaklinacz;Inne;ItMi_RuneBlank.3ds;TAK;TAK;TAK;PRAWDA
Większa pusta runa;712,50;712,50;FAŁSZ;Zwykła runa;ITEM_CAT_NONE;-;Materials;Materials;AdminMaterials;materials;PRAWDA;ITMI_RUNEBLANK;-;ITMI_GS_MAT_227;1;5;Gamemaster;FAŁSZ;BRAK;BRAK;BRAK;BRAK;BRAK;BRAK;BRAK;BRAK;BRAK;BRAK;BRAK;BRAK;BRAK;BRAK;BRAK;BRAK;FAŁSZ;BRAK;BRAK;BRAK;;BRAK;BRAK;FAŁSZ;5;5;BRAK;BRAK;BRAK;BRAK;BRAK;BRAK;BRAK;BRAK;BRAK;BRAK;Zaklinacz;Inne;ItMi_RuneBlank.3ds;TAK;TAK;TAK;PRAWDA
Pióro do pisania;17,50;17,50;FAŁSZ;Pióro do pisania;ITEM_CAT_NONE;-;Materials;Materials;AdminMaterials;materials;FAŁSZ;ITCR_SDRP_DROP_20;-;ITMI_GS_MAT_228;0,2;0;Gamemaster;FAŁSZ;BRAK;BRAK;BRAK;BRAK;BRAK;BRAK;BRAK;BRAK;BRAK;BRAK;BRAK;BRAK;BRAK;BRAK;BRAK;BRAK;FAŁSZ;BRAK;BRAK;BRAK;;Pióro harpii;3;FAŁSZ;5;5;BRAK;BRAK;BRAK;BRAK;BRAK;BRAK;BRAK;BRAK;BRAK;BRAK;Zaklinacz;Inne;FEDERV6.3ds;TAK;TAK;TAK;PRAWDA
Przemiana w kota (Zwój);#N/D;#N/D;FAŁSZ;Magia potrafiąca przemienić człowieka w bestie.;ITEM_CAT_MAGIC;-;Rune;MagicScroll;AdminRunes;scrolls;PRAWDA;ItSc_TrfSheep;ItSc_Transform1;ItSc_Transform14;0,2;1;Gamemaster;FAŁSZ;BRAK;BRAK;BRAK;BRAK;BRAK;BRAK;BRAK;DAMAGE_MAGIC;5;BRAK;BRAK;BRAK;BRAK;BRAK;BRAK;Cat3;PRAWDA;50;0;10;Przemiana;BRAK;BRAK;PRAWDA;5;5;BRAK;BRAK;BRAK;BRAK;BRAK;BRAK;BRAK;BRAK;BRAK;BRAK;Zaklinacz;Inne;;NIE;TAK;TAK;FAŁSZ
Przemiana w owce (Zwój);#N/D;#N/D;FAŁSZ;Magia potrafiąca przemienić człowieka w bestie.;ITEM_CAT_MAGIC;-;Rune;MagicScroll;AdminRunes;scrolls;PRAWDA;ItSc_TrfSheep;ItSc_Transform1;ItSc_Transform1;0,2;1;Gamemaster;FAŁSZ;BRAK;BRAK;BRAK;BRAK;BRAK;BRAK;BRAK;DAMAGE_MAGIC;5;BRAK;BRAK;BRAK;BRAK;BRAK;BRAK;sheep;PRAWDA;100;0;10;Przemiana;BRAK;BRAK;PRAWDA;5;5;BRAK;BRAK;BRAK;BRAK;BRAK;BRAK;BRAK;BRAK;BRAK;BRAK;Zaklinacz;Zwój;;NIE;TAK;TAK;FAŁSZ
Przemiana w olbrzymiego szczura (Zwój);#N/D;#N/D;FAŁSZ;Magia potrafiąca przemienić człowieka w bestie.;ITEM_CAT_MAGIC;-;Rune;MagicScroll;AdminRunes;scrolls;PRAWDA;itsc_trfgiantrat;ItSc_Transform1;ItSc_Transform2;0,2;1;Gamemaster;FAŁSZ;BRAK;BRAK;BRAK;BRAK;BRAK;BRAK;BRAK;DAMAGE_MAGIC;10;BRAK;BRAK;BRAK;BRAK;BRAK;BRAK;ygiant_rat;FAŁSZ;150;0;10;Przemiana;BRAK;BRAK;PRAWDA;5;5;BRAK;BRAK;BRAK;BRAK;BRAK;BRAK;BRAK;BRAK;BRAK;BRAK;Zaklinacz;Zwój;;NIE;TAK;TAK;FAŁSZ
Przemiana w polną bestie (Zwój);#N/D;#N/D;FAŁSZ;Magia potrafiąca przemienić człowieka w bestie.;ITEM_CAT_MAGIC;-;Rune;MagicScroll;AdminRunes;scrolls;PRAWDA;Itsc_TrfGiantBug;ItSc_Transform1;ItSc_Transform3;0,2;1;Gamemaster;FAŁSZ;BRAK;BRAK;BRAK;BRAK;BRAK;BRAK;BRAK;DAMAGE_MAGIC;20;BRAK;BRAK;BRAK;BRAK;BRAK;BRAK;Giant_Bug;FAŁSZ;300;0;10;Przemiana;BRAK;BRAK;PRAWDA;5;5;BRAK;BRAK;BRAK;BRAK;BRAK;BRAK;BRAK;BRAK;BRAK;BRAK;Zaklinacz;Zwój;;NIE;TAK;TAK;FAŁSZ
Ognista strzała (Zwój);21,53;23,61;FAŁSZ;Z delikatnym blaskiem migoczącym w jej wnętrzu, która potrafi uwolnić błyskawicę.;ITEM_CAT_MAGIC;-;Rune;MagicScroll;AdminRunes;scrolls;PRAWDA;ITSC_FIREBOLT;-;ITSC_FIREBOLT;0,2;1;Gamemaster;FAŁSZ;BRAK;BRAK;BRAK;BRAK;BRAK;BRAK;BRAK;DAMAGE_FIRE;25;BRAK;BRAK;BRAK;BRAK;BRAK;BRAK;BRAK;FAŁSZ;BRAK;0;10;Obrażenia;BRAK;BRAK;PRAWDA;5;5;BRAK;BRAK;BRAK;BRAK;BRAK;BRAK;BRAK;BRAK;BRAK;BRAK;Zaklinacz;Zwój;ItSc_Firebolt.3DS;TAK;TAK;TAK;PRAWDA
Lodowa strzała (Zwój);21,53;23,61;FAŁSZ;Żarząca się ciepłym blaskiem i gotowa przeszyć powietrze płomiennym świstem.;ITEM_CAT_MAGIC;-;Rune;MagicScroll;AdminRunes;scrolls;PRAWDA;ITSC_ICEBOLT;-;ITSC_ICEBOLT;0,2;1;Gamemaster;FAŁSZ;BRAK;BRAK;BRAK;BRAK;BRAK;BRAK;BRAK;DAMAGE_MAGIC;25;BRAK;BRAK;BRAK;BRAK;BRAK;BRAK;BRAK;FAŁSZ;BRAK;0;10;Obrażenia;BRAK;BRAK;PRAWDA;5;5;BRAK;BRAK;BRAK;BRAK;BRAK;BRAK;BRAK;BRAK;BRAK;BRAK;Zaklinacz;Zwój;ItSc_Icebolt.3DS;TAK;TAK;TAK;PRAWDA
Światło (Zwój);9,95;10,70;FAŁSZ;Z subtelnym rysunkiem skrzydła.;ITEM_CAT_MAGIC;-;Rune;MagicScroll;AdminRunes;scrolls;PRAWDA;ITSC_LIGHT;-;ITSC_LIGHT;0,2;0;Gamemaster;FAŁSZ;BRAK;BRAK;BRAK;BRAK;BRAK;BRAK;BRAK;DAMAGE_MAGIC;BRAK;BRAK;BRAK;BRAK;BRAK;BRAK;BRAK;BRAK;FAŁSZ;BRAK;0;10;;BRAK;BRAK;PRAWDA;5;5;BRAK;BRAK;BRAK;BRAK;BRAK;BRAK;BRAK;BRAK;BRAK;BRAK;Zaklinacz;Zwój;ItSc_Light.3DS;TAK;TAK;TAK;PRAWDA
Mała błyskawica (Zwój);21,53;23,61;FAŁSZ;Zimna w dotyku i migocząca lodowym blaskiem i zdolna przeszyć powietrze mroźnym świstem.;ITEM_CAT_MAGIC;-;Rune;MagicScroll;AdminRunes;scrolls;PRAWDA;ITSC_ZAP;-;ITSC_ZAP;0,2;1;Gamemaster;FAŁSZ;BRAK;BRAK;BRAK;BRAK;BRAK;BRAK;BRAK;DAMAGE_MAGIC;25;BRAK;BRAK;BRAK;BRAK;BRAK;BRAK;BRAK;FAŁSZ;BRAK;0;10;Obrażenia;BRAK;BRAK;PRAWDA;5;5;BRAK;BRAK;BRAK;BRAK;BRAK;BRAK;BRAK;BRAK;BRAK;BRAK;Zaklinacz;Zwój;ItSc_Zap.3DS;TAK;TAK;TAK;PRAWDA
Przemiana w ścierwojada (Zwój);#N/D;#N/D;FAŁSZ;Magia potrafiąca przemienić człowieka w bestie.;ITEM_CAT_MAGIC;-;Rune;MagicScroll;AdminRunes;scrolls;PRAWDA;Itsc_TrfScavenger;ItSc_Transform1;ItSc_Transform4;0,2;2;Gamemaster;FAŁSZ;BRAK;BRAK;BRAK;BRAK;BRAK;BRAK;BRAK;DAMAGE_MAGIC;30;BRAK;BRAK;BRAK;BRAK;BRAK;BRAK;Scavenger;FAŁSZ;400;1;20;Przemiana;BRAK;BRAK;PRAWDA;5;5;BRAK;BRAK;BRAK;BRAK;BRAK;BRAK;BRAK;BRAK;BRAK;BRAK;Zaklinacz;Zwój;;NIE;TAK;TAK;FAŁSZ
Przemiana w wilka (Zwój);#N/D;#N/D;FAŁSZ;Magia potrafiąca przemienić człowieka w bestie.;ITEM_CAT_MAGIC;-;Rune;MagicScroll;AdminRunes;scrolls;PRAWDA;itsc_trfwolf;ItSc_Transform1;ItSc_Transform5;0,2;2;Gamemaster;FAŁSZ;BRAK;BRAK;BRAK;BRAK;BRAK;BRAK;BRAK;DAMAGE_MAGIC;30;BRAK;BRAK;BRAK;BRAK;BRAK;BRAK;wolf;FAŁSZ;400;1;20;Przemiana;BRAK;BRAK;PRAWDA;5;5;BRAK;BRAK;BRAK;BRAK;BRAK;BRAK;BRAK;BRAK;BRAK;BRAK;Zaklinacz;Zwój;ItSc_SumWolf.3DS;NIE;TAK;TAK;FAŁSZ
Przemiana w topielca (Zwój);#N/D;#N/D;FAŁSZ;Magia potrafiąca przemienić człowieka w bestie.;ITEM_CAT_MAGIC;-;Rune;MagicScroll;AdminRunes;scrolls;PRAWDA;Itsc_TrfLurker;ItSc_Transform1;ItSc_Transform6;0,2;2;Gamemaster;FAŁSZ;BRAK;BRAK;BRAK;BRAK;BRAK;BRAK;BRAK;DAMAGE_MAGIC;40;BRAK;BRAK;BRAK;BRAK;BRAK;BRAK;Topielec;FAŁSZ;500;1;20;Przemiana;BRAK;BRAK;PRAWDA;5;5;BRAK;BRAK;BRAK;BRAK;BRAK;BRAK;BRAK;BRAK;BRAK;BRAK;Zaklinacz;Zwój;;NIE;TAK;TAK;FAŁSZ
Kula ognia (Zwój);31,53;33,61;FAŁSZ;Żarząca się wewnętrznym płomieniem gotowym eksplodować w płomiennym wybuchu.;ITEM_CAT_MAGIC;-;Rune;MagicScroll;AdminRunes;scrolls;PRAWDA;ITSC_INSTANTFIREBALL;-;ITSC_INSTANTFIREBALL;0,2;2;Gamemaster;FAŁSZ;BRAK;BRAK;BRAK;BRAK;BRAK;BRAK;BRAK;DAMAGE_FIRE;50;BRAK;BRAK;BRAK;BRAK;BRAK;BRAK;BRAK;FAŁSZ;BRAK;1;20;Obrażenia;BRAK;BRAK;PRAWDA;5;5;BRAK;BRAK;BRAK;BRAK;BRAK;BRAK;BRAK;BRAK;BRAK;BRAK;Zaklinacz;Zwój;ItSc_InstantFireball.3DS;TAK;TAK;TAK;PRAWDA
Lodowa lanca (Zwój);31,53;33,61;FAŁSZ;Chłodna w dotyku  zdolna przebić każdy cel lodowym ostrzem.;ITEM_CAT_MAGIC;-;Rune;MagicScroll;AdminRunes;scrolls;PRAWDA;ITSC_ICELANCE;-;ITSC_ICELANCE;0,2;2;Gamemaster;FAŁSZ;BRAK;BRAK;BRAK;BRAK;BRAK;BRAK;BRAK;DAMAGE_MAGIC;50;BRAK;BRAK;BRAK;BRAK;BRAK;BRAK;BRAK;FAŁSZ;BRAK;1;20;Obrażenia;BRAK;BRAK;PRAWDA;5;5;BRAK;BRAK;BRAK;BRAK;BRAK;BRAK;BRAK;BRAK;BRAK;BRAK;Zaklinacz;Zwój;ItSc_Water04.3DS;TAK;TAK;TAK;PRAWDA
Wir (Zwój);31,53;33,61;FAŁSZ;Zawirowanie magicznej energii, wciągające wszystko w swój oślepiający tan, jakby sama przestrzeń się zaginała.;ITEM_CAT_MAGIC;-;Rune;MagicScroll;AdminRunes;scrolls;PRAWDA;ITSC_WHIRLWIND;-;ITSC_WHIRLWIND;0,2;2;Gamemaster;FAŁSZ;BRAK;BRAK;BRAK;BRAK;BRAK;BRAK;BRAK;DAMAGE_MAGIC;50;BRAK;BRAK;BRAK;BRAK;BRAK;BRAK;BRAK;FAŁSZ;BRAK;1;20;Obrażenia;BRAK;BRAK;PRAWDA;5;5;BRAK;BRAK;BRAK;BRAK;BRAK;BRAK;BRAK;BRAK;BRAK;BRAK;Zaklinacz;Zwój;ItSc_Water02.3DS;TAK;TAK;TAK;PRAWDA
Wodna pięść (Zwój);31,53;33,61;FAŁSZ;Skupiona w dłoni woda uderza z siłą oceanicznego przypływu, miażdżąc wszystko na swojej drodze ciśnieniem głębin.;ITEM_CAT_MAGIC;-;Rune;MagicScroll;AdminRunes;scrolls;PRAWDA;ITSC_WATERFIST;-;ITSC_WATERFIST;0,2;2;Gamemaster;FAŁSZ;BRAK;BRAK;BRAK;BRAK;BRAK;BRAK;BRAK;DAMAGE_MAGIC;50;BRAK;BRAK;BRAK;BRAK;BRAK;BRAK;BRAK;FAŁSZ;BRAK;1;20;Obrażenia;BRAK;BRAK;PRAWDA;5;5;BRAK;BRAK;BRAK;BRAK;BRAK;BRAK;BRAK;BRAK;BRAK;BRAK;Zaklinacz;Zwój;ItSc_Water03.3DS;TAK;TAK;TAK;PRAWDA
Pięść wichru (Zwój);31,53;33,61;FAŁSZ;Niewidzialna siła, która zgina drzewa i zmiata przeciwników z nóg, towarzyszy jej świst przyspieszonego powietrza.;ITEM_CAT_MAGIC;-;Rune;MagicScroll;AdminRunes;scrolls;PRAWDA;ITSC_WINDFIST;-;ITSC_WINDFIST;0,2;2;Gamemaster;FAŁSZ;BRAK;BRAK;BRAK;BRAK;BRAK;BRAK;BRAK;DAMAGE_MAGIC;50;BRAK;BRAK;BRAK;BRAK;BRAK;BRAK;BRAK;FAŁSZ;BRAK;1;20;Obrażenia;BRAK;BRAK;PRAWDA;5;5;BRAK;BRAK;BRAK;BRAK;BRAK;BRAK;BRAK;BRAK;BRAK;BRAK;Zaklinacz;Zwój;ItSc_Windfist.3DS;TAK;TAK;TAK;PRAWDA
Sen (Zwój);26,53;28,61;FAŁSZ;Aksamitny półmrok, który otula umysł, kładąc na powieki ciężar nie do uniesienia. Tylko szept marzeń pozostaje.;ITEM_CAT_MAGIC;-;Rune;MagicScroll;AdminRunes;scrolls;PRAWDA;ITSC_SLEEP;-;ITSC_SLEEP;0,2;2;Gamemaster;FAŁSZ;BRAK;BRAK;BRAK;BRAK;BRAK;BRAK;BRAK;DAMAGE_MAGIC;BRAK;BRAK;BRAK;BRAK;BRAK;BRAK;BRAK;BRAK;FAŁSZ;BRAK;1;20;;BRAK;BRAK;PRAWDA;5;5;BRAK;BRAK;BRAK;BRAK;BRAK;BRAK;BRAK;BRAK;BRAK;BRAK;Zaklinacz;Zwój;ItSc_Sleep.3DS;TAK;TAK;TAK;PRAWDA
Przemiana w jaszczura (Zwój);#N/D;#N/D;FAŁSZ;Magia potrafiąca przemienić człowieka w bestie.;ITEM_CAT_MAGIC;-;Rune;MagicScroll;AdminRunes;scrolls;PRAWDA;ItSc_TrfWaran;ItSc_Transform1;ItSc_Transform7;0,2;3;Gamemaster;FAŁSZ;BRAK;BRAK;BRAK;BRAK;BRAK;BRAK;BRAK;DAMAGE_MAGIC;50;BRAK;BRAK;BRAK;BRAK;BRAK;BRAK;Waran;FAŁSZ;650;2;25;Przemiana;BRAK;BRAK;PRAWDA;5;5;BRAK;BRAK;BRAK;BRAK;BRAK;BRAK;BRAK;BRAK;BRAK;BRAK;Zaklinacz;Zwój;;NIE;TAK;TAK;FAŁSZ
Przemiana w zębacza (Zwój);#N/D;#N/D;FAŁSZ;Magia potrafiąca przemienić człowieka w bestie.;ITEM_CAT_MAGIC;-;Rune;MagicScroll;AdminRunes;scrolls;PRAWDA;Itsc_TrfSnapper;ItSc_Transform1;ItSc_Transform8;0,2;3;Gamemaster;FAŁSZ;BRAK;BRAK;BRAK;BRAK;BRAK;BRAK;BRAK;DAMAGE_MAGIC;50;BRAK;BRAK;BRAK;BRAK;BRAK;BRAK;Snapper;FAŁSZ;650;2;25;Przemiana;BRAK;BRAK;PRAWDA;5;5;BRAK;BRAK;BRAK;BRAK;BRAK;BRAK;BRAK;BRAK;BRAK;BRAK;Zaklinacz;Zwój;;NIE;TAK;TAK;FAŁSZ
Strach (Zwój);42,41;46,01;FAŁSZ;Mrok, który przybiera kształt najgorszych koszmarów ofiary, zmuszając serce do szalonego pędu, a nogi do ucieczki.;ITEM_CAT_MAGIC;-;Rune;MagicScroll;AdminRunes;scrolls;PRAWDA;ITSC_FEAR;-;ITSC_FEAR;0,2;3;Gamemaster;FAŁSZ;BRAK;BRAK;BRAK;BRAK;BRAK;BRAK;BRAK;DAMAGE_MAGIC;BRAK;BRAK;BRAK;BRAK;BRAK;BRAK;BRAK;BRAK;FAŁSZ;BRAK;2;25;;BRAK;BRAK;PRAWDA;5;5;BRAK;BRAK;BRAK;BRAK;BRAK;BRAK;BRAK;BRAK;BRAK;BRAK;Zaklinacz;Zwój;ItSc_Fear.3DS;TAK;TAK;TAK;PRAWDA
Gejzer (Zwój);52,41;56,01;FAŁSZ;Ziemia drży, a spod stóp wystrzela wrzący strumień wody i pary, parząc wszystko wokół gorącym oddechem głębin.;ITEM_CAT_MAGIC;-;Rune;MagicScroll;AdminRunes;scrolls;PRAWDA;ITSC_GEYSER;-;ITSC_GEYSER;0,2;3;Gamemaster;FAŁSZ;BRAK;BRAK;BRAK;BRAK;BRAK;BRAK;BRAK;DAMAGE_MAGIC;75;BRAK;BRAK;BRAK;BRAK;BRAK;BRAK;BRAK;FAŁSZ;BRAK;2;25;;BRAK;BRAK;PRAWDA;5;5;BRAK;BRAK;BRAK;BRAK;BRAK;BRAK;BRAK;BRAK;BRAK;BRAK;Zaklinacz;Zwój;ItSc_Water01.3DS;TAK;TAK;TAK;PRAWDA
Piorun kulisty (Zwój);52,41;56,01;FAŁSZ;Błękitna, pulsująca kula energii, która wisi w powietrzu, by nagle eksplodować gromowym grzmotem, rażąc wszystko wokół.;ITEM_CAT_MAGIC;-;Rune;MagicScroll;AdminRunes;scrolls;PRAWDA;ITSC_THUNDERBALL;-;ITSC_THUNDERBALL;0,2;3;Gamemaster;FAŁSZ;BRAK;BRAK;BRAK;BRAK;BRAK;BRAK;BRAK;DAMAGE_MAGIC;75;BRAK;BRAK;BRAK;BRAK;BRAK;BRAK;BRAK;FAŁSZ;BRAK;2;25;Obrażenia;BRAK;BRAK;PRAWDA;5;5;BRAK;BRAK;BRAK;BRAK;BRAK;BRAK;BRAK;BRAK;BRAK;BRAK;Zaklinacz;Zwój;ItSc_ThunderBall.3DS;TAK;TAK;TAK;PRAWDA
Duża kula ognia (Zwój);72,41;76,01;FAŁSZ;Ogromna, wirująca kula płomieni, która huczy jak piekielny sztorm, gotowa pochłonąć całą przestrzeń w ognistej pożodze.;ITEM_CAT_MAGIC;-;Rune;MagicScroll;AdminRunes;scrolls;PRAWDA;ITSC_CHARGEFIREBALL;-;ITSC_CHARGEFIREBALL;0,2;3;Gamemaster;FAŁSZ;BRAK;BRAK;BRAK;BRAK;BRAK;BRAK;BRAK;DAMAGE_FIRE;75;BRAK;BRAK;BRAK;BRAK;BRAK;BRAK;BRAK;FAŁSZ;BRAK;2;25;Obrażenia;BRAK;BRAK;PRAWDA;5;5;BRAK;BRAK;BRAK;BRAK;BRAK;BRAK;BRAK;BRAK;BRAK;BRAK;Zaklinacz;Zwój;ItSc_ChargeFireball.3DS;TAK;TAK;TAK;PRAWDA
Mała burza ognista (Zwój);57,41;61,01;FAŁSZ;Chmura iskier i skwierczących płomieni, tańcząca w powietrzu, siejąc chaos drobnymi, lecz bolesnymi oparzeniami.;ITEM_CAT_MAGIC;-;Rune;MagicScroll;AdminRunes;scrolls;PRAWDA;ITSC_FIRESTORM;-;ITSC_FIRESTORM;0,2;3;Gamemaster;FAŁSZ;BRAK;BRAK;BRAK;BRAK;BRAK;BRAK;BRAK;DAMAGE_FIRE;75;BRAK;BRAK;BRAK;BRAK;BRAK;BRAK;BRAK;FAŁSZ;BRAK;2;25;Obrażenia;BRAK;BRAK;PRAWDA;5;5;BRAK;BRAK;BRAK;BRAK;BRAK;BRAK;BRAK;BRAK;BRAK;BRAK;Zaklinacz;Zwój;ItSc_Firestorm.3DS;TAK;TAK;TAK;PRAWDA
Przemiana w warga (Zwój);#N/D;#N/D;FAŁSZ;Magia potrafiąca przemienić człowieka w bestie.;ITEM_CAT_MAGIC;-;Rune;MagicScroll;AdminRunes;scrolls;PRAWDA;ItSc_TrfWarg;ItSc_Transform1;ItSc_Transform9;0,2;4;Gamemaster;FAŁSZ;BRAK;BRAK;BRAK;BRAK;BRAK;BRAK;BRAK;DAMAGE_MAGIC;65;BRAK;BRAK;BRAK;BRAK;BRAK;BRAK;warg;FAŁSZ;800;3;40;Przemiana;BRAK;BRAK;FAŁSZ;5;5;BRAK;BRAK;BRAK;BRAK;BRAK;BRAK;BRAK;BRAK;BRAK;BRAK;Zaklinacz;Zwój;;NIE;TAK;TAK;FAŁSZ
Przemiana w ognistego jaszczura (Zwój);#N/D;#N/D;FAŁSZ;Magia potrafiąca przemienić człowieka w bestie.;ITEM_CAT_MAGIC;-;Rune;MagicScroll;AdminRunes;scrolls;PRAWDA;ItSc_TrfFireWaran;ItSc_Transform1;ItSc_Transform10;0,2;4;Gamemaster;FAŁSZ;BRAK;BRAK;BRAK;BRAK;BRAK;BRAK;BRAK;DAMAGE_MAGIC;70;BRAK;BRAK;BRAK;BRAK;BRAK;BRAK;FireWaran;FAŁSZ;750;3;40;Przemiana;BRAK;BRAK;FAŁSZ;5;5;BRAK;BRAK;BRAK;BRAK;BRAK;BRAK;BRAK;BRAK;BRAK;BRAK;Zaklinacz;Zwój;;NIE;TAK;TAK;FAŁSZ
Przemiana w smoczego zębacza (Zwój);#N/D;#N/D;FAŁSZ;Magia potrafiąca przemienić człowieka w bestie.;ITEM_CAT_MAGIC;-;Rune;MagicScroll;AdminRunes;scrolls;PRAWDA;itsc_trfdragonsnapper;ItSc_Transform1;ItSc_Transform11;0,2;4;Gamemaster;FAŁSZ;BRAK;BRAK;BRAK;BRAK;BRAK;BRAK;BRAK;DAMAGE_MAGIC;75;BRAK;BRAK;BRAK;BRAK;BRAK;BRAK;DragonSnapper;FAŁSZ;700;3;40;Przemiana;BRAK;BRAK;FAŁSZ;5;5;BRAK;BRAK;BRAK;BRAK;BRAK;BRAK;BRAK;BRAK;BRAK;BRAK;Zaklinacz;Zwój;;NIE;TAK;TAK;FAŁSZ
Bryła lodu (Zwój);424,78;429,61;FAŁSZ;Ogromny głaz lodu o ostrzach jak sztylety, który zamarza w locie, by roztrzaskać się z dźwiękiem kruszącego się szkła.;ITEM_CAT_MAGIC;-;Rune;MagicScroll;AdminRunes;scrolls;PRAWDA;ITSC_ICECUBE;-;ITSC_ICECUBE;0,2;4;Gamemaster;FAŁSZ;BRAK;BRAK;BRAK;BRAK;BRAK;BRAK;BRAK;DAMAGE_MAGIC;100;BRAK;BRAK;BRAK;BRAK;BRAK;BRAK;BRAK;FAŁSZ;BRAK;3;40;Obrażenia;BRAK;BRAK;FAŁSZ;5;5;BRAK;BRAK;BRAK;BRAK;BRAK;BRAK;BRAK;BRAK;BRAK;BRAK;Zaklinacz;Zwój;ItSc_IceCube.3DS;TAK;TAK;TAK;PRAWDA
Zniszczenie ożywieńca (Zwój);399,78;404,61;FAŁSZ;Święty blask rozrywa nieczyste więzy magii, zmuszając nieumarłe ciała do rozpadu w chmurze dymu i skruszonych kości.;ITEM_CAT_MAGIC;-;Rune;MagicScroll;AdminRunes;scrolls;PRAWDA;ITSC_HARMUNDEAD;-;ITSC_HARMUNDEAD;0,2;4;Gamemaster;FAŁSZ;BRAK;BRAK;BRAK;BRAK;BRAK;BRAK;BRAK;DAMAGE_MAGIC;150;BRAK;BRAK;BRAK;BRAK;BRAK;BRAK;BRAK;FAŁSZ;BRAK;3;40;Obrażenia;BRAK;BRAK;FAŁSZ;5;5;BRAK;BRAK;BRAK;BRAK;BRAK;BRAK;BRAK;BRAK;BRAK;BRAK;Zaklinacz;Zwój;ItSc_HarmUndead.3DS;TAK;TAK;TAK;PRAWDA
Błyskawica (Zwój);424,78;429,61;FAŁSZ;Wściekły prąd rozdzierający niebo białym szwem, pozostawiający w powietrzu zapach spalonej ozonu i głuchy grzmot, który wstrząsa kośćmi.;ITEM_CAT_MAGIC;-;Rune;MagicScroll;AdminRunes;scrolls;PRAWDA;ITSC_LIGHTNINGFLASH;-;ITSC_LIGHTNINGFLASH;0,2;4;Gamemaster;FAŁSZ;BRAK;BRAK;BRAK;BRAK;BRAK;BRAK;BRAK;DAMAGE_MAGIC;150;BRAK;BRAK;BRAK;BRAK;BRAK;BRAK;BRAK;FAŁSZ;BRAK;3;40;Obrażenia;BRAK;BRAK;FAŁSZ;5;5;BRAK;BRAK;BRAK;BRAK;BRAK;BRAK;BRAK;BRAK;BRAK;BRAK;Zaklinacz;Zwój;ItSc_LightningFlash.3DS;TAK;TAK;TAK;PRAWDA
Duża burza ognista (Zwój);424,78;429,61;FAŁSZ;Chmura iskier i skwierczących płomieni, tańcząca w powietrzu, siejąc chaos drobnymi, lecz bolesnymi oparzeniami.;ITEM_CAT_MAGIC;-;Rune;MagicScroll;AdminRunes;scrolls;PRAWDA;ITSC_PYROKINESIS;-;ITSC_PYROKINESIS;0,2;4;Gamemaster;FAŁSZ;BRAK;BRAK;BRAK;BRAK;BRAK;BRAK;BRAK;DAMAGE_FIRE;150;BRAK;BRAK;BRAK;BRAK;BRAK;BRAK;BRAK;FAŁSZ;BRAK;3;40;Obrażenia;BRAK;BRAK;FAŁSZ;5;5;BRAK;BRAK;BRAK;BRAK;BRAK;BRAK;BRAK;BRAK;BRAK;BRAK;Zaklinacz;Zwój;ItSc_Pyrokinesis.3DS;TAK;TAK;TAK;PRAWDA
Przemiana w demona (Zwój);#N/D;#N/D;FAŁSZ;Magia potrafiąca przemienić człowieka w bestie.;ITEM_CAT_MAGIC;-;Rune;MagicScroll;AdminRunes;scrolls;PRAWDA;ItSc_SumDemon;ItSc_Transform1;ItSc_Transform12;0,2;5;Gamemaster;FAŁSZ;BRAK;BRAK;BRAK;BRAK;BRAK;BRAK;BRAK;DAMAGE_MAGIC;100;BRAK;BRAK;BRAK;BRAK;BRAK;BRAK;Demon;FAŁSZ;1200;3;50;Przemiana;BRAK;BRAK;FAŁSZ;5;5;BRAK;BRAK;BRAK;BRAK;BRAK;BRAK;BRAK;BRAK;BRAK;BRAK;Zaklinacz;Zwój;;NIE;TAK;TAK;FAŁSZ
Przemiana w cieniostwora (Zwój);#N/D;#N/D;FAŁSZ;Magia potrafiąca przemienić człowieka w bestie.;ITEM_CAT_MAGIC;-;Rune;MagicScroll;AdminRunes;scrolls;PRAWDA;Itsc_TrfShadowbeast;ItSc_Transform1;ItSc_Transform13;0,2;5;Gamemaster;FAŁSZ;BRAK;BRAK;BRAK;BRAK;BRAK;BRAK;BRAK;DAMAGE_MAGIC;100;BRAK;BRAK;BRAK;BRAK;BRAK;BRAK;Shadowbeast;FAŁSZ;1200;3;50;Przemiana;BRAK;BRAK;FAŁSZ;5;5;BRAK;BRAK;BRAK;BRAK;BRAK;BRAK;BRAK;BRAK;BRAK;BRAK;Zaklinacz;Zwój;ITSC_GS_ALLTRANSFORMS.3DS;NIE;TAK;TAK;FAŁSZ
Tchnienie śmierci (Zwój);900,28;918,43;FAŁSZ;Czarna strzała z czystej nicości, która pozostawia po sobie tylko zimne, szare zwłoki pozbawione duszy.;ITEM_CAT_MAGIC;-;Rune;MagicScroll;AdminRunes;scrolls;PRAWDA;ITSC_BREATHOFDEATH;-;ITSC_BREATHOFDEATH;0,2;5;Gamemaster;FAŁSZ;BRAK;BRAK;BRAK;BRAK;BRAK;BRAK;BRAK;DAMAGE_MAGIC;250;BRAK;BRAK;BRAK;BRAK;BRAK;BRAK;BRAK;FAŁSZ;BRAK;3;50;Obrażenia;BRAK;BRAK;FAŁSZ;5;5;BRAK;BRAK;BRAK;BRAK;BRAK;BRAK;BRAK;BRAK;BRAK;BRAK;Zaklinacz;Zwój;ItSc_BreathOfDeath.3ds;TAK;TAK;TAK;PRAWDA
Lodowa fala (Zwój);900,28;918,43;FAŁSZ;Mroźny podmuch zamienia powietrze w lodowatą powódź, która krzepnie w postaci spiętrzonych kryształowych szczytów.;ITEM_CAT_MAGIC;-;Rune;MagicScroll;AdminRunes;scrolls;PRAWDA;ITSC_ICEWAVE;-;ITSC_ICEWAVE;0,2;5;Gamemaster;FAŁSZ;BRAK;BRAK;BRAK;BRAK;BRAK;BRAK;BRAK;DAMAGE_MAGIC;150;BRAK;BRAK;BRAK;BRAK;BRAK;BRAK;BRAK;FAŁSZ;BRAK;3;100;Obrażenia;BRAK;BRAK;FAŁSZ;5;5;BRAK;BRAK;BRAK;BRAK;BRAK;BRAK;BRAK;BRAK;BRAK;BRAK;Zaklinacz;Zwój;ItSc_IceWave.3DS;TAK;TAK;TAK;PRAWDA
Deszcz ognia (Zwój);900,28;918,43;FAŁSZ;Niebo krwawi płomieniami, z których kapią gęste, żarzące się krople, wypalając dziury w ziemi i ciałach.;ITEM_CAT_MAGIC;-;Rune;MagicScroll;AdminRunes;scrolls;PRAWDA;ITSC_FIRERAIN;-;ITSC_FIRERAIN;0,2;5;Gamemaster;FAŁSZ;BRAK;BRAK;BRAK;BRAK;BRAK;BRAK;BRAK;DAMAGE_FIRE;150;BRAK;BRAK;BRAK;BRAK;BRAK;BRAK;BRAK;FAŁSZ;BRAK;3;100;Obrażenia;BRAK;BRAK;FAŁSZ;5;5;BRAK;BRAK;BRAK;BRAK;BRAK;BRAK;BRAK;BRAK;BRAK;BRAK;Zaklinacz;Zwój;ItSc_Firerain.3DS;TAK;TAK;TAK;PRAWDA
Śmiertelna fala (Zwój);900,28;918,43;FAŁSZ;Fioletowa energia rozchodzi się kręgiem, a wszystko, czego dotknie, obumiera trawa czernieje, a zwierzęta padają bez dźwięku.;ITEM_CAT_MAGIC;-;Rune;MagicScroll;AdminRunes;scrolls;PRAWDA;ITSC_MASSDEATH;-;ITSC_MASSDEATH;0,2;5;Gamemaster;FAŁSZ;BRAK;BRAK;BRAK;BRAK;BRAK;BRAK;BRAK;DAMAGE_MAGIC;150;BRAK;BRAK;BRAK;BRAK;BRAK;BRAK;BRAK;FAŁSZ;BRAK;3;100;Obrażenia;BRAK;BRAK;FAŁSZ;5;5;BRAK;BRAK;BRAK;BRAK;BRAK;BRAK;BRAK;BRAK;BRAK;BRAK;Zaklinacz;Zwój;ItSc_MassDeath.3ds;TAK;TAK;TAK;PRAWDA
Grom (Zwój);900,28;918,43;FAŁSZ;Grom z jasnego nieba.;ITEM_CAT_MAGIC;-;Rune;MagicScroll;AdminRunes;scrolls;PRAWDA;ITSC_THUNDERSTORM;-;ITSC_THUNDERSTORM;0,2;5;Gamemaster;FAŁSZ;BRAK;BRAK;BRAK;BRAK;BRAK;BRAK;BRAK;DAMAGE_MAGIC;150;BRAK;BRAK;BRAK;BRAK;BRAK;BRAK;BRAK;FAŁSZ;BRAK;3;100;Obrażenia;BRAK;BRAK;FAŁSZ;5;5;BRAK;BRAK;BRAK;BRAK;BRAK;BRAK;BRAK;BRAK;BRAK;BRAK;Zaklinacz;Zwój;ItSc_Water05.3DS;TAK;TAK;TAK;PRAWDA
Kij z zaklętego drewna;259,40;261,00;FAŁSZ;Wytnij z drewna kształt odpowiedni do stworzenia kija, a następnie dzięki narzędziom uformuj kij.;ITEM_CAT_NONE;-;Materials;Materials;AdminMaterials;materials;FAŁSZ;itmw_SDRP_staff_06;-;ITMI_GS_MAT_229;1,5;1;Gamemaster;FAŁSZ;BRAK;BRAK;BRAK;BRAK;BRAK;BRAK;BRAK;DAMAGE_MAGIC;BRAK;BRAK;BRAK;BRAK;BRAK;BRAK;BRAK;BRAK;FAŁSZ;BRAK;BRAK;0;;BRAK;BRAK;PRAWDA;5;5;BRAK;BRAK;BRAK;BRAK;BRAK;BRAK;BRAK;BRAK;BRAK;BRAK;Zaklinacz;Inne;2H_STAFF_03.3ds;TAK;TAK;TAK;PRAWDA
Kij z magicznego drewna;307,40;309,00;FAŁSZ;Wytnij z drewna kształt odpowiedni do stworzenia kija, a następnie dzięki narzędziom uformuj kij.;ITEM_CAT_NONE;-;Materials;Materials;AdminMaterials;materials;FAŁSZ;itmw_SDRP_staff_06;-;ITMI_GS_MAT_230;1,5;1;Gamemaster;FAŁSZ;BRAK;BRAK;BRAK;BRAK;BRAK;BRAK;BRAK;DAMAGE_MAGIC;BRAK;BRAK;BRAK;BRAK;BRAK;BRAK;BRAK;BRAK;FAŁSZ;BRAK;BRAK;0;;BRAK;BRAK;PRAWDA;5;5;BRAK;BRAK;BRAK;BRAK;BRAK;BRAK;BRAK;BRAK;BRAK;BRAK;Zaklinacz;Inne;2H_STAFF_03.3ds;TAK;TAK;TAK;PRAWDA
Zaklęte drewno;61,10;61,50;FAŁSZ;Dodaj kruszoną rudę do atramentu i dokładnie wymieszaj. Następnie za pomocą pióra rozrysuj na deskach wzór inkantacji i za pomocą szczypiec umieść je na środku pola runicznego.;ITEM_CAT_NONE;-;Materials;Materials;AdminMaterials;materials;FAŁSZ;DREWIENKO1;-;ITMI_GS_MAT_231;1,5;1;Gamemaster;FAŁSZ;BRAK;BRAK;BRAK;BRAK;BRAK;BRAK;BRAK;DAMAGE_MAGIC;BRAK;BRAK;BRAK;BRAK;BRAK;BRAK;BRAK;BRAK;FAŁSZ;BRAK;BRAK;0;;BRAK;BRAK;PRAWDA;5;5;BRAK;BRAK;BRAK;BRAK;BRAK;BRAK;BRAK;BRAK;BRAK;BRAK;Zaklinacz;Inne;DREWIENKO1.3ds;TAK;TAK;TAK;PRAWDA
Okuty kostur;449,40;451,00;FAŁSZ;Drewno wzmocnione metalem - bardziej wytrzymały, mniej magiczny.;ITEM_CAT_NF;ITEM_FLAG_STAFF;Weapon;TwoHanded;AdminWeaponTwoHanded;weapons2h;FAŁSZ;itmw_SDRP_staff_06;-;ITMW_GS_STAFF_01;1,5;1;Gamemaster;FAŁSZ;BRAK;BRAK;BRAK;BRAK;BRAK;BRAK;BRAK;DAMAGE_MAGIC;20;100;BRAK;BRAK;BRAK;BRAK;BRAK;BRAK;FAŁSZ;BRAK;BRAK;0;;BRAK;BRAK;PRAWDA;5;5;BRAK;BRAK;2;BRAK;BRAK;BRAK;BRAK;BRAK;BRAK;BRAK;Zaklinacz;Kostur;2H_STAFF_03.3ds;TAK;TAK;TAK;PRAWDA
Kostur adepta ognia;459,40;461,00;FAŁSZ;Czerwone runy jarzą się w rytm serca użytkownika.;ITEM_CAT_NF;ITEM_FLAG_STAFF;Weapon;TwoHanded;AdminWeaponTwoHanded;weapons2h;FAŁSZ;G3_WEAPON_STAFF_FIREMAGE_01;-;ITMW_GS_STAFF_02;1,5;1;Gamemaster;FAŁSZ;BRAK;BRAK;BRAK;BRAK;BRAK;BRAK;BRAK;DAMAGE_MAGIC;20;100;BRAK;BRAK;BRAK;BRAK;BRAK;BRAK;FAŁSZ;BRAK;BRAK;0;;BRAK;BRAK;PRAWDA;5;5;BRAK;BRAK;2;BRAK;BRAK;BRAK;BRAK;BRAK;BRAK;BRAK;Zaklinacz;Kostur;G3_WEAPON_STAFF_FIREMAGE_01.3ds;TAK;TAK;TAK;PRAWDA
Kostur adepta wody;463,01;465,43;FAŁSZ;Chłodny w dotyku, jakby w środku płynął strumień.;ITEM_CAT_NF;ITEM_FLAG_STAFF;Weapon;TwoHanded;AdminWeaponTwoHanded;weapons2h;FAŁSZ;G3_WEAPON_STAFF_WATERMAGE_01;-;ITMW_GS_STAFF_03;1,5;1;Gamemaster;FAŁSZ;BRAK;BRAK;BRAK;BRAK;BRAK;BRAK;BRAK;DAMAGE_MAGIC;20;100;BRAK;BRAK;BRAK;BRAK;BRAK;BRAK;FAŁSZ;BRAK;BRAK;0;;BRAK;BRAK;PRAWDA;5;5;BRAK;BRAK;2;BRAK;BRAK;BRAK;BRAK;BRAK;BRAK;BRAK;Zaklinacz;Kostur;G3_WEAPON_STAFF_WATERMAGE_01.3ds;TAK;TAK;TAK;PRAWDA
Kostur młodego druida;463,01;465,43;FAŁSZ;Z żywego drewna, pachnie lasem i porostami.;ITEM_CAT_NF;ITEM_FLAG_STAFF;Weapon;TwoHanded;AdminWeaponTwoHanded;weapons2h;FAŁSZ;G3_WEAPON_STAFF_MANA_01;-;ITMW_GS_STAFF_04;1,5;1;Gamemaster;FAŁSZ;BRAK;BRAK;BRAK;BRAK;BRAK;BRAK;BRAK;DAMAGE_MAGIC;20;100;BRAK;BRAK;BRAK;BRAK;BRAK;BRAK;FAŁSZ;BRAK;BRAK;0;;BRAK;BRAK;PRAWDA;5;5;BRAK;BRAK;2;BRAK;BRAK;BRAK;BRAK;BRAK;BRAK;BRAK;Zaklinacz;Kostur;G3_WEAPON_STAFF_MANA_01.3ds;TAK;TAK;TAK;PRAWDA
Kostur młodego okultysty;459,40;461,00;FAŁSZ;Pokryty symbolami, których znaczenia nie zna nawet jego właściciel.;ITEM_CAT_NF;ITEM_FLAG_STAFF;Weapon;TwoHanded;AdminWeaponTwoHanded;weapons2h;FAŁSZ;G3_WEAPON_STAFF_PROT_01;-;ITMW_GS_STAFF_05;1,5;1;Gamemaster;FAŁSZ;BRAK;BRAK;BRAK;BRAK;BRAK;BRAK;BRAK;DAMAGE_MAGIC;20;100;BRAK;BRAK;BRAK;BRAK;BRAK;BRAK;FAŁSZ;BRAK;BRAK;0;;BRAK;BRAK;PRAWDA;5;5;BRAK;BRAK;2;BRAK;BRAK;BRAK;BRAK;BRAK;BRAK;BRAK;Zaklinacz;Kostur;G3_WEAPON_STAFF_PROT_01.3ds;TAK;TAK;TAK;PRAWDA
Kostur wędrowcy;687,40;689,00;FAŁSZ;Dla tych, co kroczą między światami, lecz do żadnego nie należą.;ITEM_CAT_NF;ITEM_FLAG_STAFF;Weapon;TwoHanded;AdminWeaponTwoHanded;weapons2h;FAŁSZ;ITMW_2H_STAFF_L_CRYSTAL;-;ITMW_GS_STAFF_06;1,5;2;Gamemaster;FAŁSZ;BRAK;BRAK;BRAK;BRAK;BRAK;BRAK;BRAK;DAMAGE_MAGIC;35;100;BRAK;BRAK;BRAK;BRAK;BRAK;BRAK;FAŁSZ;BRAK;1;0;;BRAK;BRAK;PRAWDA;5;5;BRAK;BRAK;2;BRAK;BRAK;BRAK;BRAK;BRAK;BRAK;BRAK;Zaklinacz;Kostur;ITMW_2H_STAFF_L_CRYSTAL.3ds;TAK;TAK;TAK;PRAWDA
Kostur maga ognia;737,40;739,00;FAŁSZ;Rozżarzone sploty magii wiją się wokół ognistego kryształu.;ITEM_CAT_NF;ITEM_FLAG_STAFF;Weapon;TwoHanded;AdminWeaponTwoHanded;weapons2h;FAŁSZ;G3_WEAPON_STAFF_FIREMAGE_02;-;ITMW_GS_STAFF_07;1,5;2;Gamemaster;FAŁSZ;BRAK;BRAK;BRAK;BRAK;BRAK;BRAK;BRAK;DAMAGE_MAGIC;35;100;BRAK;BRAK;BRAK;BRAK;BRAK;BRAK;FAŁSZ;BRAK;1;0;;BRAK;BRAK;PRAWDA;5;5;BRAK;BRAK;2;BRAK;BRAK;BRAK;BRAK;BRAK;BRAK;BRAK;Zaklinacz;Kostur;G3_WEAPON_STAFF_FIREMAGE_02.3ds;TAK;TAK;TAK;PRAWDA
Kostur maga wody;737,40;739,00;FAŁSZ;Wyważony i elegancki - zdaje się płynąć przez powietrze.;ITEM_CAT_NF;ITEM_FLAG_STAFF;Weapon;TwoHanded;AdminWeaponTwoHanded;weapons2h;FAŁSZ;G3_WEAPON_STAFF_WATERMAGE_02;-;ITMW_GS_STAFF_08;1,5;2;Gamemaster;FAŁSZ;BRAK;BRAK;BRAK;BRAK;BRAK;BRAK;BRAK;DAMAGE_MAGIC;35;100;BRAK;BRAK;BRAK;BRAK;BRAK;BRAK;FAŁSZ;BRAK;1;0;;BRAK;BRAK;PRAWDA;5;5;BRAK;BRAK;2;BRAK;BRAK;BRAK;BRAK;BRAK;BRAK;BRAK;Zaklinacz;Kostur;G3_WEAPON_STAFF_WATERMAGE_02.3ds;TAK;TAK;TAK;PRAWDA
Kostur druida;737,40;739,00;FAŁSZ;Fzeźbiony w kształty zwierząt - słychać w nim głos puszczy.;ITEM_CAT_NF;ITEM_FLAG_STAFF;Weapon;TwoHanded;AdminWeaponTwoHanded;weapons2h;FAŁSZ;ITMW_STAFF_DRUID_01;-;ITMW_GS_STAFF_09;1,5;2;Gamemaster;FAŁSZ;BRAK;BRAK;BRAK;BRAK;BRAK;BRAK;BRAK;DAMAGE_MAGIC;35;100;BRAK;BRAK;BRAK;BRAK;BRAK;BRAK;FAŁSZ;BRAK;1;0;;BRAK;BRAK;PRAWDA;5;5;BRAK;BRAK;2;BRAK;BRAK;BRAK;BRAK;BRAK;BRAK;BRAK;Zaklinacz;Kostur;ITMW_STAFF_DRUID_01.3ds;TAK;TAK;TAK;PRAWDA
Kostur okultysty;737,40;739,00;FAŁSZ;Nosi ślady krwi - ciemna moc tli się w jego runach.;ITEM_CAT_NF;ITEM_FLAG_STAFF;Weapon;TwoHanded;AdminWeaponTwoHanded;weapons2h;FAŁSZ;G3_WEAPON_STAFF_PROT_02;-;ITMW_GS_STAFF_10;1,5;2;Gamemaster;FAŁSZ;BRAK;BRAK;BRAK;BRAK;BRAK;BRAK;BRAK;DAMAGE_MAGIC;35;100;BRAK;BRAK;BRAK;BRAK;BRAK;BRAK;FAŁSZ;BRAK;1;0;;BRAK;BRAK;PRAWDA;5;5;BRAK;BRAK;2;BRAK;BRAK;BRAK;BRAK;BRAK;BRAK;BRAK;Zaklinacz;Kostur;G3_WEAPON_STAFF_PROT_02.3ds;TAK;TAK;TAK;PRAWDA
Rytualny kostur z Laran;BRAK;BRAK;FAŁSZ;Stary kij ceremonialny, pokryty wyblakłymi runami. Pamięta czasy, gdy magowie Laran jeszcze praktykowali swoje obrzędy.;ITEM_CAT_NF;ITEM_FLAG_STAFF;Weapon;TwoHanded;AdminWeaponTwoHanded;weapons2h;FAŁSZ;ITMW_2H_SERPENTSTAFF;-;ITMW_GS_STAFF_11;1,5;3;Gamemaster;FAŁSZ;BRAK;BRAK;BRAK;BRAK;BRAK;BRAK;BRAK;DAMAGE_MAGIC;50;100;BRAK;BRAK;BRAK;BRAK;BRAK;BRAK;FAŁSZ;BRAK;3;0;;BRAK;BRAK;PRAWDA;5;5;BRAK;BRAK;2;BRAK;BRAK;BRAK;BRAK;BRAK;BRAK;BRAK;Zaklinacz;Kostur;ITMW_2H_SERPENTSTAFF.3ds;TAK;TAK;TAK;FAŁSZ
Kostur rytualny;BRAK;BRAK;FAŁSZ;Wygładzone drewno nosi ślady niezliczonych ceremonii. Pachnie kadzidłem.;ITEM_CAT_NF;ITEM_FLAG_STAFF;Weapon;TwoHanded;AdminWeaponTwoHanded;weapons2h;FAŁSZ;ITMW_2H_KMR_DAEMONSTAFF_01;-;ITMW_GS_STAFF_12;1,5;3;Gamemaster;FAŁSZ;BRAK;BRAK;BRAK;BRAK;BRAK;BRAK;BRAK;DAMAGE_MAGIC;50;100;BRAK;BRAK;BRAK;BRAK;BRAK;BRAK;FAŁSZ;BRAK;3;0;;BRAK;BRAK;PRAWDA;5;5;BRAK;BRAK;2;BRAK;BRAK;BRAK;BRAK;BRAK;BRAK;BRAK;Zaklinacz;Kostur;ITMW_2H_KMR_DAEMONSTAFF_01.3ds;TAK;TAK;TAK;FAŁSZ
Kostur z ostrzem;822,40;834,09;FAŁSZ;Dla tych, którzy nie tylko czarują, ale i walczą.;ITEM_CAT_NF;ITEM_FLAG_STAFF;Weapon;TwoHanded;AdminWeaponTwoHanded;weapons2h;FAŁSZ;G3_WEAPON_STAFF_BLADESTAFF_01;-;ITMW_GS_STAFF_13;1,5;3;Gamemaster;FAŁSZ;BRAK;BRAK;BRAK;BRAK;BRAK;BRAK;BRAK;DAMAGE_MAGIC;50;100;BRAK;BRAK;BRAK;BRAK;BRAK;BRAK;FAŁSZ;BRAK;3;0;;BRAK;BRAK;PRAWDA;5;5;BRAK;BRAK;2;BRAK;BRAK;BRAK;BRAK;BRAK;BRAK;BRAK;Zaklinacz;Kostur;G3_WEAPON_STAFF_BLADESTAFF_01.3ds;NIE;TAK;TAK;FAŁSZ
Ognisty kostur;BRAK;BRAK;FAŁSZ;Ze smoczą głową u trzonu.;ITEM_CAT_NF;ITEM_FLAG_STAFF;Weapon;TwoHanded;AdminWeaponTwoHanded;weapons2h;FAŁSZ;ITMW_2H_KMR_BLACKSTAFF_01;-;ITMW_GS_STAFF_14;1,5;3;Gamemaster;FAŁSZ;BRAK;BRAK;BRAK;BRAK;BRAK;BRAK;BRAK;DAMAGE_MAGIC;50;100;BRAK;BRAK;BRAK;BRAK;BRAK;BRAK;FAŁSZ;BRAK;3;0;;BRAK;BRAK;PRAWDA;5;5;BRAK;BRAK;2;BRAK;BRAK;BRAK;BRAK;BRAK;BRAK;BRAK;Zaklinacz;Kostur;ITMW_2H_KMR_BLACKSTAFF_01.3ds;TAK;TAK;TAK;FAŁSZ
Kostur Albedo;BRAK;BRAK;FAŁSZ;Miejscami ma popękane drewno, ale wciąż piękne w swojej prostocie.;ITEM_CAT_NF;ITEM_FLAG_STAFF;Weapon;TwoHanded;AdminWeaponTwoHanded;weapons2h;FAŁSZ;AZGALOR_STAFF;-;ITMW_GS_STAFF_15;1,5;4;Gamemaster;FAŁSZ;BRAK;BRAK;BRAK;BRAK;BRAK;BRAK;BRAK;DAMAGE_MAGIC;70;100;BRAK;BRAK;BRAK;BRAK;BRAK;BRAK;FAŁSZ;BRAK;4;0;;BRAK;BRAK;FAŁSZ;5;5;BRAK;BRAK;2;BRAK;BRAK;BRAK;BRAK;BRAK;BRAK;BRAK;Zaklinacz;Kostur;;NIE;TAK;TAK;FAŁSZ
Kostur krwii;BRAK;BRAK;FAŁSZ;Czerwonawe smugi na ciemnym drewnie wyglądają zbyt realistycznie, by było to dzieło przypadku.;ITEM_CAT_NF;ITEM_FLAG_STAFF;Weapon;TwoHanded;AdminWeaponTwoHanded;weapons2h;FAŁSZ;BLOOD_STAFF;-;ITMW_GS_STAFF_16;1,5;4;Gamemaster;FAŁSZ;BRAK;BRAK;BRAK;BRAK;BRAK;BRAK;BRAK;DAMAGE_MAGIC;70;100;BRAK;BRAK;BRAK;BRAK;BRAK;BRAK;FAŁSZ;BRAK;4;0;;BRAK;BRAK;FAŁSZ;5;5;BRAK;BRAK;2;BRAK;BRAK;BRAK;BRAK;BRAK;BRAK;BRAK;Zaklinacz;Kostur;;NIE;TAK;TAK;FAŁSZ
Kostur chaosu;BRAK;BRAK;FAŁSZ;Drewno wykrzywione w nienaturalny sposób, jakby rosło w miejscu pełnym magii. Nieprzyjemnie wibruje w dłoni.;ITEM_CAT_NF;ITEM_FLAG_STAFF;Weapon;TwoHanded;AdminWeaponTwoHanded;weapons2h;FAŁSZ;CHAOSSTAFF;-;ITMW_GS_STAFF_17;1,5;4;Gamemaster;FAŁSZ;BRAK;BRAK;BRAK;BRAK;BRAK;BRAK;BRAK;DAMAGE_MAGIC;70;100;BRAK;BRAK;BRAK;BRAK;BRAK;BRAK;FAŁSZ;BRAK;4;0;;BRAK;BRAK;FAŁSZ;5;5;BRAK;BRAK;2;BRAK;BRAK;BRAK;BRAK;BRAK;BRAK;BRAK;Zaklinacz;Kostur;;NIE;TAK;TAK;FAŁSZ
Zew wulkanu;BRAK;BRAK;FAŁSZ;Ciężki kij z czarnego bazaltu. Nagrzewa się w słońcu i długo trzyma ciepło.;ITEM_CAT_NF;ITEM_FLAG_STAFF;Weapon;TwoHanded;AdminWeaponTwoHanded;weapons2h;FAŁSZ;G3_WEAPON_STAFF_MANA_04;-;ITMW_GS_STAFF_18;1,5;4;Gamemaster;FAŁSZ;BRAK;BRAK;BRAK;BRAK;BRAK;BRAK;BRAK;DAMAGE_MAGIC;70;100;BRAK;BRAK;BRAK;BRAK;BRAK;BRAK;FAŁSZ;BRAK;4;0;;BRAK;BRAK;FAŁSZ;5;5;BRAK;BRAK;2;BRAK;BRAK;BRAK;BRAK;BRAK;BRAK;BRAK;Zaklinacz;Kostur;;NIE;TAK;TAK;FAŁSZ
Kostur równowagi;1150,40;1152,00;FAŁSZ;Zbalansowany między żywiołami - noszony przez tych, którzy nie opowiedzieli się po żadnej stronie.;ITEM_CAT_NF;ITEM_FLAG_STAFF;Weapon;TwoHanded;AdminWeaponTwoHanded;weapons2h;FAŁSZ;G3_WEAPON_STAFF_SCEPTREOFVARANT_02;-;ITMW_GS_STAFF_19;1,5;3;Gamemaster;FAŁSZ;BRAK;BRAK;BRAK;BRAK;BRAK;BRAK;BRAK;DAMAGE_MAGIC;70;100;BRAK;BRAK;BRAK;BRAK;BRAK;BRAK;FAŁSZ;BRAK;4;0;;BRAK;BRAK;FAŁSZ;5;5;BRAK;BRAK;2;BRAK;BRAK;BRAK;BRAK;BRAK;BRAK;BRAK;Zaklinacz;Kostur;G3_WEAPON_STAFF_SCEPTREOFVARANT_02.3ds;NIE;TAK;TAK;PRAWDA
Kostur mocy;BRAK;BRAK;FAŁSZ;Zwykły z wyglądu, ale gdy się go chwyci, czuje się w nim ukrytą siłę.;ITEM_CAT_NF;ITEM_FLAG_STAFF;Weapon;TwoHanded;AdminWeaponTwoHanded;weapons2h;FAŁSZ;STALHIRMSTAFF;-;ITMW_GS_STAFF_20;1,5;4;Gamemaster;FAŁSZ;BRAK;BRAK;BRAK;BRAK;BRAK;BRAK;BRAK;DAMAGE_MAGIC;70;100;BRAK;BRAK;BRAK;BRAK;BRAK;BRAK;FAŁSZ;BRAK;4;0;;BRAK;BRAK;FAŁSZ;5;5;BRAK;BRAK;2;BRAK;BRAK;BRAK;BRAK;BRAK;BRAK;BRAK;Zaklinacz;Kostur;;NIE;TAK;TAK;FAŁSZ
Starożytny kostur;1150,40;1152,00;FAŁSZ;Relikt sprzed ery ludzi - runy świecą same z siebie.;ITEM_CAT_NF;ITEM_FLAG_STAFF;Weapon;TwoHanded;AdminWeaponTwoHanded;weapons2h;FAŁSZ;ITMW_2H_BLOODSTAFF_01;-;ITMW_GS_STAFF_21;1,5;4;Gamemaster;FAŁSZ;BRAK;BRAK;BRAK;BRAK;BRAK;BRAK;BRAK;DAMAGE_MAGIC;70;100;BRAK;BRAK;BRAK;BRAK;BRAK;BRAK;FAŁSZ;BRAK;4;0;;BRAK;BRAK;FAŁSZ;5;5;BRAK;BRAK;2;BRAK;BRAK;BRAK;BRAK;BRAK;BRAK;BRAK;Zaklinacz;Kostur;ITMW_2H_BLOODSTAFF_01.3ds;NIE;TAK;TAK;FAŁSZ
Kostur doświadczonego maga ognia;1150,40;1152,00;FAŁSZ;Ogień zdaje się tańczyć na jego końcu.;ITEM_CAT_NF;ITEM_FLAG_STAFF;Weapon;TwoHanded;AdminWeaponTwoHanded;weapons2h;FAŁSZ;G3_WEAPON_STAFF_FIREMAGE_03;-;ITMW_GS_STAFF_22;1,5;4;Gamemaster;FAŁSZ;BRAK;BRAK;BRAK;BRAK;BRAK;BRAK;BRAK;DAMAGE_MAGIC;70;100;BRAK;BRAK;BRAK;BRAK;BRAK;BRAK;FAŁSZ;BRAK;4;0;;BRAK;BRAK;FAŁSZ;5;5;BRAK;BRAK;2;BRAK;BRAK;BRAK;BRAK;BRAK;BRAK;BRAK;Zaklinacz;Kostur;G3_WEAPON_STAFF_FIREMAGE_03.3ds;TAK;TAK;TAK;PRAWDA
Kostur doświadczonego maga wody;1150,40;1152,00;FAŁSZ;Szum morza ukryty w jego wnętrzu.;ITEM_CAT_NF;ITEM_FLAG_STAFF;Weapon;TwoHanded;AdminWeaponTwoHanded;weapons2h;FAŁSZ;G3_WEAPON_STAFF_WATERMAGE_03;-;ITMW_GS_STAFF_23;1,5;4;Gamemaster;FAŁSZ;BRAK;BRAK;BRAK;BRAK;BRAK;BRAK;BRAK;DAMAGE_MAGIC;70;100;BRAK;BRAK;BRAK;BRAK;BRAK;BRAK;FAŁSZ;BRAK;4;0;;BRAK;BRAK;FAŁSZ;5;5;BRAK;BRAK;2;BRAK;BRAK;BRAK;BRAK;BRAK;BRAK;BRAK;Zaklinacz;Kostur;G3_WEAPON_STAFF_WATERMAGE_03.3ds;TAK;TAK;TAK;PRAWDA
Kostur starego druida;1150,40;1152,00;FAŁSZ;Pokryty mchem, ciężki od lat i mądrości.;ITEM_CAT_NF;ITEM_FLAG_STAFF;Weapon;TwoHanded;AdminWeaponTwoHanded;weapons2h;FAŁSZ;G3_WEAPON_STAFF_MANA_03;-;ITMW_GS_STAFF_24;1,5;4;Gamemaster;FAŁSZ;BRAK;BRAK;BRAK;BRAK;BRAK;BRAK;BRAK;DAMAGE_MAGIC;70;100;BRAK;BRAK;BRAK;BRAK;BRAK;BRAK;FAŁSZ;BRAK;4;0;;BRAK;BRAK;FAŁSZ;5;5;BRAK;BRAK;2;BRAK;BRAK;BRAK;BRAK;BRAK;BRAK;BRAK;Zaklinacz;Kostur;G3_WEAPON_STAFF_MANA_03.3ds;TAK;TAK;TAK;PRAWDA
Kostur doświadczonego okultysty;1150,40;1152,00;FAŁSZ;Rzadko używany - zbyt potężny dla zwykłych magów.;ITEM_CAT_NF;ITEM_FLAG_STAFF;Weapon;TwoHanded;AdminWeaponTwoHanded;weapons2h;FAŁSZ;G3_WEAPON_STAFF_PROT_03;-;ITMW_GS_STAFF_25;1,5;4;Gamemaster;FAŁSZ;BRAK;BRAK;BRAK;BRAK;BRAK;BRAK;BRAK;DAMAGE_MAGIC;70;100;BRAK;BRAK;BRAK;BRAK;BRAK;BRAK;FAŁSZ;BRAK;4;0;;BRAK;BRAK;FAŁSZ;5;5;BRAK;BRAK;2;BRAK;BRAK;BRAK;BRAK;BRAK;BRAK;BRAK;Zaklinacz;Kostur;G3_WEAPON_STAFF_PROT_03.3ds;TAK;TAK;TAK;PRAWDA
Kostur arcymistrza ognia;1270,40;1292,17;FAŁSZ;Płonie nawet bez dotyku - ostrzeżenie i znak zarazem.;ITEM_CAT_NF;ITEM_FLAG_STAFF;Weapon;TwoHanded;AdminWeaponTwoHanded;weapons2h;FAŁSZ;Wulwryk_staff_v9;-;ITMW_GS_STAFF_26;1,5;5;Gamemaster;FAŁSZ;BRAK;BRAK;BRAK;BRAK;BRAK;BRAK;BRAK;DAMAGE_MAGIC;95;100;BRAK;BRAK;BRAK;BRAK;BRAK;BRAK;FAŁSZ;BRAK;5;0;;BRAK;BRAK;FAŁSZ;5;5;BRAK;BRAK;2;BRAK;BRAK;BRAK;BRAK;BRAK;BRAK;BRAK;Zaklinacz;Kostur;Wulwryk_staff_v9.3ds;TAK;TAK;TAK;PRAWDA
Kostur arcymistrza wody;1270,40;1292,17;FAŁSZ;Tworzy iluzję wody nawet w powietrzu.;ITEM_CAT_NF;ITEM_FLAG_STAFF;Weapon;TwoHanded;AdminWeaponTwoHanded;weapons2h;FAŁSZ;WATER_STAFF;-;ITMW_GS_STAFF_27;1,5;5;Gamemaster;FAŁSZ;BRAK;BRAK;BRAK;BRAK;BRAK;BRAK;BRAK;DAMAGE_MAGIC;95;100;BRAK;BRAK;BRAK;BRAK;BRAK;BRAK;FAŁSZ;BRAK;5;0;;BRAK;BRAK;FAŁSZ;5;5;BRAK;BRAK;2;BRAK;BRAK;BRAK;BRAK;BRAK;BRAK;BRAK;Zaklinacz;Kostur;WATER_STAFF.3ds;TAK;TAK;TAK;PRAWDA
Kostur arcymistrza druidów;1270,40;1292,17;FAŁSZ;Spleciony z gałęzi Drzewa Świata - nie nosi się go, a prowadzi.;ITEM_CAT_NF;ITEM_FLAG_STAFF;Weapon;TwoHanded;AdminWeaponTwoHanded;weapons2h;FAŁSZ;ITMW_STAFF_DRUID_03;-;ITMW_GS_STAFF_28;1,5;5;Gamemaster;FAŁSZ;BRAK;BRAK;BRAK;BRAK;BRAK;BRAK;BRAK;DAMAGE_MAGIC;95;100;BRAK;BRAK;BRAK;BRAK;BRAK;BRAK;FAŁSZ;BRAK;5;0;;BRAK;BRAK;FAŁSZ;5;5;BRAK;BRAK;2;BRAK;BRAK;BRAK;BRAK;BRAK;BRAK;BRAK;Zaklinacz;Kostur;ITMW_STAFF_DRUID_03.3ds;TAK;TAK;TAK;PRAWDA
Kostur najwyższego okultysty;1270,40;1292,17;FAŁSZ;Każde użycie kosztuje fragment duszy.;ITEM_CAT_NF;ITEM_FLAG_STAFF;Weapon;TwoHanded;AdminWeaponTwoHanded;weapons2h;FAŁSZ;IT_WPN_STAFF_DRUID;-;ITMW_GS_STAFF_29;1,5;5;Gamemaster;FAŁSZ;BRAK;BRAK;BRAK;BRAK;BRAK;BRAK;BRAK;DAMAGE_MAGIC;95;100;BRAK;BRAK;BRAK;BRAK;BRAK;BRAK;FAŁSZ;BRAK;5;0;;BRAK;BRAK;FAŁSZ;5;5;BRAK;BRAK;2;BRAK;BRAK;BRAK;BRAK;BRAK;BRAK;BRAK;Zaklinacz;Kostur;IT_WPN_STAFF_DRUID.3ds;TAK;TAK;TAK;PRAWDA
Czarny kostur;BRAK;BRAK;FAŁSZ;Wygładzone do połysku drewno wchłania światło. Zimny w dotyku, nawet w upalny dzień.;ITEM_CAT_NF;ITEM_FLAG_STAFF;Weapon;TwoHanded;AdminWeaponTwoHanded;weapons2h;FAŁSZ;STAFF_BELIAR;-;ITMW_GS_STAFF_30;1,5;5;Gamemaster;FAŁSZ;BRAK;BRAK;BRAK;BRAK;BRAK;BRAK;BRAK;DAMAGE_MAGIC;95;100;BRAK;BRAK;BRAK;BRAK;BRAK;BRAK;FAŁSZ;BRAK;5;0;;BRAK;BRAK;FAŁSZ;5;5;BRAK;BRAK;2;BRAK;BRAK;BRAK;BRAK;BRAK;BRAK;BRAK;Zaklinacz;Kostur;;NIE;TAK;TAK;FAŁSZ
Senacki pierścień;#N/D;#N/D;FAŁSZ;Tajemniczy pierścień.;ITEM_CAT_RINGLEFT;-;RingLeft;Accessory;AdminAccessory;rings;FAŁSZ;ITRI_PROT_EDGE_02;ITAC_GS_RINGLEFT_01;ITAC_GS_RINGLEFT_01_V1;0,1;1;Gamemaster;FAŁSZ;BRAK;BRAK;BRAK;BRAK;BRAK;BRAK;BRAK;BRAK;BRAK;BRAK;BRAK;BRAK;BRAK;BRAK;BRAK;BRAK;FAŁSZ;BRAK;BRAK;BRAK;;BRAK;BRAK;PRAWDA;5;5;BRAK;BRAK;BRAK;BRAK;0;0;0;0;0;0;Zaklinacz;Magiczne akcesoria;;NIE;TAK;TAK;FAŁSZ
Pierścień żelaznej skóry;255,00;255,00;FAŁSZ;Skóra twardnieje pod jego wpływem, jakby pokryła się stalową łuską.;ITEM_CAT_RINGLEFT;-;RingLeft;Accessory;AdminAccessory;rings;FAŁSZ;ITRI_PROT_EDGE_02;-;ITAC_GS_RINGLEFT_01;0,1;1;Gamemaster;FAŁSZ;BRAK;BRAK;BRAK;BRAK;BRAK;BRAK;BRAK;BRAK;BRAK;BRAK;BRAK;BRAK;BRAK;BRAK;BRAK;BRAK;FAŁSZ;BRAK;BRAK;BRAK;;BRAK;BRAK;PRAWDA;5;5;BRAK;BRAK;BRAK;BRAK;2;0;2;0;0;0;Zaklinacz;Magiczne akcesoria;ItRi_Prot_Edge_02.3ds;TAK;TAK;TAK;PRAWDA
Pierścień drewnianej skóry;255,00;255,00;FAŁSZ;Skóra twardnieje pod jego wpływem, jakby pokryła się drewnianą skorupą.;ITEM_CAT_RINGLEFT;-;RingLeft;Accessory;AdminAccessory;rings;FAŁSZ;ITRI_PROT_EDGE_02;-;ITAC_GS_RINGLEFT_02;0,1;1;Gamemaster;FAŁSZ;BRAK;BRAK;BRAK;BRAK;BRAK;BRAK;BRAK;BRAK;BRAK;BRAK;BRAK;BRAK;BRAK;BRAK;BRAK;BRAK;FAŁSZ;BRAK;BRAK;BRAK;;BRAK;BRAK;PRAWDA;5;5;BRAK;BRAK;BRAK;BRAK;0;2;0;0;0;0;Zaklinacz;Magiczne akcesoria;ItRi_Prot_Edge_02.3ds;TAK;TAK;TAK;PRAWDA
Pierścień ochrony przed ogniem;255,00;255,00;FAŁSZ;Jakby mała niewidoczna ognista bariera, oplatała twoje ciało.;ITEM_CAT_RINGLEFT;-;RingLeft;Accessory;AdminAccessory;rings;FAŁSZ;ITRI_PROT_EDGE_02;-;ITAC_GS_RINGLEFT_03;0,1;1;Gamemaster;FAŁSZ;BRAK;BRAK;BRAK;BRAK;BRAK;BRAK;BRAK;BRAK;BRAK;BRAK;BRAK;BRAK;BRAK;BRAK;BRAK;BRAK;FAŁSZ;BRAK;BRAK;BRAK;;BRAK;BRAK;PRAWDA;5;5;BRAK;BRAK;BRAK;BRAK;0;0;0;0;2;0;Zaklinacz;Magiczne akcesoria;ItRi_Prot_Edge_02.3ds;TAK;TAK;TAK;PRAWDA
Pierścień ducha;255,00;255,00;FAŁSZ;Po założeniu go czujesz ochronę przed złymi mocami.;ITEM_CAT_RINGRIGHT;-;RingRight;Accessory;AdminAccessory;rings;FAŁSZ;ITRI_MANA_01;-;ITAC_GS_RINGRIGHT_01;0,1;1;Gamemaster;FAŁSZ;BRAK;BRAK;BRAK;BRAK;BRAK;BRAK;BRAK;BRAK;BRAK;BRAK;BRAK;BRAK;BRAK;BRAK;BRAK;BRAK;FAŁSZ;BRAK;BRAK;BRAK;;BRAK;BRAK;PRAWDA;5;5;BRAK;BRAK;BRAK;BRAK;0;0;0;2;0;0;Zaklinacz;Magiczne akcesoria;ItRi_Mana_01.3ds;TAK;TAK;TAK;PRAWDA
Pierścień życia;255,00;255,00;FAŁSZ;Ciepło bije od niego, jak drugie tętno.;ITEM_CAT_RINGRIGHT;-;RingRight;Accessory;AdminAccessory;rings;FAŁSZ;ITRI_HP_01;-;ITAC_GS_RINGRIGHT_02;0,1;1;Gamemaster;FAŁSZ;BRAK;BRAK;BRAK;BRAK;BRAK;BRAK;BRAK;BRAK;BRAK;BRAK;BRAK;BRAK;BRAK;BRAK;BRAK;BRAK;FAŁSZ;BRAK;BRAK;BRAK;;BRAK;BRAK;PRAWDA;5;5;BRAK;BRAK;BRAK;BRAK;0;0;0;0;0;0;Zaklinacz;Magiczne akcesoria;ItRi_Hp_01.3ds;TAK;TAK;TAK;PRAWDA
Pierścień magii;255,00;255,00;FAŁSZ;Magia płynie przez niego swobodniej, jak rzeka znosząca tamę.;ITEM_CAT_RINGRIGHT;-;RingRight;Accessory;AdminAccessory;rings;FAŁSZ;ITRI_ADDON_MANA_02;-;ITAC_GS_RINGRIGHT_03;0,1;1;Gamemaster;FAŁSZ;BRAK;BRAK;BRAK;BRAK;BRAK;BRAK;BRAK;BRAK;BRAK;BRAK;BRAK;BRAK;BRAK;BRAK;BRAK;BRAK;FAŁSZ;BRAK;BRAK;BRAK;;BRAK;BRAK;PRAWDA;5;5;BRAK;BRAK;BRAK;BRAK;0;0;0;0;0;0;Zaklinacz;Magiczne akcesoria;ItRi_Prot_Total_01.3ds;TAK;TAK;TAK;PRAWDA
Pierścień mocy (typ pierwszy);255,00;255,00;FAŁSZ;Prosta obrączka, w której czuć skupioną siłę.;ITEM_CAT_RINGRIGHT;-;RingRight;Accessory;AdminAccessory;rings;FAŁSZ;ITRI_PROT_POINT_01_MIS;-;ITAC_GS_RINGRIGHT_04;0,1;1;Gamemaster;FAŁSZ;BRAK;BRAK;BRAK;BRAK;BRAK;BRAK;BRAK;BRAK;BRAK;BRAK;BRAK;BRAK;BRAK;BRAK;BRAK;BRAK;FAŁSZ;BRAK;BRAK;BRAK;;BRAK;BRAK;PRAWDA;5;5;BRAK;BRAK;BRAK;BRAK;0;0;0;0;0;0;Zaklinacz;Magiczne akcesoria;ItRi_Prot_Point_01.3ds;TAK;TAK;TAK;PRAWDA
Pierścień zdolności;255,00;255,00;FAŁSZ;Dłoń z nim zwinniejsza, umysł bystrzejszy.;ITEM_CAT_RINGRIGHT;-;RingRight;Accessory;AdminAccessory;rings;FAŁSZ;ITRI_HP_01;-;ITAC_GS_RINGRIGHT_05;0,1;1;Gamemaster;FAŁSZ;BRAK;BRAK;BRAK;BRAK;BRAK;BRAK;BRAK;BRAK;BRAK;BRAK;BRAK;BRAK;BRAK;BRAK;BRAK;BRAK;FAŁSZ;BRAK;BRAK;BRAK;;BRAK;BRAK;PRAWDA;5;5;BRAK;BRAK;BRAK;BRAK;0;0;0;0;0;0;Zaklinacz;Magiczne akcesoria;ItRi_Hp_01.3ds;TAK;TAK;TAK;PRAWDA
Pierścień magicznego pancerza;405,00;405,00;FAŁSZ;Niewidzialna zbroja otacza noszącego, tłumiąc ciosy.;ITEM_CAT_RINGLEFT;-;RingLeft;Accessory;AdminAccessory;rings;FAŁSZ;ITRI_PROT_EDGE_02;-;ITAC_GS_RINGLEFT_04;0,1;2;Gamemaster;FAŁSZ;BRAK;BRAK;BRAK;BRAK;BRAK;BRAK;BRAK;BRAK;BRAK;BRAK;BRAK;BRAK;BRAK;BRAK;BRAK;BRAK;FAŁSZ;BRAK;BRAK;BRAK;;BRAK;BRAK;PRAWDA;5;5;BRAK;BRAK;BRAK;BRAK;3;0;3;0;0;0;Zaklinacz;Magiczne akcesoria;ItRi_Prot_Edge_02.3ds;TAK;TAK;TAK;PRAWDA
Pierścień kamiennej skóry;405,00;405,00;FAŁSZ;Skóra twardnieje pod jego wpływem, jakby pokryła się stalową łuską.;ITEM_CAT_RINGLEFT;-;RingLeft;Accessory;AdminAccessory;rings;FAŁSZ;ITRI_PROT_EDGE_02;-;ITAC_GS_RINGLEFT_05;0,1;2;Gamemaster;FAŁSZ;BRAK;BRAK;BRAK;BRAK;BRAK;BRAK;BRAK;BRAK;BRAK;BRAK;BRAK;BRAK;BRAK;BRAK;BRAK;BRAK;FAŁSZ;BRAK;BRAK;BRAK;;BRAK;BRAK;PRAWDA;5;5;BRAK;BRAK;BRAK;BRAK;0;3;0;0;0;0;Zaklinacz;Magiczne akcesoria;ItRi_Prot_Edge_02.3ds;TAK;TAK;TAK;PRAWDA
Pierścień ognia;405,00;405,00;FAŁSZ;Żar krąży w żyłach.;ITEM_CAT_RINGLEFT;-;RingLeft;Accessory;AdminAccessory;rings;FAŁSZ;ITRI_PROT_FIRE_02;-;ITAC_GS_RINGLEFT_06;0,1;2;Gamemaster;FAŁSZ;BRAK;BRAK;BRAK;BRAK;BRAK;BRAK;BRAK;BRAK;BRAK;BRAK;BRAK;BRAK;BRAK;BRAK;BRAK;BRAK;FAŁSZ;BRAK;BRAK;BRAK;;BRAK;BRAK;PRAWDA;5;5;BRAK;BRAK;BRAK;BRAK;0;0;0;0;3;0;Zaklinacz;Magiczne akcesoria;ItRi_Prot_Fire_02.3ds;TAK;TAK;TAK;PRAWDA
Pierścień obrony;405,00;405,00;FAŁSZ;"Stare runy mówią: ""Niech wróg złamie zęby o twój opór.""";ITEM_CAT_RINGLEFT;-;RingLeft;Accessory;AdminAccessory;rings;FAŁSZ;ITRI_PROT_EDGE_02;-;ITAC_GS_RINGLEFT_07;0,1;2;Gamemaster;FAŁSZ;BRAK;BRAK;BRAK;BRAK;BRAK;BRAK;BRAK;BRAK;BRAK;BRAK;BRAK;BRAK;BRAK;BRAK;BRAK;BRAK;FAŁSZ;BRAK;BRAK;BRAK;;BRAK;BRAK;PRAWDA;5;5;BRAK;BRAK;BRAK;BRAK;0;0;0;3;0;0;Zaklinacz;Magiczne akcesoria;ItRi_Prot_Edge_02.3ds;TAK;TAK;TAK;PRAWDA
Pierścień żywotności;405,00;405,00;FAŁSZ;Ciepło bije od niego, jak drugie tętno.;ITEM_CAT_RINGRIGHT;-;RingRight;Accessory;AdminAccessory;rings;FAŁSZ;ITRI_HP_02;-;ITAC_GS_RINGRIGHT_06;0,1;2;Gamemaster;FAŁSZ;BRAK;BRAK;BRAK;BRAK;BRAK;BRAK;BRAK;BRAK;BRAK;BRAK;BRAK;BRAK;BRAK;BRAK;BRAK;BRAK;FAŁSZ;BRAK;BRAK;BRAK;;BRAK;BRAK;PRAWDA;5;5;BRAK;BRAK;BRAK;BRAK;0;0;0;0;0;0;Zaklinacz;Magiczne akcesoria;ItRi_Hp_02.3ds;TAK;TAK;TAK;PRAWDA
Pierścień gwiezdnej mocy;405,00;405,00;FAŁSZ;Gdy noc zapada, czuć w nim pulsowanie odległych konstelacji.;ITEM_CAT_RINGRIGHT;-;RingRight;Accessory;AdminAccessory;rings;FAŁSZ;ITRI_MANA_02;-;ITAC_GS_RINGRIGHT_07;0,1;2;Gamemaster;FAŁSZ;BRAK;BRAK;BRAK;BRAK;BRAK;BRAK;BRAK;BRAK;BRAK;BRAK;BRAK;BRAK;BRAK;BRAK;BRAK;BRAK;FAŁSZ;BRAK;BRAK;BRAK;;BRAK;BRAK;PRAWDA;5;5;BRAK;BRAK;BRAK;BRAK;0;0;0;0;0;0;Zaklinacz;Magiczne akcesoria;ItRi_Mana_02.3ds;TAK;TAK;TAK;PRAWDA
Pierścień oświecenia;405,00;405,00;FAŁSZ;Mgła w umyśle rozwiewa się, gdy go nosisz.;ITEM_CAT_RINGRIGHT;-;RingRight;Accessory;AdminAccessory;rings;FAŁSZ;ITRI_HP_MANA_01;-;ITAC_GS_RINGRIGHT_08;0,1;2;Gamemaster;FAŁSZ;BRAK;BRAK;BRAK;BRAK;BRAK;BRAK;BRAK;BRAK;BRAK;BRAK;BRAK;BRAK;BRAK;BRAK;BRAK;BRAK;FAŁSZ;BRAK;BRAK;BRAK;;BRAK;BRAK;PRAWDA;5;5;BRAK;BRAK;BRAK;BRAK;0;0;0;0;0;0;Zaklinacz;Magiczne akcesoria;ItRi_Hp_Mana_01.3ds;TAK;TAK;TAK;PRAWDA
Pierścień siły;405,00;405,00;FAŁSZ;Prosta obrączka, w której czuć skupioną siłę.;ITEM_CAT_RINGRIGHT;-;RingRight;Accessory;AdminAccessory;rings;FAŁSZ;ITRI_STR_02;-;ITAC_GS_RINGRIGHT_09;0,1;2;Gamemaster;FAŁSZ;BRAK;BRAK;BRAK;BRAK;BRAK;BRAK;BRAK;BRAK;BRAK;BRAK;BRAK;BRAK;BRAK;BRAK;BRAK;BRAK;FAŁSZ;BRAK;BRAK;BRAK;;BRAK;BRAK;PRAWDA;5;5;BRAK;BRAK;BRAK;BRAK;0;0;0;0;0;0;Zaklinacz;Magiczne akcesoria;ItRi_Str_02.3ds;TAK;TAK;TAK;PRAWDA
Pierścień zręczności;405,00;405,00;FAŁSZ;Dłoń z nim zwinniejsza, umysł bystrzejszy.;ITEM_CAT_RINGRIGHT;-;RingRight;Accessory;AdminAccessory;rings;FAŁSZ;ITRI_HP_01;-;ITAC_GS_RINGRIGHT_10;0,1;2;Gamemaster;FAŁSZ;BRAK;BRAK;BRAK;BRAK;BRAK;BRAK;BRAK;BRAK;BRAK;BRAK;BRAK;BRAK;BRAK;BRAK;BRAK;BRAK;FAŁSZ;BRAK;BRAK;BRAK;;BRAK;BRAK;PRAWDA;5;5;BRAK;BRAK;BRAK;BRAK;0;0;0;0;0;0;Zaklinacz;Magiczne akcesoria;ItRi_Hp_01.3ds;TAK;TAK;TAK;PRAWDA
Pierścień mocy (typ drugi);505,00;505,00;FAŁSZ;Prosta obrączka, w której czuć skupioną siłę.;ITEM_CAT_RINGRIGHT;-;RingRight;Accessory;AdminAccessory;rings;FAŁSZ;ITRI_ADDON_STR_02;-;ITAC_GS_RINGRIGHT_11;0,1;2;Gamemaster;FAŁSZ;BRAK;BRAK;BRAK;BRAK;BRAK;BRAK;BRAK;BRAK;BRAK;BRAK;BRAK;BRAK;BRAK;BRAK;BRAK;BRAK;FAŁSZ;BRAK;BRAK;BRAK;;BRAK;BRAK;PRAWDA;5;5;BRAK;BRAK;BRAK;BRAK;0;0;0;0;0;0;Zaklinacz;Magiczne akcesoria;ItRi_Prot_Total_02.3ds;TAK;TAK;TAK;PRAWDA
Amulet pancerza;670,00;670,00;FAŁSZ;"Stary wojownik szepnął: ""Lepszy niż kolczuga, lżejszy niż powietrze.""";ITEM_CAT_NECKLACE;-;Necklace;Accessory;AdminAccessory;amulets;FAŁSZ;ITAM_PROT_EDGE_01;-;ITAC_GS_NECK_01;0,1;3;Gamemaster;FAŁSZ;BRAK;BRAK;BRAK;BRAK;BRAK;BRAK;BRAK;BRAK;BRAK;BRAK;BRAK;BRAK;BRAK;BRAK;BRAK;BRAK;FAŁSZ;BRAK;BRAK;BRAK;;BRAK;BRAK;FAŁSZ;5;5;BRAK;BRAK;BRAK;BRAK;5;0;5;0;0;0;Zaklinacz;Magiczne akcesoria;ItAm_Prot_Edge_01.3ds;TAK;TAK;TAK;PRAWDA
Amulet dębowej skóry;670,00;670,00;FAŁSZ;Dąb nieugięty, tak jak ten, kto nosi ten amulet.;ITEM_CAT_NECKLACE;-;Necklace;Accessory;AdminAccessory;amulets;FAŁSZ;ITAM_PROT_POINT_01;-;ITAC_GS_NECK_02;0,1;3;Gamemaster;FAŁSZ;BRAK;BRAK;BRAK;BRAK;BRAK;BRAK;BRAK;BRAK;BRAK;BRAK;BRAK;BRAK;BRAK;BRAK;BRAK;BRAK;FAŁSZ;BRAK;BRAK;BRAK;;BRAK;BRAK;FAŁSZ;5;5;BRAK;BRAK;BRAK;BRAK;0;5;0;0;0;0;Zaklinacz;Magiczne akcesoria;ItAm_Prot_Point_01.3ds;TAK;TAK;TAK;PRAWDA
Amulet ognia;670,00;670,00;FAŁSZ;Ochroni cię przed płomieniem.;ITEM_CAT_NECKLACE;-;Necklace;Accessory;AdminAccessory;amulets;FAŁSZ;ITAM_PROT_TOTAL_01;-;ITAC_GS_NECK_03;0,1;3;Gamemaster;FAŁSZ;BRAK;BRAK;BRAK;BRAK;BRAK;BRAK;BRAK;BRAK;BRAK;BRAK;BRAK;BRAK;BRAK;BRAK;BRAK;BRAK;FAŁSZ;BRAK;BRAK;BRAK;;BRAK;BRAK;FAŁSZ;5;5;BRAK;BRAK;BRAK;BRAK;0;0;0;0;5;0;Zaklinacz;Magiczne akcesoria;ItAm_Prot_Total_01.3ds;TAK;TAK;TAK;PRAWDA
Amulet duchowej siły;670,00;670,00;FAŁSZ;Daje odporność na mroczne zaklęcia.;ITEM_CAT_NECKLACE;-;Necklace;Accessory;AdminAccessory;amulets;FAŁSZ;ITAM_MANA_01;-;ITAC_GS_NECK_04;0,1;3;Gamemaster;FAŁSZ;BRAK;BRAK;BRAK;BRAK;BRAK;BRAK;BRAK;BRAK;BRAK;BRAK;BRAK;BRAK;BRAK;BRAK;BRAK;BRAK;FAŁSZ;BRAK;BRAK;BRAK;;BRAK;BRAK;FAŁSZ;5;5;BRAK;BRAK;BRAK;BRAK;0;0;0;5;0;0;Zaklinacz;Magiczne akcesoria;ItAm_Mana_01.3ds;TAK;TAK;TAK;PRAWDA
Amulet siły;670,00;670,00;FAŁSZ;"Stary wojownik szepnął: ""Lepszy niż kolczuga, lżejszy niż powietrze.""";ITEM_CAT_NECKLACE;-;Necklace;Accessory;AdminAccessory;amulets;FAŁSZ;ITAM_STRG_01;-;ITAC_GS_NECK_05;0,1;3;Gamemaster;FAŁSZ;BRAK;BRAK;BRAK;BRAK;BRAK;BRAK;BRAK;BRAK;BRAK;BRAK;BRAK;BRAK;BRAK;BRAK;BRAK;BRAK;FAŁSZ;BRAK;BRAK;BRAK;;BRAK;BRAK;FAŁSZ;5;5;BRAK;BRAK;BRAK;BRAK;0;0;0;0;0;0;Zaklinacz;Magiczne akcesoria;ItAm_Strg_01.3ds;TAK;TAK;TAK;PRAWDA
Amulet zwinności;670,00;670,00;FAŁSZ;Cień jest mniej zwinnym złodziejem niż ty z tym amuletem.;ITEM_CAT_NECKLACE;-;Necklace;Accessory;AdminAccessory;amulets;FAŁSZ;ITAM_HP_MANA_01;-;ITAC_GS_NECK_06;0,1;3;Gamemaster;FAŁSZ;BRAK;BRAK;BRAK;BRAK;BRAK;BRAK;BRAK;BRAK;BRAK;BRAK;BRAK;BRAK;BRAK;BRAK;BRAK;BRAK;FAŁSZ;BRAK;BRAK;BRAK;;BRAK;BRAK;FAŁSZ;5;5;BRAK;BRAK;BRAK;BRAK;0;0;0;0;0;0;Zaklinacz;Magiczne akcesoria;ItAm_Hp_Mana_01.3ds;TAK;TAK;TAK;PRAWDA
Pierścień wiecznych zwycięstw;795,00;795,00;FAŁSZ;Nosi go tylko ten, kto nigdy nie uznał porażki.;ITEM_CAT_RINGLEFT;-;RingLeft;Accessory;AdminAccessory;rings;FAŁSZ;ITRI_PROT_TOTAL_01;-;ITAC_GS_RINGLEFT_08;0,1;4;Gamemaster;FAŁSZ;BRAK;BRAK;BRAK;BRAK;BRAK;BRAK;BRAK;BRAK;BRAK;BRAK;BRAK;BRAK;BRAK;BRAK;BRAK;BRAK;FAŁSZ;BRAK;BRAK;BRAK;;BRAK;BRAK;FAŁSZ;5;5;BRAK;BRAK;BRAK;BRAK;2;2;2;2;2;0;Zaklinacz;Magiczne akcesoria;ItRi_Prot_Total_01.3ds;TAK;TAK;TAK;PRAWDA
Amulet mocy;1095,00;1095,00;FAŁSZ;Mięśnie same napinają się gdy go założysz.;ITEM_CAT_NECKLACE;-;Necklace;Accessory;AdminAccessory;amulets;FAŁSZ;ITAM_STRG_01;-;ITAC_GS_NECK_07;0,1;5;Gamemaster;FAŁSZ;BRAK;BRAK;BRAK;BRAK;BRAK;BRAK;BRAK;BRAK;BRAK;BRAK;BRAK;BRAK;BRAK;BRAK;BRAK;BRAK;FAŁSZ;BRAK;BRAK;BRAK;;BRAK;BRAK;FAŁSZ;5;5;BRAK;BRAK;BRAK;BRAK;0;0;0;0;0;0;Zaklinacz;Magiczne akcesoria;ItAm_Strg_01.3ds;TAK;TAK;TAK;PRAWDA
Amulet magicznego pancerza;1095,00;1095,00;FAŁSZ;Niewidzialna zbroja, która nie dzwoni, nie rdzewieje i nie zdradza.;ITEM_CAT_NECKLACE;-;Necklace;Accessory;AdminAccessory;amulets;FAŁSZ;ITAM_PROT_POINT_01;-;ITAC_GS_NECK_08;0,1;5;Gamemaster;FAŁSZ;BRAK;BRAK;BRAK;BRAK;BRAK;BRAK;BRAK;BRAK;BRAK;BRAK;BRAK;BRAK;BRAK;BRAK;BRAK;BRAK;FAŁSZ;BRAK;BRAK;BRAK;;BRAK;BRAK;FAŁSZ;5;5;BRAK;BRAK;BRAK;BRAK;3;3;3;3;3;0;Zaklinacz;Magiczne akcesoria;ItAm_Prot_Point_01.3ds;TAK;TAK;TAK;PRAWDA
Przepustka do kopalni;BRAK;BRAK;FAŁSZ;Dla jednego może to być zwykły świstek papieru, ale dla drugiego otwierać drogę do nowych możliwości.;ITEM_CAT_NONE;-;Common;Common;AdminCommon;common;FAŁSZ;FAKESCROLL_ADDON;ITMI_GS_COM_37;ITMI_GS_COM_37;0,1;1;Support;FAŁSZ;BRAK;BRAK;BRAK;BRAK;BRAK;BRAK;BRAK;BRAK;BRAK;BRAK;BRAK;BRAK;BRAK;BRAK;BRAK;BRAK;FAŁSZ;BRAK;BRAK;BRAK;;BRAK;BRAK;FAŁSZ;100;100;BRAK;BRAK;BRAK;BRAK;BRAK;BRAK;BRAK;BRAK;BRAK;BRAK;;;;NIE;TAK;TAK;FAŁSZ
Glejt do kopalni;BRAK;BRAK;FAŁSZ;Dla jednego może to być zwykły świstek papieru, ale dla drugiego otwierać drogę do nowych możliwości.;ITEM_CAT_NONE;-;Common;Common;AdminCommon;common;FAŁSZ;FAKESCROLL_ADDON;ITMI_GS_COM_37;ITMI_GS_COM_67;0,1;1;Support;FAŁSZ;BRAK;BRAK;BRAK;BRAK;BRAK;BRAK;BRAK;BRAK;BRAK;BRAK;BRAK;BRAK;BRAK;BRAK;BRAK;BRAK;FAŁSZ;BRAK;BRAK;BRAK;;BRAK;BRAK;FAŁSZ;100;100;BRAK;BRAK;BRAK;BRAK;BRAK;BRAK;BRAK;BRAK;BRAK;BRAK;;;;NIE;TAK;TAK;FAŁSZ
Pozwolenie na wykopywanie złóż;BRAK;BRAK;FAŁSZ;Dla jednego może to być zwykły świstek papieru, ale dla drugiego otwierać drogę do nowych możliwości.;ITEM_CAT_NONE;-;Common;Common;AdminCommon;common;FAŁSZ;FAKESCROLL_ADDON;ITMI_GS_COM_37;ITMI_GS_COM_38;0,1;1;Gamemaster;FAŁSZ;BRAK;BRAK;BRAK;BRAK;BRAK;BRAK;BRAK;BRAK;BRAK;BRAK;BRAK;BRAK;BRAK;BRAK;BRAK;BRAK;FAŁSZ;BRAK;BRAK;BRAK;;BRAK;BRAK;FAŁSZ;100;100;604800;BRAK;BRAK;BRAK;BRAK;BRAK;BRAK;BRAK;BRAK;BRAK;;;;NIE;TAK;TAK;FAŁSZ
Pozwolenie na łowiectwo;BRAK;BRAK;FAŁSZ;Dla jednego może to być zwykły świstek papieru, ale dla drugiego otwierać drogę do nowych możliwości.;ITEM_CAT_NONE;-;Common;Common;AdminCommon;common;FAŁSZ;FAKESCROLL_ADDON;ITMI_GS_COM_37;ITMI_GS_COM_39;0,1;1;Gamemaster;FAŁSZ;BRAK;BRAK;BRAK;BRAK;BRAK;BRAK;BRAK;BRAK;BRAK;BRAK;BRAK;BRAK;BRAK;BRAK;BRAK;BRAK;FAŁSZ;BRAK;BRAK;BRAK;;BRAK;BRAK;FAŁSZ;100;100;604800;BRAK;BRAK;BRAK;BRAK;BRAK;BRAK;BRAK;BRAK;BRAK;;;;NIE;TAK;TAK;FAŁSZ
Pozwolenie na wyrąb drzewa;BRAK;BRAK;FAŁSZ;Dla jednego może to być zwykły świstek papieru, ale dla drugiego otwierać drogę do nowych możliwości.;ITEM_CAT_NONE;-;Common;Common;AdminCommon;common;FAŁSZ;FAKESCROLL_ADDON;ITMI_GS_COM_37;ITMI_GS_COM_40;0,1;1;Gamemaster;FAŁSZ;BRAK;BRAK;BRAK;BRAK;BRAK;BRAK;BRAK;BRAK;BRAK;BRAK;BRAK;BRAK;BRAK;BRAK;BRAK;BRAK;FAŁSZ;BRAK;BRAK;BRAK;;BRAK;BRAK;FAŁSZ;100;100;604800;BRAK;BRAK;BRAK;BRAK;BRAK;BRAK;BRAK;BRAK;BRAK;;;;NIE;TAK;TAK;FAŁSZ
Pozwolenie na połów;BRAK;BRAK;FAŁSZ;Dla jednego może to być zwykły świstek papieru, ale dla drugiego otwierać drogę do nowych możliwości.;ITEM_CAT_NONE;-;Common;Common;AdminCommon;common;FAŁSZ;FAKESCROLL_ADDON;ITMI_GS_COM_37;ITMI_GS_COM_41;0,1;1;Gamemaster;FAŁSZ;BRAK;BRAK;BRAK;BRAK;BRAK;BRAK;BRAK;BRAK;BRAK;BRAK;BRAK;BRAK;BRAK;BRAK;BRAK;BRAK;FAŁSZ;BRAK;BRAK;BRAK;;BRAK;BRAK;FAŁSZ;100;100;604800;BRAK;BRAK;BRAK;BRAK;BRAK;BRAK;BRAK;BRAK;BRAK;;;;NIE;TAK;TAK;FAŁSZ
Dokument 2 dniowy;BRAK;BRAK;FAŁSZ;Dla jednego może to być zwykły świstek papieru, ale dla drugiego otwierać drogę do nowych możliwości.;ITEM_CAT_NONE;-;Common;Common;AdminCommon;common;FAŁSZ;FAKESCROLL_ADDON;ITMI_GS_COM_37;ITMI_GS_COM_41_1;0,1;1;Gamemaster;FAŁSZ;BRAK;BRAK;BRAK;BRAK;BRAK;BRAK;BRAK;BRAK;BRAK;BRAK;BRAK;BRAK;BRAK;BRAK;BRAK;BRAK;FAŁSZ;BRAK;BRAK;BRAK;;BRAK;BRAK;FAŁSZ;100;100;172800;BRAK;BRAK;BRAK;BRAK;BRAK;BRAK;BRAK;BRAK;BRAK;;;;;;;FAŁSZ
Dokument krótkoterminowy;BRAK;BRAK;FAŁSZ;Dla jednego może to być zwykły świstek papieru, ale dla drugiego otwierać drogę do nowych możliwości.;ITEM_CAT_NONE;-;Common;Common;AdminCommon;common;FAŁSZ;FAKESCROLL_ADDON;ITMI_GS_COM_37;ITMI_GS_COM_42;0,1;1;Gamemaster;FAŁSZ;BRAK;BRAK;BRAK;BRAK;BRAK;BRAK;BRAK;BRAK;BRAK;BRAK;BRAK;BRAK;BRAK;BRAK;BRAK;BRAK;FAŁSZ;BRAK;BRAK;BRAK;;BRAK;BRAK;FAŁSZ;100;100;604800;BRAK;BRAK;BRAK;BRAK;BRAK;BRAK;BRAK;BRAK;BRAK;;;;NIE;TAK;TAK;FAŁSZ
Dokument długoterminowy;BRAK;BRAK;FAŁSZ;Dla jednego może to być zwykły świstek papieru, ale dla drugiego otwierać drogę do nowych możliwości.;ITEM_CAT_NONE;-;Common;Common;AdminCommon;common;FAŁSZ;FAKESCROLL_ADDON;ITMI_GS_COM_37;ITMI_GS_COM_43;0,1;1;Gamemaster;FAŁSZ;BRAK;BRAK;BRAK;BRAK;BRAK;BRAK;BRAK;BRAK;BRAK;BRAK;BRAK;BRAK;BRAK;BRAK;BRAK;BRAK;FAŁSZ;BRAK;BRAK;BRAK;;BRAK;BRAK;FAŁSZ;100;100;1209600;BRAK;BRAK;BRAK;BRAK;BRAK;BRAK;BRAK;BRAK;BRAK;;;;NIE;TAK;TAK;FAŁSZ
Dokument bezterminowy;BRAK;BRAK;FAŁSZ;Dla jednego może to być zwykły świstek papieru, ale dla drugiego otwierać drogę do nowych możliwości.;ITEM_CAT_NONE;-;Common;Common;AdminCommon;common;FAŁSZ;FAKESCROLL_ADDON;ITMI_GS_COM_37;ITMI_GS_COM_46;0,1;1;Gamemaster;FAŁSZ;BRAK;BRAK;BRAK;BRAK;BRAK;BRAK;BRAK;BRAK;BRAK;BRAK;BRAK;BRAK;BRAK;BRAK;BRAK;BRAK;FAŁSZ;BRAK;BRAK;BRAK;;BRAK;BRAK;FAŁSZ;100;100;BRAK;BRAK;BRAK;BRAK;BRAK;BRAK;BRAK;BRAK;BRAK;BRAK;;;;NIE;TAK;TAK;FAŁSZ
Mieszczaństwo;BRAK;BRAK;FAŁSZ;Dla jednego może to być zwykły świstek papieru, ale dla drugiego otwierać drogę do nowych możliwości.;ITEM_CAT_NONE;-;Common;Common;AdminCommon;common;FAŁSZ;FAKESCROLL_ADDON;ITMI_GS_COM_37;ITMI_GS_COM_44;0,1;1;Gamemaster;FAŁSZ;BRAK;BRAK;BRAK;BRAK;BRAK;BRAK;BRAK;BRAK;BRAK;BRAK;BRAK;BRAK;BRAK;BRAK;BRAK;BRAK;FAŁSZ;BRAK;BRAK;BRAK;;BRAK;BRAK;FAŁSZ;100;100;1209600;BRAK;BRAK;BRAK;BRAK;BRAK;BRAK;BRAK;BRAK;BRAK;;;;NIE;TAK;TAK;FAŁSZ
Obywatelstwo;BRAK;BRAK;FAŁSZ;Dla jednego może to być zwykły świstek papieru, ale dla drugiego otwierać drogę do nowych możliwości.;ITEM_CAT_NONE;-;Common;Common;AdminCommon;common;FAŁSZ;FAKESCROLL_ADDON;ITMI_GS_COM_37;ITMI_GS_COM_45;0,1;1;Gamemaster;FAŁSZ;BRAK;BRAK;BRAK;BRAK;BRAK;BRAK;BRAK;BRAK;BRAK;BRAK;BRAK;BRAK;BRAK;BRAK;BRAK;BRAK;FAŁSZ;BRAK;BRAK;BRAK;;BRAK;BRAK;FAŁSZ;100;100;BRAK;BRAK;BRAK;BRAK;BRAK;BRAK;BRAK;BRAK;BRAK;BRAK;;;;NIE;TAK;TAK;FAŁSZ
Przepustka do sali treningowej;BRAK;BRAK;FAŁSZ;Dla jednego może to być zwykły świstek papieru, ale dla drugiego otwierać drogę do nowych możliwości.;ITEM_CAT_NONE;-;Common;Common;AdminCommon;common;FAŁSZ;FAKESCROLL_ADDON;ITMI_GS_COM_37;ITMI_GS_COM_47;0,1;1;Gamemaster;FAŁSZ;BRAK;BRAK;BRAK;BRAK;BRAK;BRAK;BRAK;BRAK;BRAK;BRAK;BRAK;BRAK;BRAK;BRAK;BRAK;BRAK;FAŁSZ;BRAK;BRAK;BRAK;;BRAK;BRAK;FAŁSZ;100;100;BRAK;BRAK;BRAK;BRAK;BRAK;BRAK;BRAK;BRAK;BRAK;BRAK;;;;NIE;TAK;TAK;FAŁSZ
Pozwolenie na wynajęcie stoiska;BRAK;BRAK;FAŁSZ;Dla jednego może to być zwykły świstek papieru, ale dla drugiego otwierać drogę do nowych możliwości.;ITEM_CAT_NONE;-;Common;Common;AdminCommon;common;FAŁSZ;FAKESCROLL_ADDON;ITMI_GS_COM_37;ITMI_GS_COM_48;0,1;1;Support;FAŁSZ;BRAK;BRAK;BRAK;BRAK;BRAK;BRAK;BRAK;BRAK;BRAK;BRAK;BRAK;BRAK;BRAK;BRAK;BRAK;BRAK;FAŁSZ;BRAK;BRAK;BRAK;;BRAK;BRAK;FAŁSZ;100;100;BRAK;BRAK;BRAK;BRAK;BRAK;BRAK;BRAK;BRAK;BRAK;BRAK;;;;NIE;TAK;TAK;FAŁSZ
Pamiętnik włamywacza;BRAK;BRAK;FAŁSZ;Pamiętnik opisujący losy dawnego włamywacza. W pamiętniku został schowany szczurzy ogon.;ITEM_CAT_NONE;-;Common;Common;AdminCommon;common;FAŁSZ;KM_ITEM_BOOK_09;-;ITMI_GS_COM_101;0,1;1;Gamemaster;FAŁSZ;BRAK;BRAK;BRAK;BRAK;BRAK;BRAK;BRAK;BRAK;BRAK;BRAK;BRAK;BRAK;BRAK;BRAK;BRAK;BRAK;FAŁSZ;BRAK;BRAK;BRAK;;BRAK;BRAK;FAŁSZ;100;100;BRAK;BRAK;BRAK;BRAK;BRAK;BRAK;BRAK;BRAK;BRAK;BRAK;;;;NIE;TAK;TAK;FAŁSZ
Pamiętnik kieszonkowca;BRAK;BRAK;FAŁSZ;Pamiętnik opisujący losy dawnego złodzieja. W pamiętniku został schowany szczurzy ogon.;ITEM_CAT_NONE;-;Common;Common;AdminCommon;common;FAŁSZ;KM_ITEM_BOOK_09;-;ITMI_GS_COM_102;0,1;1;Gamemaster;FAŁSZ;BRAK;BRAK;BRAK;BRAK;BRAK;BRAK;BRAK;BRAK;BRAK;BRAK;BRAK;BRAK;BRAK;BRAK;BRAK;BRAK;FAŁSZ;BRAK;BRAK;BRAK;;BRAK;BRAK;FAŁSZ;100;100;BRAK;BRAK;BRAK;BRAK;BRAK;BRAK;BRAK;BRAK;BRAK;BRAK;;;;NIE;TAK;TAK;FAŁSZ
Jednorazowa przepustka do grodu;BRAK;BRAK;FAŁSZ;Dla jednego może to być zwykły świstek papieru, ale dla drugiego otwierać drogę do nowych możliwości.;ITEM_CAT_NONE;-;Common;Common;AdminCommon;common;FAŁSZ;FAKESCROLL_ADDON;ITMI_GS_COM_37;ITMI_GS_COM_49;0,1;1;Support;FAŁSZ;BRAK;BRAK;BRAK;BRAK;BRAK;BRAK;BRAK;BRAK;BRAK;BRAK;BRAK;BRAK;BRAK;BRAK;BRAK;BRAK;FAŁSZ;BRAK;BRAK;BRAK;;BRAK;BRAK;FAŁSZ;100;100;BRAK;BRAK;BRAK;BRAK;BRAK;BRAK;BRAK;BRAK;BRAK;BRAK;;;;NIE;TAK;TAK;FAŁSZ
Lista rzeczy: krawiec;BRAK;BRAK;FAŁSZ;Spis rzeczy które otrzymam od zaprzyjaźnionego kupca Arthura z targowiska.;ITEM_CAT_NONE;-;Common;Common;AdminCommon;common;FAŁSZ;FAKESCROLL_ADDON;ITMI_GS_COM_37;ITMI_GS_COM_50;0,1;1;Support;FAŁSZ;BRAK;BRAK;BRAK;BRAK;BRAK;BRAK;BRAK;BRAK;BRAK;BRAK;BRAK;BRAK;BRAK;BRAK;BRAK;BRAK;FAŁSZ;BRAK;BRAK;BRAK;;BRAK;BRAK;FAŁSZ;100;100;BRAK;BRAK;BRAK;BRAK;BRAK;BRAK;BRAK;BRAK;BRAK;BRAK;;;;NIE;NIE;TAK;FAŁSZ
Lista rzeczy: łuczarz;BRAK;BRAK;FAŁSZ;Spis rzeczy które otrzymam od zaprzyjaźnionego kupca Arthura z targowiska.;ITEM_CAT_NONE;-;Common;Common;AdminCommon;common;FAŁSZ;FAKESCROLL_ADDON;ITMI_GS_COM_37;ITMI_GS_COM_51;0,1;1;Support;FAŁSZ;BRAK;BRAK;BRAK;BRAK;BRAK;BRAK;BRAK;BRAK;BRAK;BRAK;BRAK;BRAK;BRAK;BRAK;BRAK;BRAK;FAŁSZ;BRAK;BRAK;BRAK;;BRAK;BRAK;FAŁSZ;100;100;BRAK;BRAK;BRAK;BRAK;BRAK;BRAK;BRAK;BRAK;BRAK;BRAK;;;;NIE;NIE;TAK;FAŁSZ
Lista rzeczy: górnik;BRAK;BRAK;FAŁSZ;Spis rzeczy które otrzymam od zaprzyjaźnionego kupca Arthura z targowiska.;ITEM_CAT_NONE;-;Common;Common;AdminCommon;common;FAŁSZ;FAKESCROLL_ADDON;ITMI_GS_COM_37;ITMI_GS_COM_52;0,1;1;Support;FAŁSZ;BRAK;BRAK;BRAK;BRAK;BRAK;BRAK;BRAK;BRAK;BRAK;BRAK;BRAK;BRAK;BRAK;BRAK;BRAK;BRAK;FAŁSZ;BRAK;BRAK;BRAK;;BRAK;BRAK;FAŁSZ;100;100;BRAK;BRAK;BRAK;BRAK;BRAK;BRAK;BRAK;BRAK;BRAK;BRAK;;;;NIE;NIE;TAK;FAŁSZ
Lista rzeczy: Metalurg;BRAK;BRAK;FAŁSZ;Spis rzeczy które otrzymam od zaprzyjaźnionego kupca Arthura z targowiska.;ITEM_CAT_NONE;-;Common;Common;AdminCommon;common;FAŁSZ;FAKESCROLL_ADDON;ITMI_GS_COM_37;ITMI_GS_COM_53;0,1;1;Support;FAŁSZ;BRAK;BRAK;BRAK;BRAK;BRAK;BRAK;BRAK;BRAK;BRAK;BRAK;BRAK;BRAK;BRAK;BRAK;BRAK;BRAK;FAŁSZ;BRAK;BRAK;BRAK;;BRAK;BRAK;FAŁSZ;100;100;BRAK;BRAK;BRAK;BRAK;BRAK;BRAK;BRAK;BRAK;BRAK;BRAK;;;;NIE;NIE;TAK;FAŁSZ
Lista rzeczy: drwal;BRAK;BRAK;FAŁSZ;Spis rzeczy które otrzymam od zaprzyjaźnionego kupca Arthura z targowiska.;ITEM_CAT_NONE;-;Common;Common;AdminCommon;common;FAŁSZ;FAKESCROLL_ADDON;ITMI_GS_COM_37;ITMI_GS_COM_54;0,1;1;Support;FAŁSZ;BRAK;BRAK;BRAK;BRAK;BRAK;BRAK;BRAK;BRAK;BRAK;BRAK;BRAK;BRAK;BRAK;BRAK;BRAK;BRAK;FAŁSZ;BRAK;BRAK;BRAK;;BRAK;BRAK;FAŁSZ;100;100;BRAK;BRAK;BRAK;BRAK;BRAK;BRAK;BRAK;BRAK;BRAK;BRAK;;;;NIE;NIE;TAK;FAŁSZ
Lista rzeczy: płatnerz;BRAK;BRAK;FAŁSZ;Spis rzeczy które otrzymam od zaprzyjaźnionego kupca Arthura z targowiska.;ITEM_CAT_NONE;-;Common;Common;AdminCommon;common;FAŁSZ;FAKESCROLL_ADDON;ITMI_GS_COM_37;ITMI_GS_COM_55;0,1;1;Support;FAŁSZ;BRAK;BRAK;BRAK;BRAK;BRAK;BRAK;BRAK;BRAK;BRAK;BRAK;BRAK;BRAK;BRAK;BRAK;BRAK;BRAK;FAŁSZ;BRAK;BRAK;BRAK;;BRAK;BRAK;FAŁSZ;100;100;BRAK;BRAK;BRAK;BRAK;BRAK;BRAK;BRAK;BRAK;BRAK;BRAK;;;;NIE;NIE;TAK;FAŁSZ
Lista rzeczy: kowal;BRAK;BRAK;FAŁSZ;Spis rzeczy które otrzymam od zaprzyjaźnionego kupca Arthura z targowiska.;ITEM_CAT_NONE;-;Common;Common;AdminCommon;common;FAŁSZ;FAKESCROLL_ADDON;ITMI_GS_COM_37;ITMI_GS_COM_56;0,1;1;Support;FAŁSZ;BRAK;BRAK;BRAK;BRAK;BRAK;BRAK;BRAK;BRAK;BRAK;BRAK;BRAK;BRAK;BRAK;BRAK;BRAK;BRAK;FAŁSZ;BRAK;BRAK;BRAK;;BRAK;BRAK;FAŁSZ;100;100;BRAK;BRAK;BRAK;BRAK;BRAK;BRAK;BRAK;BRAK;BRAK;BRAK;;;;NIE;NIE;TAK;FAŁSZ
Lista rzeczy: zbrojmistrz;BRAK;BRAK;FAŁSZ;Spis rzeczy które otrzymam od zaprzyjaźnionego kupca Arthura z targowiska.;ITEM_CAT_NONE;-;Common;Common;AdminCommon;common;FAŁSZ;FAKESCROLL_ADDON;ITMI_GS_COM_37;ITMI_GS_COM_57;0,1;1;Support;FAŁSZ;BRAK;BRAK;BRAK;BRAK;BRAK;BRAK;BRAK;BRAK;BRAK;BRAK;BRAK;BRAK;BRAK;BRAK;BRAK;BRAK;FAŁSZ;BRAK;BRAK;BRAK;;BRAK;BRAK;FAŁSZ;100;100;BRAK;BRAK;BRAK;BRAK;BRAK;BRAK;BRAK;BRAK;BRAK;BRAK;;;;NIE;NIE;TAK;FAŁSZ
Lista rzeczy: zaklinacz;BRAK;BRAK;FAŁSZ;Spis rzeczy które otrzymam od zaprzyjaźnionego kupca Arthura z targowiska.;ITEM_CAT_NONE;-;Common;Common;AdminCommon;common;FAŁSZ;FAKESCROLL_ADDON;ITMI_GS_COM_37;ITMI_GS_COM_58;0,1;1;Support;FAŁSZ;BRAK;BRAK;BRAK;BRAK;BRAK;BRAK;BRAK;BRAK;BRAK;BRAK;BRAK;BRAK;BRAK;BRAK;BRAK;BRAK;FAŁSZ;BRAK;BRAK;BRAK;;BRAK;BRAK;FAŁSZ;100;100;BRAK;BRAK;BRAK;BRAK;BRAK;BRAK;BRAK;BRAK;BRAK;BRAK;;;;NIE;NIE;TAK;FAŁSZ
Lista rzeczy: kucharz;BRAK;BRAK;FAŁSZ;Spis rzeczy które otrzymam od zaprzyjaźnionego kupca Arthura z targowiska.;ITEM_CAT_NONE;-;Common;Common;AdminCommon;common;FAŁSZ;FAKESCROLL_ADDON;ITMI_GS_COM_37;ITMI_GS_COM_59;0,1;1;Support;FAŁSZ;BRAK;BRAK;BRAK;BRAK;BRAK;BRAK;BRAK;BRAK;BRAK;BRAK;BRAK;BRAK;BRAK;BRAK;BRAK;BRAK;FAŁSZ;BRAK;BRAK;BRAK;;BRAK;BRAK;FAŁSZ;100;100;BRAK;BRAK;BRAK;BRAK;BRAK;BRAK;BRAK;BRAK;BRAK;BRAK;;;;NIE;NIE;TAK;FAŁSZ
Lista rzeczy: farmer;BRAK;BRAK;FAŁSZ;Spis rzeczy które otrzymam od zaprzyjaźnionego kupca Arthura z targowiska.;ITEM_CAT_NONE;-;Common;Common;AdminCommon;common;FAŁSZ;FAKESCROLL_ADDON;ITMI_GS_COM_37;ITMI_GS_COM_60;0,1;1;Support;FAŁSZ;BRAK;BRAK;BRAK;BRAK;BRAK;BRAK;BRAK;BRAK;BRAK;BRAK;BRAK;BRAK;BRAK;BRAK;BRAK;BRAK;FAŁSZ;BRAK;BRAK;BRAK;;BRAK;BRAK;FAŁSZ;100;100;BRAK;BRAK;BRAK;BRAK;BRAK;BRAK;BRAK;BRAK;BRAK;BRAK;;;;NIE;NIE;TAK;FAŁSZ
Lista rzeczy: zbieracz;BRAK;BRAK;FAŁSZ;Spis rzeczy które otrzymam od zaprzyjaźnionego kupca Arthura z targowiska.;ITEM_CAT_NONE;-;Common;Common;AdminCommon;common;FAŁSZ;FAKESCROLL_ADDON;ITMI_GS_COM_37;ITMI_GS_COM_61;0,1;1;Support;FAŁSZ;BRAK;BRAK;BRAK;BRAK;BRAK;BRAK;BRAK;BRAK;BRAK;BRAK;BRAK;BRAK;BRAK;BRAK;BRAK;BRAK;FAŁSZ;BRAK;BRAK;BRAK;;BRAK;BRAK;FAŁSZ;100;100;BRAK;BRAK;BRAK;BRAK;BRAK;BRAK;BRAK;BRAK;BRAK;BRAK;;;;NIE;NIE;TAK;FAŁSZ
Lista rzeczy: alchemik;BRAK;BRAK;FAŁSZ;Spis rzeczy które otrzymam od zaprzyjaźnionego kupca Arthura z targowiska.;ITEM_CAT_NONE;-;Common;Common;AdminCommon;common;FAŁSZ;FAKESCROLL_ADDON;ITMI_GS_COM_37;ITMI_GS_COM_62;0,1;1;Support;FAŁSZ;BRAK;BRAK;BRAK;BRAK;BRAK;BRAK;BRAK;BRAK;BRAK;BRAK;BRAK;BRAK;BRAK;BRAK;BRAK;BRAK;FAŁSZ;BRAK;BRAK;BRAK;;BRAK;BRAK;FAŁSZ;100;100;BRAK;BRAK;BRAK;BRAK;BRAK;BRAK;BRAK;BRAK;BRAK;BRAK;;;;NIE;NIE;TAK;FAŁSZ
Lista rzeczy: złodziej;BRAK;BRAK;FAŁSZ;Spis rzeczy które otrzymam od zaprzyjaźnionego kupca Arthura z targowiska.;ITEM_CAT_NONE;-;Common;Common;AdminCommon;common;FAŁSZ;FAKESCROLL_ADDON;ITMI_GS_COM_37;ITMI_GS_COM_63;0,1;1;Support;FAŁSZ;BRAK;BRAK;BRAK;BRAK;BRAK;BRAK;BRAK;BRAK;BRAK;BRAK;BRAK;BRAK;BRAK;BRAK;BRAK;BRAK;FAŁSZ;BRAK;BRAK;BRAK;;BRAK;BRAK;FAŁSZ;100;100;BRAK;BRAK;BRAK;BRAK;BRAK;BRAK;BRAK;BRAK;BRAK;BRAK;;;;NIE;NIE;TAK;FAŁSZ
Lista rzeczy: myśliwy;BRAK;BRAK;FAŁSZ;Spis rzeczy które otrzymam od zaprzyjaźnionego kupca Arthura z targowiska.;ITEM_CAT_NONE;-;Common;Common;AdminCommon;common;FAŁSZ;FAKESCROLL_ADDON;ITMI_GS_COM_37;ITMI_GS_COM_64;0,1;1;Support;FAŁSZ;BRAK;BRAK;BRAK;BRAK;BRAK;BRAK;BRAK;BRAK;BRAK;BRAK;BRAK;BRAK;BRAK;BRAK;BRAK;BRAK;FAŁSZ;BRAK;BRAK;BRAK;;BRAK;BRAK;FAŁSZ;100;100;BRAK;BRAK;BRAK;BRAK;BRAK;BRAK;BRAK;BRAK;BRAK;BRAK;;;;NIE;NIE;TAK;FAŁSZ
Lista rzeczy: wartownik;BRAK;BRAK;FAŁSZ;Spis rzeczy które otrzymam od zaprzyjaźnionego wartownika Eustachego.;ITEM_CAT_NONE;-;Common;Common;AdminCommon;common;FAŁSZ;FAKESCROLL_ADDON;ITMI_GS_COM_37;ITMI_GS_COM_65;0,1;1;Support;FAŁSZ;BRAK;BRAK;BRAK;BRAK;BRAK;BRAK;BRAK;BRAK;BRAK;BRAK;BRAK;BRAK;BRAK;BRAK;BRAK;BRAK;FAŁSZ;BRAK;BRAK;BRAK;;BRAK;BRAK;FAŁSZ;100;100;BRAK;BRAK;BRAK;BRAK;BRAK;BRAK;BRAK;BRAK;BRAK;BRAK;;;;NIE;NIE;TAK;FAŁSZ
Lista rzeczy: nowicjusz;BRAK;BRAK;FAŁSZ;Spis rzeczy które otrzymam od zaprzyjaźnionego kupca Arthura z targowiska.;ITEM_CAT_NONE;-;Common;Common;AdminCommon;common;FAŁSZ;FAKESCROLL_ADDON;ITMI_GS_COM_37;ITMI_GS_COM_66;0,1;1;Support;FAŁSZ;BRAK;BRAK;BRAK;BRAK;BRAK;BRAK;BRAK;BRAK;BRAK;BRAK;BRAK;BRAK;BRAK;BRAK;BRAK;BRAK;FAŁSZ;BRAK;BRAK;BRAK;;BRAK;BRAK;FAŁSZ;100;100;BRAK;BRAK;BRAK;BRAK;BRAK;BRAK;BRAK;BRAK;BRAK;BRAK;;;;NIE;NIE;TAK;FAŁSZ
Lista rzeczy: szlachta;BRAK;BRAK;FAŁSZ;Spis rzeczy które otrzymam od zaprzyjaźnionego kupca Arthura z targowiska.;ITEM_CAT_NONE;-;Common;Common;AdminCommon;common;FAŁSZ;FAKESCROLL_ADDON;ITMI_GS_COM_37;ITMI_GS_COM_68;0,1;1;Support;FAŁSZ;BRAK;BRAK;BRAK;BRAK;BRAK;BRAK;BRAK;BRAK;BRAK;BRAK;BRAK;BRAK;BRAK;BRAK;BRAK;BRAK;FAŁSZ;BRAK;BRAK;BRAK;;BRAK;BRAK;FAŁSZ;100;100;BRAK;BRAK;BRAK;BRAK;BRAK;BRAK;BRAK;BRAK;BRAK;BRAK;;;;NIE;NIE;TAK;FAŁSZ
Członkostwo w Gildii Kupieckiej KZP;BRAK;BRAK;FAŁSZ;Spis rzeczy które otrzymam od zaprzyjaźnionego kupca Arthura z targowiska.;ITEM_CAT_NONE;-;Common;Common;AdminCommon;common;FAŁSZ;FAKESCROLL_ADDON;ITMI_GS_COM_37;ITMI_GS_COM_69;0,1;1;Support;FAŁSZ;BRAK;BRAK;BRAK;BRAK;BRAK;BRAK;BRAK;BRAK;BRAK;BRAK;BRAK;BRAK;BRAK;BRAK;BRAK;BRAK;FAŁSZ;BRAK;BRAK;BRAK;;BRAK;BRAK;FAŁSZ;100;100;BRAK;BRAK;BRAK;BRAK;BRAK;BRAK;BRAK;BRAK;BRAK;BRAK;;;;;;;FAŁSZ
Zaaw. księga alchemiczna;BRAK;BRAK;FAŁSZ;Przepisy które są wymagane do niektórych przedmiotów.;ITEM_CAT_NONE;-;Common;Common;AdminCommon;common;FAŁSZ;ITWR_ALCHEMY_TIER1;ITMI_GS_COM_110;ITMI_GS_COM_110;0,3;1;Gamemaster;FAŁSZ;BRAK;BRAK;BRAK;BRAK;BRAK;BRAK;BRAK;BRAK;BRAK;BRAK;BRAK;BRAK;BRAK;BRAK;BRAK;BRAK;FAŁSZ;BRAK;BRAK;BRAK;;BRAK;500;FAŁSZ;100;100;BRAK;BRAK;BRAK;BRAK;BRAK;BRAK;BRAK;BRAK;BRAK;BRAK;;;;NIE;TAK;TAK;FAŁSZ
Mistrz. księga alchemiczna;BRAK;BRAK;FAŁSZ;Przepisy które są wymagane do niektórych przedmiotów.;ITEM_CAT_NONE;-;Common;Common;AdminCommon;common;FAŁSZ;ITWR_ALCHEMY_TIER1;ITMI_GS_COM_110;ITMI_GS_COM_111;0,3;1;Gamemaster;FAŁSZ;BRAK;BRAK;BRAK;BRAK;BRAK;BRAK;BRAK;BRAK;BRAK;BRAK;BRAK;BRAK;BRAK;BRAK;BRAK;BRAK;FAŁSZ;BRAK;BRAK;BRAK;;BRAK;500;FAŁSZ;100;100;BRAK;BRAK;BRAK;BRAK;BRAK;BRAK;BRAK;BRAK;BRAK;BRAK;;;;NIE;TAK;TAK;FAŁSZ
Arcymistrz. księga alchemiczna;BRAK;BRAK;FAŁSZ;Przepisy które są wymagane do niektórych przedmiotów.;ITEM_CAT_NONE;-;Common;Common;AdminCommon;common;FAŁSZ;ITWR_ALCHEMY_TIER1;ITMI_GS_COM_110;ITMI_GS_COM_112;0,3;1;Gamemaster;FAŁSZ;BRAK;BRAK;BRAK;BRAK;BRAK;BRAK;BRAK;BRAK;BRAK;BRAK;BRAK;BRAK;BRAK;BRAK;BRAK;BRAK;FAŁSZ;BRAK;BRAK;BRAK;;BRAK;500;FAŁSZ;100;100;BRAK;BRAK;BRAK;BRAK;BRAK;BRAK;BRAK;BRAK;BRAK;BRAK;;;;NIE;TAK;TAK;FAŁSZ
Zakazane przepisy alchemiczne;BRAK;BRAK;FAŁSZ;Przepisy które są wymagane do niektórych przedmiotów.;ITEM_CAT_NONE;-;Common;Common;AdminCommon;common;FAŁSZ;ITWR_WINE_01;ITMI_GS_COM_200;ITMI_GS_COM_201;0,3;1;Gamemaster;FAŁSZ;BRAK;BRAK;BRAK;BRAK;BRAK;BRAK;BRAK;BRAK;BRAK;BRAK;BRAK;BRAK;BRAK;BRAK;BRAK;BRAK;FAŁSZ;BRAK;BRAK;BRAK;;BRAK;500;FAŁSZ;100;100;BRAK;BRAK;BRAK;BRAK;BRAK;BRAK;BRAK;BRAK;BRAK;BRAK;;;;;;;FAŁSZ
Zaaw. schematy broni długich;BRAK;BRAK;FAŁSZ;Przepisy które są wymagane do niektórych przedmiotów.;ITEM_CAT_NONE;-;Common;Common;AdminCommon;common;FAŁSZ;ITWR_TALENTBOOK_SOUTHERNER_TIER1;ITMI_GS_COM_120;ITMI_GS_COM_120;0,3;1;Gamemaster;FAŁSZ;BRAK;BRAK;BRAK;BRAK;BRAK;BRAK;BRAK;BRAK;BRAK;BRAK;BRAK;BRAK;BRAK;BRAK;BRAK;BRAK;FAŁSZ;BRAK;BRAK;BRAK;;BRAK;500;FAŁSZ;100;100;BRAK;BRAK;BRAK;BRAK;BRAK;BRAK;BRAK;BRAK;BRAK;BRAK;;;;NIE;TAK;TAK;FAŁSZ
Mistrz. schematy broni długich;BRAK;BRAK;FAŁSZ;Przepisy które są wymagane do niektórych przedmiotów.;ITEM_CAT_NONE;-;Common;Common;AdminCommon;common;FAŁSZ;ITWR_TALENTBOOK_SOUTHERNER_TIER1;ITMI_GS_COM_120;ITMI_GS_COM_121;0,3;1;Gamemaster;FAŁSZ;BRAK;BRAK;BRAK;BRAK;BRAK;BRAK;BRAK;BRAK;BRAK;BRAK;BRAK;BRAK;BRAK;BRAK;BRAK;BRAK;FAŁSZ;BRAK;BRAK;BRAK;;BRAK;500;FAŁSZ;100;100;BRAK;BRAK;BRAK;BRAK;BRAK;BRAK;BRAK;BRAK;BRAK;BRAK;;;;NIE;TAK;TAK;FAŁSZ
Arcymistrz. schematy broni długich;BRAK;BRAK;FAŁSZ;Przepisy które są wymagane do niektórych przedmiotów.;ITEM_CAT_NONE;-;Common;Common;AdminCommon;common;FAŁSZ;ITWR_TALENTBOOK_SOUTHERNER_TIER1;ITMI_GS_COM_120;ITMI_GS_COM_122;0,3;1;Gamemaster;FAŁSZ;BRAK;BRAK;BRAK;BRAK;BRAK;BRAK;BRAK;BRAK;BRAK;BRAK;BRAK;BRAK;BRAK;BRAK;BRAK;BRAK;FAŁSZ;BRAK;BRAK;BRAK;;BRAK;500;FAŁSZ;100;100;BRAK;BRAK;BRAK;BRAK;BRAK;BRAK;BRAK;BRAK;BRAK;BRAK;;;;NIE;TAK;TAK;FAŁSZ
Zaaw. schematy mieczy krótkich;BRAK;BRAK;FAŁSZ;Przepisy które są wymagane do niektórych przedmiotów.;ITEM_CAT_NONE;-;Common;Common;AdminCommon;common;FAŁSZ;ITWR_TALENTBOOK_SAILOR_TIER1;ITMI_GS_COM_130;ITMI_GS_COM_130;0,3;1;Gamemaster;FAŁSZ;BRAK;BRAK;BRAK;BRAK;BRAK;BRAK;BRAK;BRAK;BRAK;BRAK;BRAK;BRAK;BRAK;BRAK;BRAK;BRAK;FAŁSZ;BRAK;BRAK;BRAK;;BRAK;500;FAŁSZ;100;100;BRAK;BRAK;BRAK;BRAK;BRAK;BRAK;BRAK;BRAK;BRAK;BRAK;;;;NIE;TAK;TAK;FAŁSZ
Mistrz. schematy broni krótkich;BRAK;BRAK;FAŁSZ;Przepisy które są wymagane do niektórych przedmiotów.;ITEM_CAT_NONE;-;Common;Common;AdminCommon;common;FAŁSZ;ITWR_TALENTBOOK_SAILOR_TIER1;ITMI_GS_COM_130;ITMI_GS_COM_131;0,3;1;Gamemaster;FAŁSZ;BRAK;BRAK;BRAK;BRAK;BRAK;BRAK;BRAK;BRAK;BRAK;BRAK;BRAK;BRAK;BRAK;BRAK;BRAK;BRAK;FAŁSZ;BRAK;BRAK;BRAK;;BRAK;500;FAŁSZ;100;100;BRAK;BRAK;BRAK;BRAK;BRAK;BRAK;BRAK;BRAK;BRAK;BRAK;;;;NIE;TAK;TAK;FAŁSZ
Arcymistrz. schematy broni krótkich;BRAK;BRAK;FAŁSZ;Przepisy które są wymagane do niektórych przedmiotów.;ITEM_CAT_NONE;-;Common;Common;AdminCommon;common;FAŁSZ;ITWR_TALENTBOOK_SAILOR_TIER1;ITMI_GS_COM_130;ITMI_GS_COM_132;0,3;1;Gamemaster;FAŁSZ;BRAK;BRAK;BRAK;BRAK;BRAK;BRAK;BRAK;BRAK;BRAK;BRAK;BRAK;BRAK;BRAK;BRAK;BRAK;BRAK;FAŁSZ;BRAK;BRAK;BRAK;;BRAK;500;FAŁSZ;100;100;BRAK;BRAK;BRAK;BRAK;BRAK;BRAK;BRAK;BRAK;BRAK;BRAK;;;;NIE;TAK;TAK;FAŁSZ
Zaaw. schematy toporów;BRAK;BRAK;FAŁSZ;Przepisy które są wymagane do niektórych przedmiotów.;ITEM_CAT_NONE;-;Common;Common;AdminCommon;common;FAŁSZ;ITWR_TALENTBOOK_NORDMAR_TIER1;ITMI_GS_COM_140;ITMI_GS_COM_140;0,3;1;Gamemaster;FAŁSZ;BRAK;BRAK;BRAK;BRAK;BRAK;BRAK;BRAK;BRAK;BRAK;BRAK;BRAK;BRAK;BRAK;BRAK;BRAK;BRAK;FAŁSZ;BRAK;BRAK;BRAK;;BRAK;500;FAŁSZ;100;100;BRAK;BRAK;BRAK;BRAK;BRAK;BRAK;BRAK;BRAK;BRAK;BRAK;;;;NIE;TAK;TAK;FAŁSZ
Mistrz. schematy krawieckie;BRAK;BRAK;FAŁSZ;Przepisy które są wymagane do niektórych przedmiotów.;ITEM_CAT_NONE;-;Common;Common;AdminCommon;common;FAŁSZ;ITWR_TALENTBOOK_NORDMAR_TIER1;ITMI_GS_COM_140;ITMI_GS_COM_141;0,3;1;Gamemaster;FAŁSZ;BRAK;BRAK;BRAK;BRAK;BRAK;BRAK;BRAK;BRAK;BRAK;BRAK;BRAK;BRAK;BRAK;BRAK;BRAK;BRAK;FAŁSZ;BRAK;BRAK;BRAK;;BRAK;500;FAŁSZ;100;100;BRAK;BRAK;BRAK;BRAK;BRAK;BRAK;BRAK;BRAK;BRAK;BRAK;;;;NIE;TAK;TAK;FAŁSZ
Arcymistrz. schematy krawieckie;BRAK;BRAK;FAŁSZ;Przepisy które są wymagane do niektórych przedmiotów.;ITEM_CAT_NONE;-;Common;Common;AdminCommon;common;FAŁSZ;ITWR_TALENTBOOK_NORDMAR_TIER1;ITMI_GS_COM_140;ITMI_GS_COM_142;0,3;1;Gamemaster;FAŁSZ;BRAK;BRAK;BRAK;BRAK;BRAK;BRAK;BRAK;BRAK;BRAK;BRAK;BRAK;BRAK;BRAK;BRAK;BRAK;BRAK;FAŁSZ;BRAK;BRAK;BRAK;;BRAK;500;FAŁSZ;100;100;BRAK;BRAK;BRAK;BRAK;BRAK;BRAK;BRAK;BRAK;BRAK;BRAK;;;;NIE;TAK;TAK;FAŁSZ
Zaaw. schematy długich mieczy;BRAK;BRAK;FAŁSZ;Przepisy które są wymagane do niektórych przedmiotów.;ITEM_CAT_NONE;-;Common;Common;AdminCommon;common;FAŁSZ;ITWR_TALENTBOOK_SWORDSMAN_TIER1;ITMI_GS_COM_150;ITMI_GS_COM_150;0,3;1;Gamemaster;FAŁSZ;BRAK;BRAK;BRAK;BRAK;BRAK;BRAK;BRAK;BRAK;BRAK;BRAK;BRAK;BRAK;BRAK;BRAK;BRAK;BRAK;FAŁSZ;BRAK;BRAK;BRAK;;BRAK;500;FAŁSZ;100;100;BRAK;BRAK;BRAK;BRAK;BRAK;BRAK;BRAK;BRAK;BRAK;BRAK;;;;NIE;TAK;TAK;FAŁSZ
Mistrz. schematy długich mieczy;BRAK;BRAK;FAŁSZ;Przepisy które są wymagane do niektórych przedmiotów.;ITEM_CAT_NONE;-;Common;Common;AdminCommon;common;FAŁSZ;ITWR_TALENTBOOK_SWORDSMAN_TIER1;ITMI_GS_COM_150;ITMI_GS_COM_151;0,3;1;Gamemaster;FAŁSZ;BRAK;BRAK;BRAK;BRAK;BRAK;BRAK;BRAK;BRAK;BRAK;BRAK;BRAK;BRAK;BRAK;BRAK;BRAK;BRAK;FAŁSZ;BRAK;BRAK;BRAK;;BRAK;500;FAŁSZ;100;100;BRAK;BRAK;BRAK;BRAK;BRAK;BRAK;BRAK;BRAK;BRAK;BRAK;;;;NIE;TAK;TAK;FAŁSZ
Arcymistrz. schematy długich mieczy;BRAK;BRAK;FAŁSZ;Przepisy które są wymagane do niektórych przedmiotów.;ITEM_CAT_NONE;-;Common;Common;AdminCommon;common;FAŁSZ;ITWR_TALENTBOOK_SWORDSMAN_TIER1;ITMI_GS_COM_150;ITMI_GS_COM_152;0,3;1;Gamemaster;FAŁSZ;BRAK;BRAK;BRAK;BRAK;BRAK;BRAK;BRAK;BRAK;BRAK;BRAK;BRAK;BRAK;BRAK;BRAK;BRAK;BRAK;FAŁSZ;BRAK;BRAK;BRAK;;BRAK;500;FAŁSZ;100;100;BRAK;BRAK;BRAK;BRAK;BRAK;BRAK;BRAK;BRAK;BRAK;BRAK;;;;NIE;TAK;TAK;FAŁSZ
Zaaw. schematy kusz;BRAK;BRAK;FAŁSZ;Przepisy które są wymagane do niektórych przedmiotów.;ITEM_CAT_NONE;-;Common;Common;AdminCommon;common;FAŁSZ;ITWR_TALENTBOOK_CROSSBOW_TIER1;ITMI_GS_COM_160;ITMI_GS_COM_160;0,3;1;Gamemaster;FAŁSZ;BRAK;BRAK;BRAK;BRAK;BRAK;BRAK;BRAK;BRAK;BRAK;BRAK;BRAK;BRAK;BRAK;BRAK;BRAK;BRAK;FAŁSZ;BRAK;BRAK;BRAK;;BRAK;500;FAŁSZ;100;100;BRAK;BRAK;BRAK;BRAK;BRAK;BRAK;BRAK;BRAK;BRAK;BRAK;;;;NIE;TAK;TAK;FAŁSZ
Mistrz. schematy płatnerskie;BRAK;BRAK;FAŁSZ;Przepisy które są wymagane do niektórych przedmiotów.;ITEM_CAT_NONE;-;Common;Common;AdminCommon;common;FAŁSZ;ITWR_TALENTBOOK_CROSSBOW_TIER1;ITMI_GS_COM_160;ITMI_GS_COM_161;0,3;1;Gamemaster;FAŁSZ;BRAK;BRAK;BRAK;BRAK;BRAK;BRAK;BRAK;BRAK;BRAK;BRAK;BRAK;BRAK;BRAK;BRAK;BRAK;BRAK;FAŁSZ;BRAK;BRAK;BRAK;;BRAK;500;FAŁSZ;100;100;BRAK;BRAK;BRAK;BRAK;BRAK;BRAK;BRAK;BRAK;BRAK;BRAK;;;;NIE;TAK;TAK;FAŁSZ
Acrymistrz. schematy płatnerskie;BRAK;BRAK;FAŁSZ;Przepisy które są wymagane do niektórych przedmiotów.;ITEM_CAT_NONE;-;Common;Common;AdminCommon;common;FAŁSZ;ITWR_TALENTBOOK_CROSSBOW_TIER1;ITMI_GS_COM_160;ITMI_GS_COM_162;0,3;1;Gamemaster;FAŁSZ;BRAK;BRAK;BRAK;BRAK;BRAK;BRAK;BRAK;BRAK;BRAK;BRAK;BRAK;BRAK;BRAK;BRAK;BRAK;BRAK;FAŁSZ;BRAK;BRAK;BRAK;;BRAK;500;FAŁSZ;100;100;BRAK;BRAK;BRAK;BRAK;BRAK;BRAK;BRAK;BRAK;BRAK;BRAK;;;;NIE;TAK;TAK;FAŁSZ
Zaaw. schematy broni dystansowych;BRAK;BRAK;FAŁSZ;Przepisy które są wymagane do niektórych przedmiotów.;ITEM_CAT_NONE;-;Common;Common;AdminCommon;common;FAŁSZ;ITWR_TALENTBOOK_BOW_TIER1;ITMI_GS_COM_170;ITMI_GS_COM_170;0,3;1;Gamemaster;FAŁSZ;BRAK;BRAK;BRAK;BRAK;BRAK;BRAK;BRAK;BRAK;BRAK;BRAK;BRAK;BRAK;BRAK;BRAK;BRAK;BRAK;FAŁSZ;BRAK;BRAK;BRAK;;BRAK;500;FAŁSZ;100;100;BRAK;BRAK;BRAK;BRAK;BRAK;BRAK;BRAK;BRAK;BRAK;BRAK;;;;NIE;TAK;TAK;FAŁSZ
Mistrz. schematy broni dystansowych;BRAK;BRAK;FAŁSZ;Przepisy które są wymagane do niektórych przedmiotów.;ITEM_CAT_NONE;-;Common;Common;AdminCommon;common;FAŁSZ;ITWR_TALENTBOOK_BOW_TIER1;ITMI_GS_COM_170;ITMI_GS_COM_171;0,3;1;Gamemaster;FAŁSZ;BRAK;BRAK;BRAK;BRAK;BRAK;BRAK;BRAK;BRAK;BRAK;BRAK;BRAK;BRAK;BRAK;BRAK;BRAK;BRAK;FAŁSZ;BRAK;BRAK;BRAK;;BRAK;500;FAŁSZ;100;100;BRAK;BRAK;BRAK;BRAK;BRAK;BRAK;BRAK;BRAK;BRAK;BRAK;;;;NIE;TAK;TAK;FAŁSZ
Arcymistrz. schematy broni dystansowych;BRAK;BRAK;FAŁSZ;Przepisy które są wymagane do niektórych przedmiotów.;ITEM_CAT_NONE;-;Common;Common;AdminCommon;common;FAŁSZ;ITWR_TALENTBOOK_BOW_TIER1;ITMI_GS_COM_170;ITMI_GS_COM_172;0,3;1;Gamemaster;FAŁSZ;BRAK;BRAK;BRAK;BRAK;BRAK;BRAK;BRAK;BRAK;BRAK;BRAK;BRAK;BRAK;BRAK;BRAK;BRAK;BRAK;FAŁSZ;BRAK;BRAK;BRAK;;BRAK;500;FAŁSZ;100;100;BRAK;BRAK;BRAK;BRAK;BRAK;BRAK;BRAK;BRAK;BRAK;BRAK;;;;NIE;TAK;TAK;FAŁSZ
Przepisy kucharskie: dania główne;BRAK;BRAK;FAŁSZ;Przepisy które są wymagane do niektórych przedmiotów.;ITEM_CAT_NONE;-;Common;Common;AdminCommon;common;FAŁSZ;ITRE_PICKLEDBEET;ITMI_GS_COM_180;ITMI_GS_COM_180;0,3;1;Gamemaster;FAŁSZ;BRAK;BRAK;BRAK;BRAK;BRAK;BRAK;BRAK;BRAK;BRAK;BRAK;BRAK;BRAK;BRAK;BRAK;BRAK;BRAK;FAŁSZ;BRAK;BRAK;BRAK;;BRAK;500;FAŁSZ;100;100;BRAK;BRAK;BRAK;BRAK;BRAK;BRAK;BRAK;BRAK;BRAK;BRAK;;;;NIE;TAK;TAK;FAŁSZ
Przepisy kucharskie: zupy;BRAK;BRAK;FAŁSZ;Przepisy które są wymagane do niektórych przedmiotów.;ITEM_CAT_NONE;-;Common;Common;AdminCommon;common;FAŁSZ;ITRE_PICKLEDBEET;ITMI_GS_COM_180;ITMI_GS_COM_181;0,3;1;Gamemaster;FAŁSZ;BRAK;BRAK;BRAK;BRAK;BRAK;BRAK;BRAK;BRAK;BRAK;BRAK;BRAK;BRAK;BRAK;BRAK;BRAK;BRAK;FAŁSZ;BRAK;BRAK;BRAK;;BRAK;500;FAŁSZ;100;100;BRAK;BRAK;BRAK;BRAK;BRAK;BRAK;BRAK;BRAK;BRAK;BRAK;;;;NIE;TAK;TAK;FAŁSZ
Przepisy kucharskie: ciasta;BRAK;BRAK;FAŁSZ;Przepisy które są wymagane do niektórych przedmiotów.;ITEM_CAT_NONE;-;Common;Common;AdminCommon;common;FAŁSZ;ITRE_PICKLEDBEET;ITMI_GS_COM_180;ITMI_GS_COM_182;0,3;1;Gamemaster;FAŁSZ;BRAK;BRAK;BRAK;BRAK;BRAK;BRAK;BRAK;BRAK;BRAK;BRAK;BRAK;BRAK;BRAK;BRAK;BRAK;BRAK;FAŁSZ;BRAK;BRAK;BRAK;;BRAK;500;FAŁSZ;100;100;BRAK;BRAK;BRAK;BRAK;BRAK;BRAK;BRAK;BRAK;BRAK;BRAK;;;;NIE;TAK;TAK;FAŁSZ
Zwykła księga;BRAK;BRAK;FAŁSZ;Przepisy które są wymagane do niektórych przedmiotów.;ITEM_CAT_NONE;-;Common;Common;AdminCommon;common;FAŁSZ;ITWR_WINE_01;ITMI_GS_COM_200;ITMI_GS_COM_200;0,3;1;Gamemaster;FAŁSZ;BRAK;BRAK;BRAK;BRAK;BRAK;BRAK;BRAK;BRAK;BRAK;BRAK;BRAK;BRAK;BRAK;BRAK;BRAK;BRAK;FAŁSZ;BRAK;BRAK;BRAK;;BRAK;BRAK;FAŁSZ;100;100;BRAK;BRAK;BRAK;BRAK;BRAK;BRAK;BRAK;BRAK;BRAK;BRAK;;;;NIE;NIE;TAK;FAŁSZ
Zwykła księga 2;BRAK;BRAK;FAŁSZ;Przepisy które są wymagane do niektórych przedmiotów.;ITEM_CAT_NONE;-;Common;Common;AdminCommon;common;FAŁSZ;ITWR_STINGSDRINKING;ITMI_GS_COM_220;ITMI_GS_COM_220;0,3;1;Gamemaster;FAŁSZ;BRAK;BRAK;BRAK;BRAK;BRAK;BRAK;BRAK;BRAK;BRAK;BRAK;BRAK;BRAK;BRAK;BRAK;BRAK;BRAK;FAŁSZ;BRAK;BRAK;BRAK;;BRAK;BRAK;FAŁSZ;100;100;BRAK;BRAK;BRAK;BRAK;BRAK;BRAK;BRAK;BRAK;BRAK;BRAK;;;;NIE;NIE;TAK;FAŁSZ
Powołanie na trening;BRAK;BRAK;FAŁSZ;Świstek potrzebny do przepuszczenia mnie na obóz treningowy gdzie dowiem się nieco więcej.;ITEM_CAT_NONE;-;Common;Common;AdminCommon;common;FAŁSZ;ITRE_PICKLEDBEET;ITMI_GS_MAT_75;ITMI_GS_COM_183;0,3;1;Gamemaster;FAŁSZ;BRAK;BRAK;BRAK;BRAK;BRAK;BRAK;BRAK;BRAK;BRAK;BRAK;BRAK;BRAK;BRAK;BRAK;BRAK;BRAK;FAŁSZ;BRAK;BRAK;BRAK;;BRAK;BRAK;FAŁSZ;100;100;BRAK;BRAK;BRAK;BRAK;BRAK;BRAK;BRAK;BRAK;BRAK;BRAK;;;;;;;FAŁSZ
Kamień do procy;BRAK;BRAK;FAŁSZ;Podstawowa amunicja.;ITEM_CAT_MUN;-;Projectile;Projectile;AdminProjectile;projectile;PRAWDA;ITRW_FROG_ROCK;-;ITRW_FROG_ROCK;0,05;0;Gamemaster;FAŁSZ;BRAK;BRAK;BRAK;BRAK;BRAK;BRAK;BRAK;BRAK;BRAK;BRAK;BRAK;BRAK;BRAK;BRAK;BRAK;BRAK;FAŁSZ;BRAK;BRAK;BRAK;;BRAK;BRAK;FAŁSZ;5;5;BRAK;BRAK;BRAK;BRAK;BRAK;BRAK;BRAK;BRAK;BRAK;BRAK;;;;NIE;NIE;TAK;FAŁSZ
Lekki skórzany mieszek;0,50;0,50;FAŁSZ;W środku coś brzdęczy.;ITEM_CAT_NONE;-;Common;Common;AdminCommon;common;FAŁSZ;ITCR_SDRP_INGR_21;ITMI_GS_COM_08;ITMI_GS_COM_08_V1;0,5;1;Gamemaster;FAŁSZ;BRAK;BRAK;BRAK;BRAK;BRAK;BRAK;BRAK;BRAK;BRAK;BRAK;BRAK;BRAK;BRAK;BRAK;BRAK;BRAK;FAŁSZ;BRAK;BRAK;BRAK;;BRAK;BRAK;FAŁSZ;100;100;BRAK;BRAK;BRAK;BRAK;BRAK;BRAK;BRAK;BRAK;BRAK;BRAK;;;;;;;FAŁSZ
Skórzany mieszek;0,50;0,50;FAŁSZ;W środku coś brzdęczy.;ITEM_CAT_NONE;-;Common;Common;AdminCommon;common;FAŁSZ;ITCR_SDRP_INGR_21;ITMI_GS_COM_08;ITMI_GS_COM_08_V2;0,5;1;Gamemaster;FAŁSZ;BRAK;BRAK;BRAK;BRAK;BRAK;BRAK;BRAK;BRAK;BRAK;BRAK;BRAK;BRAK;BRAK;BRAK;BRAK;BRAK;FAŁSZ;BRAK;BRAK;BRAK;;BRAK;BRAK;FAŁSZ;100;100;BRAK;BRAK;BRAK;BRAK;BRAK;BRAK;BRAK;BRAK;BRAK;BRAK;;;;;;;FAŁSZ
Ciężki skórzany mieszek;0,50;0,50;FAŁSZ;W środku coś brzdęczy.;ITEM_CAT_NONE;-;Common;Common;AdminCommon;common;FAŁSZ;ITCR_SDRP_INGR_21;ITMI_GS_COM_08;ITMI_GS_COM_08_V3;0,5;1;Gamemaster;FAŁSZ;BRAK;BRAK;BRAK;BRAK;BRAK;BRAK;BRAK;BRAK;BRAK;BRAK;BRAK;BRAK;BRAK;BRAK;BRAK;BRAK;FAŁSZ;BRAK;BRAK;BRAK;;BRAK;BRAK;FAŁSZ;100;100;BRAK;BRAK;BRAK;BRAK;BRAK;BRAK;BRAK;BRAK;BRAK;BRAK;;;;;;;FAŁSZ
Gruby skórzany mieszek;0,50;0,50;FAŁSZ;W środku coś brzdęczy.;ITEM_CAT_NONE;-;Common;Common;AdminCommon;common;FAŁSZ;ITCR_SDRP_INGR_21;ITMI_GS_COM_08;ITMI_GS_COM_08_V4;0,5;1;Gamemaster;FAŁSZ;BRAK;BRAK;BRAK;BRAK;BRAK;BRAK;BRAK;BRAK;BRAK;BRAK;BRAK;BRAK;BRAK;BRAK;BRAK;BRAK;FAŁSZ;BRAK;BRAK;BRAK;;BRAK;BRAK;FAŁSZ;100;100;BRAK;BRAK;BRAK;BRAK;BRAK;BRAK;BRAK;BRAK;BRAK;BRAK;;;;;;;FAŁSZ
Paczka z bronią;BRAK;BRAK;FAŁSZ;Paczka z bronią, nieznanej jakości.;ITEM_CAT_NONE;-;Common;Common;AdminCommon;common;FAŁSZ;NW_CITY_WEAPON_BAG_01;-;ITMI_GS_COM_28;4;0;Gamemaster;FAŁSZ;BRAK;BRAK;BRAK;BRAK;BRAK;BRAK;BRAK;BRAK;BRAK;BRAK;BRAK;BRAK;BRAK;BRAK;BRAK;BRAK;FAŁSZ;BRAK;BRAK;BRAK;;BRAK;BRAK;FAŁSZ;5;5;BRAK;BRAK;BRAK;BRAK;BRAK;BRAK;BRAK;BRAK;BRAK;BRAK;;;;NIE;NIE;TAK;FAŁSZ
Klucz;BRAK;BRAK;FAŁSZ;Zwykły klucz do kufra bądź drzwi.;ITEM_CAT_NONE;-;Common;Common;AdminCommon;common;FAŁSZ;ITKE_LOCKPICK;-;ITKE_GS_01;0,1;0;Gamemaster;FAŁSZ;BRAK;BRAK;BRAK;BRAK;BRAK;BRAK;BRAK;BRAK;BRAK;BRAK;BRAK;BRAK;BRAK;BRAK;BRAK;BRAK;FAŁSZ;BRAK;BRAK;BRAK;;BRAK;BRAK;FAŁSZ;5;5;BRAK;BRAK;BRAK;BRAK;BRAK;BRAK;BRAK;BRAK;BRAK;BRAK;;;;NIE;NIE;TAK;FAŁSZ
Moneta od instruktora;1,00;1,00;FAŁSZ;Jedna z pięciu monet od instruktórów, dzięki nim mam dowód ukończenia ich zadań.;ITEM_CAT_NONE;-;Common;Common;AdminCommon;common;PRAWDA;ITMI_GOLD;ITMI_GS_COM_09;ITMI_GS_COM_09_V2;0,05;1;Gamemaster;FAŁSZ;BRAK;BRAK;BRAK;BRAK;BRAK;BRAK;BRAK;BRAK;BRAK;BRAK;BRAK;BRAK;BRAK;BRAK;BRAK;BRAK;FAŁSZ;BRAK;BRAK;BRAK;;BRAK;BRAK;FAŁSZ;100;100;BRAK;BRAK;BRAK;BRAK;BRAK;BRAK;BRAK;BRAK;BRAK;BRAK;;;;;;;FAŁSZ
Moneta konstruktora;1,00;1,00;FAŁSZ;Specjalna moneta dzięki którym mogę tworzyć meble w mieszkaniu.;ITEM_CAT_NONE;-;Common;Common;AdminCommon;common;PRAWDA;ITMI_GOLD;ITMI_GS_COM_09;ITMI_GS_COM_09_V3;0,05;1;Gamemaster;FAŁSZ;BRAK;BRAK;BRAK;BRAK;BRAK;BRAK;BRAK;BRAK;BRAK;BRAK;BRAK;BRAK;BRAK;BRAK;BRAK;BRAK;FAŁSZ;BRAK;BRAK;BRAK;;BRAK;BRAK;FAŁSZ;100;100;BRAK;BRAK;BRAK;BRAK;BRAK;BRAK;BRAK;BRAK;BRAK;BRAK;;;;;;;FAŁSZ
Ziarno pszenicy;1,00;1,00;FAŁSZ;Niewielkie ziarenko.;ITEM_CAT_NONE;-;Common;Common;AdminCommon;common;PRAWDA;itpl_SDRP_herb_37;ITMI_GS_COM_01;ITMI_GS_COM_01_V1;0,05;1;Gamemaster;FAŁSZ;BRAK;BRAK;BRAK;BRAK;BRAK;BRAK;BRAK;BRAK;BRAK;BRAK;BRAK;BRAK;BRAK;BRAK;BRAK;BRAK;FAŁSZ;BRAK;BRAK;BRAK;;BRAK;BRAK;FAŁSZ;5;5;BRAK;BRAK;BRAK;BRAK;BRAK;BRAK;BRAK;BRAK;BRAK;BRAK;;;;;;;FAŁSZ
Zestaw do golenia;0,30;0,30;FAŁSZ;Idealne do zmiany wyglądu.;ITEM_CAT_NONE;-;Common;Common;AdminCommon;common;PRAWDA;ITMW_1H_NOZYCE;ITMI_GS_COM_18;ITMI_GS_COM_18_V1;0,1;1;Gamemaster;FAŁSZ;BRAK;BRAK;BRAK;BRAK;BRAK;BRAK;BRAK;BRAK;BRAK;BRAK;BRAK;BRAK;BRAK;BRAK;BRAK;BRAK;FAŁSZ;BRAK;BRAK;BRAK;;BRAK;BRAK;FAŁSZ;5;5;BRAK;BRAK;BRAK;BRAK;BRAK;BRAK;BRAK;BRAK;BRAK;BRAK;;;;;;;FAŁSZ
Woreczek z robakami;0,50;0,50;FAŁSZ;Worek pełny robaków idealny do połowienia rybek.;ITEM_CAT_NONE;-;Common;Common;AdminCommon;common;PRAWDA;ITCR_SDRP_INGR_21;ITMI_GS_COM_08;ITMI_GS_COM_08_V5;0,5;1;Gamemaster;FAŁSZ;BRAK;BRAK;BRAK;BRAK;BRAK;BRAK;BRAK;BRAK;BRAK;BRAK;BRAK;BRAK;BRAK;BRAK;BRAK;BRAK;FAŁSZ;BRAK;BRAK;BRAK;;BRAK;BRAK;FAŁSZ;5;5;BRAK;BRAK;BRAK;BRAK;BRAK;BRAK;BRAK;BRAK;BRAK;BRAK;;;;;;;FAŁSZ
Sieć rybacka;0,50;0,50;FAŁSZ;Idealny do połowu ryb.;ITEM_CAT_NONE;-;Common;Common;AdminCommon;common;PRAWDA;itac_gs_bp_05;itac_gs_bp_05;ITMI_GS_MAT_250_V1;0,5;1;Gamemaster;FAŁSZ;BRAK;BRAK;BRAK;BRAK;BRAK;BRAK;BRAK;BRAK;BRAK;BRAK;BRAK;BRAK;BRAK;BRAK;BRAK;BRAK;FAŁSZ;BRAK;BRAK;BRAK;;BRAK;BRAK;FAŁSZ;5;5;BRAK;BRAK;BRAK;BRAK;BRAK;BRAK;BRAK;BRAK;BRAK;BRAK;;;;;;;FAŁSZ
Zwinięte ciało;BRAK;BRAK;FAŁSZ;Zwinięte ciało;ITEM_CAT_BACKPACK;-;Materials;Corpse;AdminCorpse;corpse;FAŁSZ;WOREK_NA_TRUCHLO;-;ITMI_GS_CORPSE_34;10;0;Gamemaster;FAŁSZ;BRAK;BRAK;BRAK;BRAK;BRAK;BRAK;BRAK;BRAK;BRAK;BRAK;BRAK;BRAK;BRAK;BRAK;BRAK;BRAK;FAŁSZ;BRAK;BRAK;BRAK;;BRAK;BRAK;FAŁSZ;5;5;BRAK;BRAK;BRAK;BRAK;BRAK;BRAK;BRAK;BRAK;BRAK;BRAK;;;;NIE;NIE;TAK;FAŁSZ
Paczka z sianem;BRAK;BRAK;FAŁSZ;Paczka z sianem;ITEM_CAT_BACKPACK;-;Common;Corpse;AdminCorpse;corpse;FAŁSZ;KM_VOB_PACKAGE_01;-;ITMI_GS_CORPSE_35;10;0;Gamemaster;FAŁSZ;BRAK;BRAK;BRAK;BRAK;BRAK;BRAK;BRAK;BRAK;BRAK;BRAK;BRAK;BRAK;BRAK;BRAK;BRAK;BRAK;FAŁSZ;BRAK;BRAK;BRAK;;BRAK;BRAK;FAŁSZ;5;5;BRAK;BRAK;BRAK;BRAK;BRAK;BRAK;BRAK;BRAK;BRAK;BRAK;;;;NIE;NIE;TAK;FAŁSZ
Paczka z towarem;BRAK;BRAK;FAŁSZ;Paczka z towarem;ITEM_CAT_BACKPACK;-;Common;Corpse;AdminCorpse;corpse;FAŁSZ;KM_VOB_PACKAGE_01;-;ITMI_GS_CORPSE_36;10;0;Gamemaster;FAŁSZ;BRAK;BRAK;BRAK;BRAK;BRAK;BRAK;BRAK;BRAK;BRAK;BRAK;BRAK;BRAK;BRAK;BRAK;BRAK;BRAK;FAŁSZ;BRAK;BRAK;BRAK;;BRAK;BRAK;FAŁSZ;5;5;BRAK;BRAK;BRAK;BRAK;BRAK;BRAK;BRAK;BRAK;BRAK;BRAK;;;;NIE;NIE;TAK;FAŁSZ
Puste wiadro;BRAK;BRAK;FAŁSZ;Puste wiadro;ITEM_CAT_NONE;-;Common;Common;AdminCommon;common;FAŁSZ;KM_VOB_BUCKET_01;-;ITMI_GS_COM_31;3;0;Gamemaster;FAŁSZ;BRAK;BRAK;BRAK;BRAK;BRAK;BRAK;BRAK;BRAK;BRAK;BRAK;BRAK;BRAK;BRAK;BRAK;BRAK;BRAK;FAŁSZ;BRAK;BRAK;BRAK;;BRAK;BRAK;FAŁSZ;5;5;BRAK;BRAK;BRAK;BRAK;BRAK;BRAK;BRAK;BRAK;BRAK;BRAK;;;;NIE;NIE;TAK;FAŁSZ
Zapieczętowany list;BRAK;BRAK;FAŁSZ;Zapieczętowany list;ITEM_CAT_NONE;-;Common;Common;AdminCommon;common;FAŁSZ;KM_VOB_SCRIBE_SCROLL_01;-;ITMI_GS_COM_32;0,1;0;Gamemaster;FAŁSZ;BRAK;BRAK;BRAK;BRAK;BRAK;BRAK;BRAK;BRAK;BRAK;BRAK;BRAK;BRAK;BRAK;BRAK;BRAK;BRAK;FAŁSZ;BRAK;BRAK;BRAK;;BRAK;BRAK;FAŁSZ;5;5;BRAK;BRAK;BRAK;BRAK;BRAK;BRAK;BRAK;BRAK;BRAK;BRAK;;;;NIE;NIE;TAK;FAŁSZ
Ciężka paczka;BRAK;BRAK;FAŁSZ;Ciężka paczka;ITEM_CAT_BACKPACK;-;Common;Corpse;AdminCorpse;corpse;FAŁSZ;KM_VOB_PACKAGE_01;-;ITMI_GS_CORPSE_37;10;0;Gamemaster;FAŁSZ;BRAK;BRAK;BRAK;BRAK;BRAK;BRAK;BRAK;BRAK;BRAK;BRAK;BRAK;BRAK;BRAK;BRAK;BRAK;BRAK;FAŁSZ;BRAK;BRAK;BRAK;;BRAK;BRAK;FAŁSZ;5;5;BRAK;BRAK;BRAK;BRAK;BRAK;BRAK;BRAK;BRAK;BRAK;BRAK;;;;NIE;NIE;TAK;FAŁSZ
Wiadro z wodą;BRAK;BRAK;FAŁSZ;Ciężka paczka;ITEM_CAT_BACKPACK;-;Common;Corpse;AdminCorpse;corpse;FAŁSZ;-;-;ITMI_GS_CORPSE_38;10;0;Gamemaster;FAŁSZ;BRAK;BRAK;BRAK;BRAK;BRAK;BRAK;BRAK;BRAK;BRAK;BRAK;BRAK;BRAK;BRAK;BRAK;BRAK;BRAK;FAŁSZ;BRAK;BRAK;BRAK;;BRAK;BRAK;FAŁSZ;5;5;BRAK;BRAK;BRAK;BRAK;BRAK;BRAK;BRAK;BRAK;BRAK;BRAK;;;;NIE;TAK;TAK;FAŁSZ
Trofeum z wilka;BRAK;BRAK;FAŁSZ;Trofeum z wilka;ITEM_CAT_BELT;-;Waist;Accessory;AdminBelt;ap_belt;FAŁSZ;ITUS_SDRP_ACS_41;-;ITAC_GS_BELT_07;3;0;Gamemaster;FAŁSZ;BRAK;BRAK;BRAK;BRAK;BRAK;BRAK;BRAK;BRAK;BRAK;BRAK;BRAK;BRAK;BRAK;BRAK;BRAK;BRAK;FAŁSZ;BRAK;BRAK;BRAK;;BRAK;BRAK;FAŁSZ;5;5;BRAK;BRAK;BRAK;BRAK;BRAK;BRAK;BRAK;BRAK;BRAK;BRAK;;;;NIE;TAK;TAK;FAŁSZ
Skóra z wilka;BRAK;BRAK;FAŁSZ;Skóra z wilka;ITEM_CAT_BACKPACK;-;Backpack;Accessory;AdminBackpack;backpack;FAŁSZ;ITUS_SDRP_ACS_42;-;ITAC_GS_BP_12;3;0;Gamemaster;FAŁSZ;BRAK;BRAK;BRAK;BRAK;BRAK;BRAK;BRAK;BRAK;BRAK;BRAK;BRAK;BRAK;BRAK;BRAK;BRAK;BRAK;FAŁSZ;BRAK;BRAK;BRAK;;BRAK;BRAK;FAŁSZ;5;5;BRAK;BRAK;BRAK;BRAK;BRAK;BRAK;BRAK;BRAK;BRAK;BRAK;;;;NIE;TAK;TAK;FAŁSZ
Trofeum z goblinów;BRAK;BRAK;FAŁSZ;Trofeum z goblinów;ITEM_CAT_BELT;-;Waist;Accessory;AdminBelt;ap_belt;FAŁSZ;ITUS_SDRP_ACS_25;-;ITAC_GS_BELT_08;3;0;Gamemaster;FAŁSZ;BRAK;BRAK;BRAK;BRAK;BRAK;BRAK;BRAK;BRAK;BRAK;BRAK;BRAK;BRAK;BRAK;BRAK;BRAK;BRAK;FAŁSZ;BRAK;BRAK;BRAK;;BRAK;BRAK;FAŁSZ;5;5;BRAK;BRAK;BRAK;BRAK;BRAK;BRAK;BRAK;BRAK;BRAK;BRAK;;;;NIE;TAK;TAK;FAŁSZ
Trofeum z wilka alfa;BRAK;BRAK;FAŁSZ;Trofeum z wilka alfa;ITEM_CAT_BELT;-;Waist;Accessory;AdminBelt;ap_belt;FAŁSZ;ITUS_SDRP_ACS_35;-;ITAC_GS_BELT_09;3;0;Gamemaster;FAŁSZ;BRAK;BRAK;BRAK;BRAK;BRAK;BRAK;BRAK;BRAK;BRAK;BRAK;BRAK;BRAK;BRAK;BRAK;BRAK;BRAK;FAŁSZ;BRAK;BRAK;BRAK;;BRAK;BRAK;FAŁSZ;5;5;BRAK;BRAK;BRAK;BRAK;BRAK;BRAK;BRAK;BRAK;BRAK;BRAK;;;;NIE;TAK;TAK;FAŁSZ
Trofeum z warga;BRAK;BRAK;FAŁSZ;Trofeum z warga;ITEM_CAT_BELT;-;Waist;Accessory;AdminBelt;ap_belt;FAŁSZ;ITUS_SDRP_ACS_37;-;ITAC_GS_BELT_10;3;0;Gamemaster;FAŁSZ;BRAK;BRAK;BRAK;BRAK;BRAK;BRAK;BRAK;BRAK;BRAK;BRAK;BRAK;BRAK;BRAK;BRAK;BRAK;BRAK;FAŁSZ;BRAK;BRAK;BRAK;;BRAK;BRAK;FAŁSZ;5;5;BRAK;BRAK;BRAK;BRAK;BRAK;BRAK;BRAK;BRAK;BRAK;BRAK;;;;NIE;TAK;TAK;FAŁSZ
Skóra z wilka alfa;BRAK;BRAK;FAŁSZ;Skóra z wilka alfa;ITEM_CAT_BACKPACK;-;Backpack;Accessory;AdminBackpack;backpack;FAŁSZ;ITUS_SDRP_ACS_36;-;ITAC_GS_BP_13;3;0;Gamemaster;FAŁSZ;BRAK;BRAK;BRAK;BRAK;BRAK;BRAK;BRAK;BRAK;BRAK;BRAK;BRAK;BRAK;BRAK;BRAK;BRAK;BRAK;FAŁSZ;BRAK;BRAK;BRAK;;BRAK;BRAK;FAŁSZ;5;5;BRAK;BRAK;BRAK;BRAK;BRAK;BRAK;BRAK;BRAK;BRAK;BRAK;;;;NIE;TAK;TAK;FAŁSZ
Skóra z warga;BRAK;BRAK;FAŁSZ;Skóra z warga;ITEM_CAT_BACKPACK;-;Backpack;Accessory;AdminBackpack;backpack;FAŁSZ;ITUS_SDRP_ACS_38;-;ITAC_GS_BP_14;3;0;Gamemaster;FAŁSZ;BRAK;BRAK;BRAK;BRAK;BRAK;BRAK;BRAK;BRAK;BRAK;BRAK;BRAK;BRAK;BRAK;BRAK;BRAK;BRAK;FAŁSZ;BRAK;BRAK;BRAK;;BRAK;BRAK;FAŁSZ;5;5;BRAK;BRAK;BRAK;BRAK;BRAK;BRAK;BRAK;BRAK;BRAK;BRAK;;;;NIE;TAK;TAK;FAŁSZ
Trofeum z białego wilka;BRAK;BRAK;FAŁSZ;Trofeum z biaіego wilka;ITEM_CAT_BELT;-;Waist;Accessory;AdminBelt;ap_belt;FAŁSZ;ITUS_SDRP_ACS_39;-;ITAC_GS_BELT_11;3;0;Gamemaster;FAŁSZ;BRAK;BRAK;BRAK;BRAK;BRAK;BRAK;BRAK;BRAK;BRAK;BRAK;BRAK;BRAK;BRAK;BRAK;BRAK;BRAK;FAŁSZ;BRAK;BRAK;BRAK;;BRAK;BRAK;FAŁSZ;5;5;BRAK;BRAK;BRAK;BRAK;BRAK;BRAK;BRAK;BRAK;BRAK;BRAK;;;;NIE;TAK;TAK;FAŁSZ
Trofeum z orka;BRAK;BRAK;FAŁSZ;Trofeum z orka;ITEM_CAT_BELT;-;Waist;Accessory;AdminBelt;ap_belt;FAŁSZ;ITUS_SDRP_ACS_24;-;ITAC_GS_BELT_12;3;0;Gamemaster;FAŁSZ;BRAK;BRAK;BRAK;BRAK;BRAK;BRAK;BRAK;BRAK;BRAK;BRAK;BRAK;BRAK;BRAK;BRAK;BRAK;BRAK;FAŁSZ;BRAK;BRAK;BRAK;;BRAK;BRAK;FAŁSZ;5;5;BRAK;BRAK;BRAK;BRAK;BRAK;BRAK;BRAK;BRAK;BRAK;BRAK;;;;NIE;TAK;TAK;FAŁSZ
Pas z lampą;BRAK;BRAK;FAŁSZ;Oświetl swoją droge.;ITEM_CAT_BELT;-;Waist;Accessory;AdminBelt;ap_belt;FAŁSZ;;-;ITAC_GS_BELT_13;3;0;Gamemaster;FAŁSZ;BRAK;BRAK;BRAK;BRAK;BRAK;BRAK;BRAK;BRAK;BRAK;BRAK;BRAK;BRAK;BRAK;BRAK;BRAK;BRAK;FAŁSZ;BRAK;BRAK;BRAK;;BRAK;BRAK;FAŁSZ;5;5;BRAK;BRAK;BRAK;BRAK;BRAK;BRAK;BRAK;BRAK;BRAK;BRAK;;;;NIE;TAK;TAK;FAŁSZ
Lampa przypinana do pasa;BRAK;BRAK;FAŁSZ;Oświetl swoją droge.;ITEM_CAT_BELT;-;Waist;Accessory;AdminBelt;ap_belt;FAŁSZ;;-;ITAC_GS_BELT_14;3;0;Gamemaster;FAŁSZ;BRAK;BRAK;BRAK;BRAK;BRAK;BRAK;BRAK;BRAK;BRAK;BRAK;BRAK;BRAK;BRAK;BRAK;BRAK;BRAK;FAŁSZ;BRAK;BRAK;BRAK;;BRAK;BRAK;FAŁSZ;5;5;BRAK;BRAK;BRAK;BRAK;BRAK;BRAK;BRAK;BRAK;BRAK;BRAK;;;;;;;FAŁSZ
Skóra z białego wilka;BRAK;BRAK;FAŁSZ;Skóra z białego wilka;ITEM_CAT_BACKPACK;-;Backpack;Accessory;AdminBackpack;backpack;FAŁSZ;ITUS_SDRP_ACS_40;-;ITAC_GS_BP_15;3;0;Gamemaster;FAŁSZ;BRAK;BRAK;BRAK;BRAK;BRAK;BRAK;BRAK;BRAK;BRAK;BRAK;BRAK;BRAK;BRAK;BRAK;BRAK;BRAK;FAŁSZ;BRAK;BRAK;BRAK;;BRAK;BRAK;FAŁSZ;5;5;BRAK;BRAK;BRAK;BRAK;BRAK;BRAK;BRAK;BRAK;BRAK;BRAK;;;;NIE;TAK;TAK;FAŁSZ
Kruk;BRAK;BRAK;FAŁSZ;Kruk;ITEM_CAT_ACSR4;-;AccessorySlot4;Accessory;AdminAccessory;acsr4;FAŁSZ;ITUS_SDRP_ACS_16;-;ITAC_GS_ACSR4_01;1;0;Gamemaster;FAŁSZ;BRAK;BRAK;BRAK;BRAK;BRAK;BRAK;BRAK;BRAK;BRAK;BRAK;BRAK;BRAK;BRAK;BRAK;BRAK;BRAK;FAŁSZ;BRAK;BRAK;BRAK;;BRAK;BRAK;FAŁSZ;5;5;BRAK;BRAK;BRAK;BRAK;BRAK;BRAK;BRAK;BRAK;BRAK;BRAK;;;;NIE;TAK;TAK;FAŁSZ
Biały kruk;BRAK;BRAK;FAŁSZ;Biały kruk;ITEM_CAT_ACSR4;-;AccessorySlot4;Accessory;AdminAccessory;acsr4;FAŁSZ;ITUS_SDRP_ACS_27;-;ITAC_GS_ACSR4_02;1;0;Gamemaster;FAŁSZ;BRAK;BRAK;BRAK;BRAK;BRAK;BRAK;BRAK;BRAK;BRAK;BRAK;BRAK;BRAK;BRAK;BRAK;BRAK;BRAK;FAŁSZ;BRAK;BRAK;BRAK;;BRAK;BRAK;FAŁSZ;5;5;BRAK;BRAK;BRAK;BRAK;BRAK;BRAK;BRAK;BRAK;BRAK;BRAK;;;;NIE;TAK;TAK;FAŁSZ
Chrząszcz na ramieniu;BRAK;BRAK;FAŁSZ;Chrząszcz na ramieniu;ITEM_CAT_ACSR4;-;AccessorySlot4;Accessory;AdminAccessory;acsr4;FAŁSZ;ITUS_SDRP_ACS_33;-;ITAC_GS_ACSR4_03;0,1;0;Gamemaster;FAŁSZ;BRAK;BRAK;BRAK;BRAK;BRAK;BRAK;BRAK;BRAK;BRAK;BRAK;BRAK;BRAK;BRAK;BRAK;BRAK;BRAK;FAŁSZ;BRAK;BRAK;BRAK;;BRAK;BRAK;FAŁSZ;5;5;BRAK;BRAK;BRAK;BRAK;BRAK;BRAK;BRAK;BRAK;BRAK;BRAK;;;;NIE;TAK;TAK;FAŁSZ
Czerwona papuga;BRAK;BRAK;FAŁSZ;Czerwona papuga;ITEM_CAT_ACSR4;-;AccessorySlot4;Accessory;AdminAccessory;acsr4;FAŁSZ;LINK;-;ITAC_GS_ACSR4_04;0,1;0;Gamemaster;FAŁSZ;BRAK;BRAK;BRAK;BRAK;BRAK;BRAK;BRAK;BRAK;BRAK;BRAK;BRAK;BRAK;BRAK;BRAK;BRAK;BRAK;FAŁSZ;BRAK;BRAK;BRAK;;BRAK;BRAK;FAŁSZ;5;5;BRAK;BRAK;BRAK;BRAK;BRAK;BRAK;BRAK;BRAK;BRAK;BRAK;;;;NIE;TAK;TAK;FAŁSZ
Niebieska papuga;BRAK;BRAK;FAŁSZ;Niebieska papuga;ITEM_CAT_ACSR4;-;AccessorySlot4;Accessory;AdminAccessory;acsr4;FAŁSZ;LINK;-;ITAC_GS_ACSR4_05;0,1;0;Gamemaster;FAŁSZ;BRAK;BRAK;BRAK;BRAK;BRAK;BRAK;BRAK;BRAK;BRAK;BRAK;BRAK;BRAK;BRAK;BRAK;BRAK;BRAK;FAŁSZ;BRAK;BRAK;BRAK;;BRAK;BRAK;FAŁSZ;5;5;BRAK;BRAK;BRAK;BRAK;BRAK;BRAK;BRAK;BRAK;BRAK;BRAK;;;;NIE;TAK;TAK;FAŁSZ
Varancka fajka;BRAK;BRAK;FAŁSZ;Fajka;ITEM_CAT_ACSR2;-;AccessorySlot2;Accessory;AdminAccessory;acsr2;FAŁSZ;FAJKA_VARANT_06;-;ITAC_GS_ACSR2_04;0,1;0;Gamemaster;FAŁSZ;BRAK;BRAK;BRAK;BRAK;BRAK;BRAK;BRAK;BRAK;BRAK;BRAK;BRAK;BRAK;BRAK;BRAK;BRAK;BRAK;FAŁSZ;BRAK;BRAK;BRAK;;BRAK;BRAK;FAŁSZ;5;5;BRAK;BRAK;BRAK;BRAK;BRAK;BRAK;BRAK;BRAK;BRAK;BRAK;;;;NIE;TAK;TAK;FAŁSZ
Blaszka funkcja 1 Geldern;BRAK;BRAK;FAŁSZ;Przypinana do pasa. Symbol pełnionej roli w straży.;ITEM_CAT_PAGON1;-;PagonSlot1;Accessory;AdminAccessory;pagony1;FAŁSZ;;-;ITAC_GS_PAGON1_01A;0,1;0;Gamemaster;FAŁSZ;BRAK;BRAK;BRAK;BRAK;BRAK;BRAK;BRAK;BRAK;BRAK;BRAK;BRAK;BRAK;BRAK;BRAK;BRAK;BRAK;FAŁSZ;BRAK;BRAK;BRAK;;BRAK;BRAK;FAŁSZ;5;5;BRAK;BRAK;BRAK;BRAK;BRAK;BRAK;BRAK;BRAK;BRAK;BRAK;;;;;;;FAŁSZ
Blaszka funkcja 1 Silden;BRAK;BRAK;FAŁSZ;Przypinana do pasa. Symbol pełnionej roli w milicji.;ITEM_CAT_PAGON1;-;PagonSlot1;Accessory;AdminAccessory;pagony1;FAŁSZ;;-;ITAC_GS_PAGON1_01B;0,1;0;Gamemaster;FAŁSZ;BRAK;BRAK;BRAK;BRAK;BRAK;BRAK;BRAK;BRAK;BRAK;BRAK;BRAK;BRAK;BRAK;BRAK;BRAK;BRAK;FAŁSZ;BRAK;BRAK;BRAK;;BRAK;BRAK;FAŁSZ;5;5;BRAK;BRAK;BRAK;BRAK;BRAK;BRAK;BRAK;BRAK;BRAK;BRAK;;;;;;;FAŁSZ
Blaszka funkcja 2 Geldern;BRAK;BRAK;FAŁSZ;Przypinana do pasa. Symbol pełnionej roli w straży.;ITEM_CAT_PAGON1;-;PagonSlot1;Accessory;AdminAccessory;pagony1;FAŁSZ;;-;ITAC_GS_PAGON1_02A;0,1;0;Gamemaster;FAŁSZ;BRAK;BRAK;BRAK;BRAK;BRAK;BRAK;BRAK;BRAK;BRAK;BRAK;BRAK;BRAK;BRAK;BRAK;BRAK;BRAK;FAŁSZ;BRAK;BRAK;BRAK;;BRAK;BRAK;FAŁSZ;5;5;BRAK;BRAK;BRAK;BRAK;BRAK;BRAK;BRAK;BRAK;BRAK;BRAK;;;;;;;FAŁSZ
Blaszka funkcja 2 Silden;BRAK;BRAK;FAŁSZ;Przypinana do pasa. Symbol pełnionej roli w milicji.;ITEM_CAT_PAGON1;-;PagonSlot1;Accessory;AdminAccessory;pagony1;FAŁSZ;;-;ITAC_GS_PAGON1_02B;0,1;0;Gamemaster;FAŁSZ;BRAK;BRAK;BRAK;BRAK;BRAK;BRAK;BRAK;BRAK;BRAK;BRAK;BRAK;BRAK;BRAK;BRAK;BRAK;BRAK;FAŁSZ;BRAK;BRAK;BRAK;;BRAK;BRAK;FAŁSZ;5;5;BRAK;BRAK;BRAK;BRAK;BRAK;BRAK;BRAK;BRAK;BRAK;BRAK;;;;;;;FAŁSZ
Blaszka funkcja 3 Geldern;BRAK;BRAK;FAŁSZ;Przypinana do pasa. Symbol pełnionej roli w straży.;ITEM_CAT_PAGON1;-;PagonSlot1;Accessory;AdminAccessory;pagony1;FAŁSZ;;-;ITAC_GS_PAGON1_03A;0,1;0;Gamemaster;FAŁSZ;BRAK;BRAK;BRAK;BRAK;BRAK;BRAK;BRAK;BRAK;BRAK;BRAK;BRAK;BRAK;BRAK;BRAK;BRAK;BRAK;FAŁSZ;BRAK;BRAK;BRAK;;BRAK;BRAK;FAŁSZ;5;5;BRAK;BRAK;BRAK;BRAK;BRAK;BRAK;BRAK;BRAK;BRAK;BRAK;;;;;;;FAŁSZ
Blaszka funkcja 3 Silden;BRAK;BRAK;FAŁSZ;Przypinana do pasa. Symbol pełnionej roli w milicji.;ITEM_CAT_PAGON1;-;PagonSlot1;Accessory;AdminAccessory;pagony1;FAŁSZ;;-;ITAC_GS_PAGON1_03B;0,1;0;Gamemaster;FAŁSZ;BRAK;BRAK;BRAK;BRAK;BRAK;BRAK;BRAK;BRAK;BRAK;BRAK;BRAK;BRAK;BRAK;BRAK;BRAK;BRAK;FAŁSZ;BRAK;BRAK;BRAK;;BRAK;BRAK;FAŁSZ;5;5;BRAK;BRAK;BRAK;BRAK;BRAK;BRAK;BRAK;BRAK;BRAK;BRAK;;;;;;;FAŁSZ
Blaszka funkcja 4 Geldern;BRAK;BRAK;FAŁSZ;Przypinana do pasa. Symbol pełnionej roli w straży.;ITEM_CAT_PAGON1;-;PagonSlot1;Accessory;AdminAccessory;pagony1;FAŁSZ;;-;ITAC_GS_PAGON1_04A;0,1;0;Gamemaster;FAŁSZ;BRAK;BRAK;BRAK;BRAK;BRAK;BRAK;BRAK;BRAK;BRAK;BRAK;BRAK;BRAK;BRAK;BRAK;BRAK;BRAK;FAŁSZ;BRAK;BRAK;BRAK;;BRAK;BRAK;FAŁSZ;5;5;BRAK;BRAK;BRAK;BRAK;BRAK;BRAK;BRAK;BRAK;BRAK;BRAK;;;;;;;FAŁSZ
Blaszka funkcja 4 Silden;BRAK;BRAK;FAŁSZ;Przypinana do pasa. Symbol pełnionej roli w milicji.;ITEM_CAT_PAGON1;-;PagonSlot1;Accessory;AdminAccessory;pagony1;FAŁSZ;;-;ITAC_GS_PAGON1_04B;0,1;0;Gamemaster;FAŁSZ;BRAK;BRAK;BRAK;BRAK;BRAK;BRAK;BRAK;BRAK;BRAK;BRAK;BRAK;BRAK;BRAK;BRAK;BRAK;BRAK;FAŁSZ;BRAK;BRAK;BRAK;;BRAK;BRAK;FAŁSZ;5;5;BRAK;BRAK;BRAK;BRAK;BRAK;BRAK;BRAK;BRAK;BRAK;BRAK;;;;;;;FAŁSZ
Blaszka funkcja 5 Geldern;BRAK;BRAK;FAŁSZ;Przypinana do pasa. Symbol pełnionej roli w straży.;ITEM_CAT_PAGON1;-;PagonSlot1;Accessory;AdminAccessory;pagony1;FAŁSZ;;-;ITAC_GS_PAGON1_05A;0,1;0;Gamemaster;FAŁSZ;BRAK;BRAK;BRAK;BRAK;BRAK;BRAK;BRAK;BRAK;BRAK;BRAK;BRAK;BRAK;BRAK;BRAK;BRAK;BRAK;FAŁSZ;BRAK;BRAK;BRAK;;BRAK;BRAK;FAŁSZ;5;5;BRAK;BRAK;BRAK;BRAK;BRAK;BRAK;BRAK;BRAK;BRAK;BRAK;;;;;;;FAŁSZ
Blaszka funkcja 5 Silden;BRAK;BRAK;FAŁSZ;Przypinana do pasa. Symbol pełnionej roli w milicji.;ITEM_CAT_PAGON1;-;PagonSlot1;Accessory;AdminAccessory;pagony1;FAŁSZ;;-;ITAC_GS_PAGON1_05B;0,1;0;Gamemaster;FAŁSZ;BRAK;BRAK;BRAK;BRAK;BRAK;BRAK;BRAK;BRAK;BRAK;BRAK;BRAK;BRAK;BRAK;BRAK;BRAK;BRAK;FAŁSZ;BRAK;BRAK;BRAK;;BRAK;BRAK;FAŁSZ;5;5;BRAK;BRAK;BRAK;BRAK;BRAK;BRAK;BRAK;BRAK;BRAK;BRAK;;;;;;;FAŁSZ
Blaszka funkcja 6 Geldern;BRAK;BRAK;FAŁSZ;Przypinana do pasa. Symbol pełnionej roli w straży.;ITEM_CAT_PAGON1;-;PagonSlot1;Accessory;AdminAccessory;pagony1;FAŁSZ;;-;ITAC_GS_PAGON1_06A;0,1;0;Gamemaster;FAŁSZ;BRAK;BRAK;BRAK;BRAK;BRAK;BRAK;BRAK;BRAK;BRAK;BRAK;BRAK;BRAK;BRAK;BRAK;BRAK;BRAK;FAŁSZ;BRAK;BRAK;BRAK;;BRAK;BRAK;FAŁSZ;5;5;BRAK;BRAK;BRAK;BRAK;BRAK;BRAK;BRAK;BRAK;BRAK;BRAK;;;;;;;FAŁSZ
Blaszka funkcja 6 Silden;BRAK;BRAK;FAŁSZ;Przypinana do pasa. Symbol pełnionej roli w milicji.;ITEM_CAT_PAGON1;-;PagonSlot1;Accessory;AdminAccessory;pagony1;FAŁSZ;;-;ITAC_GS_PAGON1_06B;0,1;0;Gamemaster;FAŁSZ;BRAK;BRAK;BRAK;BRAK;BRAK;BRAK;BRAK;BRAK;BRAK;BRAK;BRAK;BRAK;BRAK;BRAK;BRAK;BRAK;FAŁSZ;BRAK;BRAK;BRAK;;BRAK;BRAK;FAŁSZ;5;5;BRAK;BRAK;BRAK;BRAK;BRAK;BRAK;BRAK;BRAK;BRAK;BRAK;;;;;;;FAŁSZ
Blaszka funkcja 7 Geldern;BRAK;BRAK;FAŁSZ;Przypinana do pasa. Symbol pełnionej roli w straży.;ITEM_CAT_PAGON1;-;PagonSlot1;Accessory;AdminAccessory;pagony1;FAŁSZ;;-;ITAC_GS_PAGON1_07A;0,1;0;Gamemaster;FAŁSZ;BRAK;BRAK;BRAK;BRAK;BRAK;BRAK;BRAK;BRAK;BRAK;BRAK;BRAK;BRAK;BRAK;BRAK;BRAK;BRAK;FAŁSZ;BRAK;BRAK;BRAK;;BRAK;BRAK;FAŁSZ;5;5;BRAK;BRAK;BRAK;BRAK;BRAK;BRAK;BRAK;BRAK;BRAK;BRAK;;;;;;;FAŁSZ
Blaszka funkcja 7 Silden;BRAK;BRAK;FAŁSZ;Przypinana do pasa. Symbol pełnionej roli w milicji.;ITEM_CAT_PAGON1;-;PagonSlot1;Accessory;AdminAccessory;pagony1;FAŁSZ;;-;ITAC_GS_PAGON1_07B;0,1;0;Gamemaster;FAŁSZ;BRAK;BRAK;BRAK;BRAK;BRAK;BRAK;BRAK;BRAK;BRAK;BRAK;BRAK;BRAK;BRAK;BRAK;BRAK;BRAK;FAŁSZ;BRAK;BRAK;BRAK;;BRAK;BRAK;FAŁSZ;5;5;BRAK;BRAK;BRAK;BRAK;BRAK;BRAK;BRAK;BRAK;BRAK;BRAK;;;;;;;FAŁSZ
Blaszka funkcja 8 Geldern;BRAK;BRAK;FAŁSZ;Przypinana do pasa. Symbol pełnionej roli w straży.;ITEM_CAT_PAGON1;-;PagonSlot1;Accessory;AdminAccessory;pagony1;FAŁSZ;;-;ITAC_GS_PAGON1_08A;0,1;0;Gamemaster;FAŁSZ;BRAK;BRAK;BRAK;BRAK;BRAK;BRAK;BRAK;BRAK;BRAK;BRAK;BRAK;BRAK;BRAK;BRAK;BRAK;BRAK;FAŁSZ;BRAK;BRAK;BRAK;;BRAK;BRAK;FAŁSZ;5;5;BRAK;BRAK;BRAK;BRAK;BRAK;BRAK;BRAK;BRAK;BRAK;BRAK;;;;;;;FAŁSZ
Blaszka funkcja 8 Silden;BRAK;BRAK;FAŁSZ;Przypinana do pasa. Symbol pełnionej roli w milicji.;ITEM_CAT_PAGON1;-;PagonSlot1;Accessory;AdminAccessory;pagony1;FAŁSZ;;-;ITAC_GS_PAGON1_08B;0,1;0;Gamemaster;FAŁSZ;BRAK;BRAK;BRAK;BRAK;BRAK;BRAK;BRAK;BRAK;BRAK;BRAK;BRAK;BRAK;BRAK;BRAK;BRAK;BRAK;FAŁSZ;BRAK;BRAK;BRAK;;BRAK;BRAK;FAŁSZ;5;5;BRAK;BRAK;BRAK;BRAK;BRAK;BRAK;BRAK;BRAK;BRAK;BRAK;;;;;;;FAŁSZ
Blaszka funkcja 9 Geldern;BRAK;BRAK;FAŁSZ;Przypinana do pasa. Symbol pełnionej roli w straży.;ITEM_CAT_PAGON1;-;PagonSlot1;Accessory;AdminAccessory;pagony1;FAŁSZ;;-;ITAC_GS_PAGON1_09A;0,1;0;Gamemaster;FAŁSZ;BRAK;BRAK;BRAK;BRAK;BRAK;BRAK;BRAK;BRAK;BRAK;BRAK;BRAK;BRAK;BRAK;BRAK;BRAK;BRAK;FAŁSZ;BRAK;BRAK;BRAK;;BRAK;BRAK;FAŁSZ;5;5;BRAK;BRAK;BRAK;BRAK;BRAK;BRAK;BRAK;BRAK;BRAK;BRAK;;;;;;;FAŁSZ
Blaszka funkcja 9 Silden;BRAK;BRAK;FAŁSZ;Przypinana do pasa. Symbol pełnionej roli w milicji.;ITEM_CAT_PAGON1;-;PagonSlot1;Accessory;AdminAccessory;pagony1;FAŁSZ;;-;ITAC_GS_PAGON1_09B;0,1;0;Gamemaster;FAŁSZ;BRAK;BRAK;BRAK;BRAK;BRAK;BRAK;BRAK;BRAK;BRAK;BRAK;BRAK;BRAK;BRAK;BRAK;BRAK;BRAK;FAŁSZ;BRAK;BRAK;BRAK;;BRAK;BRAK;FAŁSZ;5;5;BRAK;BRAK;BRAK;BRAK;BRAK;BRAK;BRAK;BRAK;BRAK;BRAK;;;;;;;FAŁSZ
Nóż Sołtysa;BRAK;BRAK;FAŁSZ;Przypinana do pasa. Symbol pełnionej roli w milicji.;ITEM_CAT_PAGON1;-;PagonSlot1;Accessory;AdminAccessory;pagony1;FAŁSZ;;-;ITAC_GS_PAGON1_10;0,1;0;Gamemaster;FAŁSZ;BRAK;BRAK;BRAK;BRAK;BRAK;BRAK;BRAK;BRAK;BRAK;BRAK;BRAK;BRAK;BRAK;BRAK;BRAK;BRAK;FAŁSZ;BRAK;BRAK;BRAK;;BRAK;BRAK;FAŁSZ;5;5;BRAK;BRAK;BRAK;BRAK;BRAK;BRAK;BRAK;BRAK;BRAK;BRAK;;;;;;;FAŁSZ
Blaszka ranga 1 Geldern;BRAK;BRAK;FAŁSZ;Przypinana do pasa. Symbol stopnia w straży.;ITEM_CAT_PAGON2;-;PagonSlot2;Accessory;AdminAccessory;pagony2;FAŁSZ;;-;ITAC_GS_PAGON2_01A;0,1;0;Gamemaster;FAŁSZ;BRAK;BRAK;BRAK;BRAK;BRAK;BRAK;BRAK;BRAK;BRAK;BRAK;BRAK;BRAK;BRAK;BRAK;BRAK;BRAK;FAŁSZ;BRAK;BRAK;BRAK;;BRAK;BRAK;FAŁSZ;5;5;BRAK;BRAK;BRAK;BRAK;BRAK;BRAK;BRAK;BRAK;BRAK;BRAK;;;;;;;FAŁSZ
Blaszka ranga 1 Silden;BRAK;BRAK;FAŁSZ;Przypinana do pasa. Symbol stopnia w milicji.;ITEM_CAT_PAGON2;-;PagonSlot2;Accessory;AdminAccessory;pagony2;FAŁSZ;;-;ITAC_GS_PAGON2_01B;0,1;0;Gamemaster;FAŁSZ;BRAK;BRAK;BRAK;BRAK;BRAK;BRAK;BRAK;BRAK;BRAK;BRAK;BRAK;BRAK;BRAK;BRAK;BRAK;BRAK;FAŁSZ;BRAK;BRAK;BRAK;;BRAK;BRAK;FAŁSZ;5;5;BRAK;BRAK;BRAK;BRAK;BRAK;BRAK;BRAK;BRAK;BRAK;BRAK;;;;;;;FAŁSZ
Blaszka ranga 2 Geldern;BRAK;BRAK;FAŁSZ;Przypinana do pasa. Symbol stopnia w straży.;ITEM_CAT_PAGON2;-;PagonSlot2;Accessory;AdminAccessory;pagony2;FAŁSZ;;-;ITAC_GS_PAGON2_02A;0,1;0;Gamemaster;FAŁSZ;BRAK;BRAK;BRAK;BRAK;BRAK;BRAK;BRAK;BRAK;BRAK;BRAK;BRAK;BRAK;BRAK;BRAK;BRAK;BRAK;FAŁSZ;BRAK;BRAK;BRAK;;BRAK;BRAK;FAŁSZ;5;5;BRAK;BRAK;BRAK;BRAK;BRAK;BRAK;BRAK;BRAK;BRAK;BRAK;;;;;;;FAŁSZ
Blaszka ranga 2 Silden;BRAK;BRAK;FAŁSZ;Przypinana do pasa. Symbol stopnia w milicji.;ITEM_CAT_PAGON2;-;PagonSlot2;Accessory;AdminAccessory;pagony2;FAŁSZ;;-;ITAC_GS_PAGON2_02B;0,1;0;Gamemaster;FAŁSZ;BRAK;BRAK;BRAK;BRAK;BRAK;BRAK;BRAK;BRAK;BRAK;BRAK;BRAK;BRAK;BRAK;BRAK;BRAK;BRAK;FAŁSZ;BRAK;BRAK;BRAK;;BRAK;BRAK;FAŁSZ;5;5;BRAK;BRAK;BRAK;BRAK;BRAK;BRAK;BRAK;BRAK;BRAK;BRAK;;;;;;;FAŁSZ
Blaszka ranga 3 Geldern;BRAK;BRAK;FAŁSZ;Przypinana do pasa. Symbol stopnia w straży.;ITEM_CAT_PAGON2;-;PagonSlot2;Accessory;AdminAccessory;pagony2;FAŁSZ;;-;ITAC_GS_PAGON2_03A;0,1;0;Gamemaster;FAŁSZ;BRAK;BRAK;BRAK;BRAK;BRAK;BRAK;BRAK;BRAK;BRAK;BRAK;BRAK;BRAK;BRAK;BRAK;BRAK;BRAK;FAŁSZ;BRAK;BRAK;BRAK;;BRAK;BRAK;FAŁSZ;5;5;BRAK;BRAK;BRAK;BRAK;BRAK;BRAK;BRAK;BRAK;BRAK;BRAK;;;;;;;FAŁSZ
Blaszka ranga 3 Silden;BRAK;BRAK;FAŁSZ;Przypinana do pasa. Symbol stopnia w milicji.;ITEM_CAT_PAGON2;-;PagonSlot2;Accessory;AdminAccessory;pagony2;FAŁSZ;;-;ITAC_GS_PAGON2_03B;0,1;0;Gamemaster;FAŁSZ;BRAK;BRAK;BRAK;BRAK;BRAK;BRAK;BRAK;BRAK;BRAK;BRAK;BRAK;BRAK;BRAK;BRAK;BRAK;BRAK;FAŁSZ;BRAK;BRAK;BRAK;;BRAK;BRAK;FAŁSZ;5;5;BRAK;BRAK;BRAK;BRAK;BRAK;BRAK;BRAK;BRAK;BRAK;BRAK;;;;;;;FAŁSZ
Miecznik;100,00;100,00;FAŁSZ;Miecznik;ITEM_CAT_NONE;-;Materials;Materials;AdminMaterials;materials;FAŁSZ;itfo_SDRP_food_28;-;ITMI_GS_MAT_232;4;0;Gamemaster;FAŁSZ;BRAK;BRAK;BRAK;BRAK;BRAK;BRAK;BRAK;BRAK;BRAK;BRAK;BRAK;BRAK;BRAK;BRAK;BRAK;BRAK;FAŁSZ;BRAK;BRAK;BRAK;;BRAK;BRAK;FAŁSZ;5;5;BRAK;BRAK;BRAK;BRAK;BRAK;BRAK;BRAK;BRAK;BRAK;BRAK;;;;NIE;TAK;TAK;FAŁSZ
Orkowa blacha;250,00;250,00;PRAWDA;Orkowa blacha;ITEM_CAT_NONE;-;Materials;Materials;AdminMaterials;materials;PRAWDA;ITCR_GS_Rblacha;-;ITMI_GS_MAT_233;2;0;Gamemaster;FAŁSZ;BRAK;BRAK;BRAK;BRAK;BRAK;BRAK;BRAK;BRAK;BRAK;BRAK;BRAK;BRAK;BRAK;BRAK;BRAK;BRAK;FAŁSZ;BRAK;BRAK;BRAK;;BRAK;BRAK;FAŁSZ;5;5;BRAK;BRAK;BRAK;BRAK;BRAK;BRAK;BRAK;BRAK;BRAK;BRAK;;;;NIE;TAK;TAK;FAŁSZ
Woda;0,20;0,20;PRAWDA;Woda;ITEM_CAT_FOOD;ITEM_FLAG_DRINK;Consumable;Food;AdminFood;consumable;PRAWDA;ITCR_SDRP_INGR_26;-;ITFO_GS_70;0,5;0;Gamemaster;FAŁSZ;1;0;0;0;0;0;0;BRAK;BRAK;BRAK;BRAK;BRAK;BRAK;BRAK;BRAK;BRAK;FAŁSZ;BRAK;BRAK;BRAK;;BRAK;BRAK;FAŁSZ;5;5;BRAK;BRAK;BRAK;BRAK;BRAK;BRAK;BRAK;BRAK;BRAK;BRAK;Kucharz;Garnek;ITDR_WATER.3ds;TAK;TAK;TAK;FAŁSZ
Wytrych;#N/D;#N/D;FAŁSZ;Wytrych;ITEM_CAT_NONE;-;Materials;Materials;AdminMaterials;materials;PRAWDA;ITKE_LOCKPICK;-;ITMI_GS_MAT_234;0,15;0;Gamemaster;FAŁSZ;BRAK;BRAK;BRAK;BRAK;BRAK;BRAK;BRAK;BRAK;BRAK;BRAK;BRAK;BRAK;BRAK;BRAK;BRAK;BRAK;FAŁSZ;BRAK;BRAK;BRAK;;BRAK;BRAK;FAŁSZ;5;5;BRAK;BRAK;BRAK;BRAK;BRAK;BRAK;BRAK;BRAK;BRAK;BRAK;;;;NIE;TAK;TAK;FAŁSZ
Rtęć;10,00;10,00;FAŁSZ;Rtęć;ITEM_CAT_NONE;-;Materials;Materials;AdminMaterials;materials;PRAWDA;ITCR_SDRP_INGR_17;-;ITMI_GS_MAT_235;1;0;Gamemaster;FAŁSZ;BRAK;BRAK;BRAK;BRAK;BRAK;BRAK;BRAK;BRAK;BRAK;BRAK;BRAK;BRAK;BRAK;BRAK;BRAK;BRAK;FAŁSZ;BRAK;BRAK;BRAK;;BRAK;BRAK;FAŁSZ;5;5;BRAK;BRAK;BRAK;BRAK;BRAK;BRAK;BRAK;BRAK;BRAK;BRAK;;;;NIE;TAK;TAK;FAŁSZ
Smoła;25,00;25,00;FAŁSZ;Smoła;ITEM_CAT_NONE;-;Materials;Materials;AdminMaterials;materials;PRAWDA;ITMI_PITCH;-;ITMI_GS_MAT_236;1;0;Gamemaster;FAŁSZ;BRAK;BRAK;BRAK;BRAK;BRAK;BRAK;BRAK;BRAK;BRAK;BRAK;BRAK;BRAK;BRAK;BRAK;BRAK;BRAK;FAŁSZ;BRAK;BRAK;BRAK;;BRAK;BRAK;FAŁSZ;5;5;BRAK;BRAK;BRAK;BRAK;BRAK;BRAK;BRAK;BRAK;BRAK;BRAK;;;;NIE;TAK;TAK;FAŁSZ
Olej syraniczny;12,00;12,00;FAŁSZ;Olej syraniczny;ITEM_CAT_NONE;-;Materials;Materials;AdminMaterials;materials;PRAWDA;ITCR_SDRP_MED_11;-;ITMI_GS_MAT_237;1;0;Gamemaster;FAŁSZ;BRAK;BRAK;BRAK;BRAK;BRAK;BRAK;BRAK;BRAK;BRAK;BRAK;BRAK;BRAK;BRAK;BRAK;BRAK;BRAK;FAŁSZ;BRAK;BRAK;BRAK;;BRAK;BRAK;FAŁSZ;5;5;BRAK;BRAK;BRAK;BRAK;BRAK;BRAK;BRAK;BRAK;BRAK;BRAK;;;;NIE;TAK;TAK;FAŁSZ
Pióro harpii;15,00;15,00;FAŁSZ;Pióro harpii;ITEM_CAT_NONE;-;Materials;Materials;AdminMaterials;materials;PRAWDA;ITCR_SDRP_DROP_20;-;ITMI_GS_MAT_238;1;0;Gamemaster;FAŁSZ;BRAK;BRAK;BRAK;BRAK;BRAK;BRAK;BRAK;BRAK;BRAK;BRAK;BRAK;BRAK;BRAK;BRAK;BRAK;BRAK;FAŁSZ;BRAK;BRAK;BRAK;;BRAK;BRAK;FAŁSZ;5;5;BRAK;BRAK;BRAK;BRAK;BRAK;BRAK;BRAK;BRAK;BRAK;BRAK;;;;NIE;TAK;TAK;FAŁSZ
Cynamon;10,00;10,00;FAŁSZ;Cynamon;ITEM_CAT_NONE;-;Materials;Materials;AdminMaterials;materials;PRAWDA;Itcr_Cinnamon;-;ITMI_GS_MAT_239;1;0;Gamemaster;FAŁSZ;BRAK;BRAK;BRAK;BRAK;BRAK;BRAK;BRAK;BRAK;BRAK;BRAK;BRAK;BRAK;BRAK;BRAK;BRAK;BRAK;FAŁSZ;BRAK;BRAK;BRAK;;BRAK;BRAK;FAŁSZ;5;5;BRAK;BRAK;BRAK;BRAK;BRAK;BRAK;BRAK;BRAK;BRAK;BRAK;;;;NIE;TAK;TAK;FAŁSZ
Ziarna czerwonego pieprzu;10,00;10,00;FAŁSZ;Ziarna czerwonego pieprzu;ITEM_CAT_NONE;-;Materials;Materials;AdminMaterials;materials;PRAWDA;ITFO_ADDON_PFEFFER_01;-;ITMI_GS_MAT_240;1;0;Gamemaster;FAŁSZ;BRAK;BRAK;BRAK;BRAK;BRAK;BRAK;BRAK;BRAK;BRAK;BRAK;BRAK;BRAK;BRAK;BRAK;BRAK;BRAK;FAŁSZ;BRAK;BRAK;BRAK;;BRAK;BRAK;FAŁSZ;5;5;BRAK;BRAK;BRAK;BRAK;BRAK;BRAK;BRAK;BRAK;BRAK;BRAK;;;;NIE;TAK;TAK;FAŁSZ
Lutnia;200,00;200,00;FAŁSZ;Lutnia;ITEM_CAT_NONE;-;Common;Common;AdminCommon;common;PRAWDA;itmw_SDRP_2h_oth_09;-;ITMI_GS_COM_27;1;0;Gamemaster;FAŁSZ;BRAK;BRAK;BRAK;BRAK;BRAK;BRAK;BRAK;BRAK;BRAK;BRAK;BRAK;BRAK;BRAK;BRAK;BRAK;BRAK;FAŁSZ;BRAK;BRAK;BRAK;;BRAK;BRAK;FAŁSZ;5;5;BRAK;BRAK;BRAK;BRAK;BRAK;BRAK;BRAK;BRAK;BRAK;BRAK;;;;NIE;NIE;NIE;FAŁSZ
Fajka;300,00;300,00;FAŁSZ;Fajka;ITEM_CAT_ACSR2;-;AccessorySlot2;Accessory;AdminAccessory;acsr2;FAŁSZ;ITUS_SDRP_ACS_20;-;ITAC_GS_ACSR2_03;0,1;0;Gamemaster;FAŁSZ;BRAK;BRAK;BRAK;BRAK;BRAK;BRAK;BRAK;BRAK;BRAK;BRAK;BRAK;BRAK;BRAK;BRAK;BRAK;BRAK;FAŁSZ;BRAK;BRAK;BRAK;;BRAK;BRAK;FAŁSZ;5;5;BRAK;BRAK;BRAK;BRAK;BRAK;BRAK;BRAK;BRAK;BRAK;BRAK;;;;NIE;TAK;TAK;FAŁSZ
Zwykłe okulary;80,00;80,00;FAŁSZ;Zwykłe okulary;ITEM_CAT_ACSR3;-;AccessorySlot3;Accessory;AdminAccessory;acsr3;FAŁSZ;ITHE_SDRP_MASK_09;-;ITAC_GS_ACSR3_01;0,5;0;Gamemaster;FAŁSZ;BRAK;BRAK;BRAK;BRAK;BRAK;BRAK;BRAK;BRAK;BRAK;BRAK;BRAK;BRAK;BRAK;BRAK;BRAK;BRAK;FAŁSZ;BRAK;BRAK;BRAK;;BRAK;BRAK;FAŁSZ;5;5;BRAK;BRAK;BRAK;BRAK;BRAK;BRAK;BRAK;BRAK;BRAK;BRAK;;;;NIE;TAK;TAK;FAŁSZ
Srebne okulary;200,00;200,00;FAŁSZ;Srebne okulary;ITEM_CAT_ACSR3;-;AccessorySlot3;Accessory;AdminAccessory;acsr3;FAŁSZ;ITHE_SDRP_MASK_11;-;ITAC_GS_ACSR3_02;0,5;0;Gamemaster;FAŁSZ;BRAK;BRAK;BRAK;BRAK;BRAK;BRAK;BRAK;BRAK;BRAK;BRAK;BRAK;BRAK;BRAK;BRAK;BRAK;BRAK;FAŁSZ;BRAK;BRAK;BRAK;;BRAK;BRAK;FAŁSZ;5;5;BRAK;BRAK;BRAK;BRAK;BRAK;BRAK;BRAK;BRAK;BRAK;BRAK;;;;NIE;TAK;TAK;FAŁSZ
Złote okulary;300,00;300,00;FAŁSZ;Złote okulary;ITEM_CAT_ACSR3;-;AccessorySlot3;Accessory;AdminAccessory;acsr3;FAŁSZ;ITHE_SDRP_MASK_10;-;ITAC_GS_ACSR3_03;0,5;0;Gamemaster;FAŁSZ;BRAK;BRAK;BRAK;BRAK;BRAK;BRAK;BRAK;BRAK;BRAK;BRAK;BRAK;BRAK;BRAK;BRAK;BRAK;BRAK;FAŁSZ;BRAK;BRAK;BRAK;;BRAK;BRAK;FAŁSZ;5;5;BRAK;BRAK;BRAK;BRAK;BRAK;BRAK;BRAK;BRAK;BRAK;BRAK;;;;NIE;TAK;TAK;FAŁSZ
Brązowy monokl;60,00;60,00;PRAWDA;Brązowy monokl;ITEM_CAT_ACSR3;-;AccessorySlot3;Accessory;AdminAccessory;acsr3;FAŁSZ;HK_ITEM_MONOKL_GREEN;-;ITAC_GS_ACSR3_04;0,5;0;Gamemaster;FAŁSZ;BRAK;BRAK;BRAK;BRAK;BRAK;BRAK;BRAK;BRAK;BRAK;BRAK;BRAK;BRAK;BRAK;BRAK;BRAK;BRAK;FAŁSZ;BRAK;BRAK;BRAK;;BRAK;BRAK;FAŁSZ;5;5;BRAK;BRAK;BRAK;BRAK;BRAK;BRAK;BRAK;BRAK;BRAK;BRAK;;;;NIE;TAK;TAK;FAŁSZ
Srebny monokl;120,00;120,00;PRAWDA;Srebny monokl;ITEM_CAT_ACSR3;-;AccessorySlot3;Accessory;AdminAccessory;acsr3;FAŁSZ;HK_ITEM_MONOKL_SILVER;-;ITAC_GS_ACSR3_05;0,5;0;Gamemaster;FAŁSZ;BRAK;BRAK;BRAK;BRAK;BRAK;BRAK;BRAK;BRAK;BRAK;BRAK;BRAK;BRAK;BRAK;BRAK;BRAK;BRAK;FAŁSZ;BRAK;BRAK;BRAK;;BRAK;BRAK;FAŁSZ;5;5;BRAK;BRAK;BRAK;BRAK;BRAK;BRAK;BRAK;BRAK;BRAK;BRAK;;;;NIE;TAK;TAK;FAŁSZ
Czarny monokl;120,00;120,00;PRAWDA;Czarny monokl;ITEM_CAT_ACSR3;-;AccessorySlot3;Accessory;AdminAccessory;acsr3;FAŁSZ;HK_ITEM_MONOKL_BLACK;-;ITAC_GS_ACSR3_06;0,5;0;Gamemaster;FAŁSZ;BRAK;BRAK;BRAK;BRAK;BRAK;BRAK;BRAK;BRAK;BRAK;BRAK;BRAK;BRAK;BRAK;BRAK;BRAK;BRAK;FAŁSZ;BRAK;BRAK;BRAK;;BRAK;BRAK;FAŁSZ;5;5;BRAK;BRAK;BRAK;BRAK;BRAK;BRAK;BRAK;BRAK;BRAK;BRAK;;;;NIE;TAK;TAK;FAŁSZ
Złoty monkl;200,00;200,00;PRAWDA;Złoty monkl;ITEM_CAT_ACSR3;-;AccessorySlot3;Accessory;AdminAccessory;acsr3;FAŁSZ;HK_ITEM_MONOKL_GOLD;-;ITAC_GS_ACSR3_07;0,5;0;Gamemaster;FAŁSZ;BRAK;BRAK;BRAK;BRAK;BRAK;BRAK;BRAK;BRAK;BRAK;BRAK;BRAK;BRAK;BRAK;BRAK;BRAK;BRAK;FAŁSZ;BRAK;BRAK;BRAK;;BRAK;BRAK;FAŁSZ;5;5;BRAK;BRAK;BRAK;BRAK;BRAK;BRAK;BRAK;BRAK;BRAK;BRAK;;;;NIE;TAK;TAK;FAŁSZ
Skrzynka z narzędziami;250,00;250,00;FAŁSZ;Skrzynka z narzędziami;ITEM_CAT_NONE;-;Materials;Materials;AdminMaterials;materials;PRAWDA;GS_BIALAMYRTANA;-;ITMI_GS_MAT_241;1;0;Gamemaster;FAŁSZ;BRAK;BRAK;BRAK;BRAK;BRAK;BRAK;BRAK;BRAK;BRAK;BRAK;BRAK;BRAK;BRAK;BRAK;BRAK;BRAK;FAŁSZ;BRAK;BRAK;BRAK;;BRAK;BRAK;FAŁSZ;5;5;BRAK;BRAK;BRAK;BRAK;BRAK;BRAK;BRAK;BRAK;BRAK;BRAK;;;;NIE;TAK;TAK;FAŁSZ
Pierścień;150,00;150,00;FAŁSZ; Pierścień;ITEM_CAT_NONE;-;Materials;Materials;AdminMaterials;materials;FAŁSZ;ITMI_SILVERRING;-;ITMI_GS_MAT_242;0,1;0;Gamemaster;FAŁSZ;BRAK;BRAK;BRAK;BRAK;BRAK;BRAK;BRAK;BRAK;BRAK;BRAK;BRAK;BRAK;BRAK;BRAK;BRAK;BRAK;FAŁSZ;BRAK;BRAK;BRAK;;BRAK;BRAK;FAŁSZ;5;5;BRAK;BRAK;BRAK;BRAK;BRAK;BRAK;BRAK;BRAK;BRAK;BRAK;;;;NIE;TAK;TAK;FAŁSZ
Amulet;300,00;300,00;FAŁSZ; Amulet;ITEM_CAT_NONE;-;Materials;Materials;AdminMaterials;materials;FAŁSZ;ITMI_WOOD_AMULET_02;-;ITMI_GS_MAT_243;0,1;0;Gamemaster;FAŁSZ;BRAK;BRAK;BRAK;BRAK;BRAK;BRAK;BRAK;BRAK;BRAK;BRAK;BRAK;BRAK;BRAK;BRAK;BRAK;BRAK;FAŁSZ;BRAK;BRAK;BRAK;;BRAK;BRAK;FAŁSZ;5;5;BRAK;BRAK;BRAK;BRAK;BRAK;BRAK;BRAK;BRAK;BRAK;BRAK;;;;NIE;TAK;TAK;FAŁSZ
Włókno z serca czarnego trolla;150,00;150,00;FAŁSZ;Włókno z serca czarnego trolla;ITEM_CAT_NONE;-;Materials;Materials;AdminMaterials;materials;PRAWDA;WZMOCNIONA_CIECIWA;-;ITMI_GS_MAT_244;1;0;Gamemaster;FAŁSZ;BRAK;BRAK;BRAK;BRAK;BRAK;BRAK;BRAK;BRAK;BRAK;BRAK;BRAK;BRAK;BRAK;BRAK;BRAK;BRAK;FAŁSZ;BRAK;BRAK;BRAK;;BRAK;BRAK;FAŁSZ;5;5;BRAK;BRAK;BRAK;BRAK;BRAK;BRAK;BRAK;BRAK;BRAK;BRAK;;;;NIE;TAK;TAK;FAŁSZ
Skóra czarnego trolla;500,00;500,00;FAŁSZ;Skóra czarnego trolla;ITEM_CAT_NONE;-;Materials;Materials;AdminMaterials;materials;PRAWDA;ITAT_TROLLBLACKFUR;-;ITMI_GS_MAT_245;1;0;Gamemaster;FAŁSZ;BRAK;BRAK;BRAK;BRAK;BRAK;BRAK;BRAK;BRAK;BRAK;BRAK;BRAK;BRAK;BRAK;BRAK;BRAK;BRAK;FAŁSZ;BRAK;BRAK;BRAK;;BRAK;BRAK;FAŁSZ;5;5;BRAK;BRAK;BRAK;BRAK;BRAK;BRAK;BRAK;BRAK;BRAK;BRAK;;;;NIE;TAK;TAK;FAŁSZ
Bryłka magicznej rudy;100,00;100,00;FAŁSZ;Bryłka magicznej rudy;ITEM_CAT_NONE;-;Materials;Materials;AdminMaterials;materials;PRAWDA;ITMI_NUGGET;-;ITMI_GS_MAT_246;1;0;Gamemaster;FAŁSZ;BRAK;BRAK;BRAK;BRAK;BRAK;BRAK;BRAK;BRAK;BRAK;BRAK;BRAK;BRAK;BRAK;BRAK;BRAK;BRAK;FAŁSZ;BRAK;BRAK;BRAK;;BRAK;BRAK;FAŁSZ;5;5;BRAK;BRAK;BRAK;BRAK;BRAK;BRAK;BRAK;BRAK;BRAK;BRAK;;;;NIE;TAK;TAK;FAŁSZ
Czarna ruda;250,00;250,00;FAŁSZ;Czarna ruda;ITEM_CAT_NONE;-;Materials;Materials;AdminMaterials;materials;PRAWDA;ITMI_ZEITSPALT_ADDON;-;ITMI_GS_MAT_247;1;0;Gamemaster;FAŁSZ;BRAK;BRAK;BRAK;BRAK;BRAK;BRAK;BRAK;BRAK;BRAK;BRAK;BRAK;BRAK;BRAK;BRAK;BRAK;BRAK;FAŁSZ;BRAK;BRAK;BRAK;;BRAK;BRAK;FAŁSZ;5;5;BRAK;BRAK;BRAK;BRAK;BRAK;BRAK;BRAK;BRAK;BRAK;BRAK;;;;NIE;TAK;TAK;FAŁSZ
